name	is_dna_binding	is_greekc_dbtf	cluster_id
ADNP	1	1	1
ADNP2	1	1	1
AEBP1	1	1	1
AEBP2	1	0	1
AFF1	0	0	1
AFF2	0	0	3
AFF3	1	0	1
AFF4	0	0	1
AHCTF1	1	0	2
AHR	1	1	2
AHRR	0	1	1
AIRE	1	0	1
AKNA	1	0	1
ALX1	1	1	2
ALX3	1	1	2
ALX4	1	1	2
ANKZF1	0	0	1
AP5Z1	0	0	1
AR	1	1	2
ARGFX	1	1	2
ARHGAP35	1	0	1
ARID1A	1	0	1
ARID1B	1	0	1
ARID2	1	0	1
ARID3A	1	0	1
ARID3B	1	0	1
ARID3C	1	0	1
ARID4A	1	0	1
ARID4B	1	0	1
ARID5A	1	0	1
ARID5B	1	0	1
ARNT	1	1	2
ARNT2	1	1	2
ARNTL	1	1	2
ARNTL2	1	1	2
ARX	1	1	2
ASCL1	1	1	2
ASCL2	1	1	2
ASCL3	1	1	2
ASCL4	1	1	2
ASCL5	1	1	2
ASH1L	1	0	1
ASH2L	1	0	1
ATF1	1	1	2
ATF2	1	1	2
ATF3	1	1	2
ATF4	1	1	2
ATF5	1	1	2
ATF6	1	1	2
ATF6B	1	1	2
ATF7	1	1	1
ATOH1	1	1	2
ATOH7	1	1	2
ATOH8	1	1	2
ATRX	1	0	1
ATXN7	0	0	1
BACH1	1	1	2
BACH2	1	1	2
BARHL1	1	1	2
BARHL2	1	1	2
BARX1	1	1	2
BARX2	1	1	2
BATF	1	1	2
BATF2	1	1	2
BATF3	1	1	2
BBX	1	1	2
BCL11A	0	1	1
BCL11B	0	1	1
BCL3	0	0	1
BCL6	1	1	1
BCL6B	1	1	1
BCLAF1	1	0	1
BHLHA15	1	1	2
BHLHA9	1	1	2
BHLHB9	0	0	1
BHLHE22	0	1	2
BHLHE23	1	1	2
BHLHE40	1	1	2
BHLHE41	1	1	2
BMP2	0	0	1
BNC1	1	1	1
BNC2	1	1	1
BOLA1	0	0	1
BOLA2	0	0	1
BOLA3	0	0	1
BPTF	0	0	1
BRCA1	1	0	1
BSX	1	1	2
C20orf194	0	0	1
CAMTA1	1	0	2
CAMTA2	1	0	2
CARHSP1	0	0	1
CASZ1	1	1	1
CBFB	1	0	1
CCDC79	0	0	3
CDC5L	1	1	1
CDX1	1	1	2
CDX2	1	1	2
CDX4	1	1	2
CEBPA	1	1	2
CEBPB	1	1	2
CEBPD	1	1	2
CEBPE	1	1	2
CEBPG	1	1	2
CEBPZ	0	0	1
CENPT	1	0	1
CERS3	1	0	1
CERS6	1	0	1
CHAMP1	0	0	1
CIC	1	1	1
CIZ1	0	0	1
CLOCK	1	1	2
CNOT4	0	0	1
CPXCR1	0	0	1
CRAMP1	1	0	1
CREB1	1	1	2
CREB3	1	1	2
CREB3L1	1	1	2
CREB3L2	1	1	2
CREB3L3	1	1	2
CREB3L4	1	1	2
CREB5	1	1	1
CREBBP	0	0	1
CREBL2	1	1	2
CREBRF	0	1	1
CREBZF	1	1	2
CREM	1	1	2
CRX	1	1	2
CSRNP1	1	1	2
CSRNP2	1	1	2
CSRNP3	1	1	2
CTCF	1	1	1
CTCFL	1	1	1
CUX1	1	1	2
CUX2	1	1	2
CXXC1	1	0	1
DACH1	1	1	2
DACH2	1	1	2
DBP	1	1	2
DBX1	1	1	2
DBX2	1	1	2
DDB2	1	0	1
DDIT3	1	1	2
DEAF1	1	1	2
DLX1	1	1	2
DLX2	1	1	2
DLX3	1	1	2
DLX4	1	1	2
DLX5	1	1	2
DLX6	1	1	2
DMAP1	0	0	1
DMBX1	1	1	2
DMRT1	1	1	2
DMRT2	1	1	1
DMRT3	1	1	2
DMRTA1	1	1	2
DMRTA2	1	1	2
DMRTB1	1	1	2
DMRTC1	0	0	2
DMRTC1B	0	0	2
DMRTC2	1	1	2
DMTF1	1	1	2
DNAJC1	1	0	1
DNAJC2	1	0	1
DNAJC21	0	0	1
DNMT1	1	0	1
DNMT3A	1	0	1
DNMT3B	1	0	1
DNMT3L	0	0	1
DPF1	0	0	1
DPF2	0	0	1
DPF3	0	0	1
DPRX	1	1	2
DR1	1	0	1
DRAP1	1	0	1
DRGX	1	1	2
DUX4	1	1	1
DUX4L9	0	1	3
DUXA	1	1	2
E2F1	1	1	2
E2F2	1	1	2
E2F3	1	1	2
E2F4	1	1	2
E2F5	1	1	2
E2F6	1	1	2
E2F7	1	1	2
E2F8	1	1	2
E4F1	1	1	1
EBF1	1	1	2
EBF2	1	1	2
EBF3	1	1	2
EBF4	1	1	2
EGR1	1	1	1
EGR2	1	1	1
EGR3	1	1	1
EGR4	1	1	1
EHF	1	1	2
ELF1	1	1	2
ELF2	1	1	2
ELF3	1	1	2
ELF4	1	1	2
ELF5	1	1	2
ELK1	1	1	2
ELK3	1	1	2
ELK4	1	1	2
ELMSAN1	0	0	3
EMX1	1	1	2
EMX2	1	1	2
EN1	1	1	2
EN2	1	1	2
ENO1	1	1	1
EOMES	1	1	2
EPAS1	1	1	2
ERF	1	1	2
ERG	1	1	2
ESR1	1	1	2
ESR2	1	1	2
ESRRA	1	1	2
ESRRB	1	1	2
ESRRG	1	1	2
ESX1	1	1	2
ETS1	1	1	2
ETS2	1	1	2
ETV1	1	1	2
ETV2	1	1	2
ETV3	1	1	2
ETV3L	1	1	2
ETV4	1	1	2
ETV5	1	1	2
ETV6	1	1	2
ETV7	1	1	2
EVX1	1	1	2
EVX2	1	1	2
EZH1	0	0	1
EZH2	0	0	1
FAM170A	1	0	1
FERD3L	1	1	2
FEV	1	1	2
FEZF1	1	1	1
FEZF2	1	1	1
FIGLA	1	1	2
FIZ1	0	0	1
FLI1	1	1	2
FOS	1	1	2
FOSB	1	1	2
FOSL1	1	1	2
FOSL2	1	1	2
FOXA1	1	1	2
FOXA2	1	1	2
FOXA3	1	1	2
FOXB1	1	1	2
FOXB2	1	1	2
FOXC1	1	1	2
FOXC2	1	1	2
FOXD1	1	1	2
FOXD2	1	1	2
FOXD3	1	1	2
FOXD4	1	1	2
FOXD4L1	1	1	2
FOXD4L3	1	1	2
FOXD4L4	1	1	2
FOXD4L5	1	1	2
FOXD4L6	1	1	2
FOXE1	1	1	2
FOXE3	1	1	2
FOXF1	1	1	2
FOXF2	1	1	2
FOXG1	1	1	2
FOXH1	1	1	2
FOXI1	1	1	2
FOXI2	1	1	2
FOXI3	1	1	2
FOXJ1	1	1	2
FOXJ2	1	1	2
FOXJ3	1	1	2
FOXK1	1	1	2
FOXK2	1	1	2
FOXL1	1	1	2
FOXL2	1	1	2
FOXM1	1	1	2
FOXN1	1	1	2
FOXN2	1	1	2
FOXN3	1	1	2
FOXN4	1	1	2
FOXO1	1	1	2
FOXO3	1	1	2
FOXO4	1	1	2
FOXO6	1	1	2
FOXP1	1	1	2
FOXP2	1	1	2
FOXP3	1	1	1
FOXP4	1	1	2
FOXQ1	1	1	2
FOXR1	1	1	2
FOXR2	1	1	2
FOXS1	1	1	2
FUBP1	1	0	1
FUBP3	1	0	1
GABPA	1	1	2
GABPB1	0	0	1
GABPB2	0	0	1
GATA1	1	1	2
GATA2	1	1	2
GATA3	1	1	2
GATA4	1	1	2
GATA5	1	1	2
GATA6	1	1	2
GATAD1	0	0	1
GATAD2A	0	0	1
GATAD2B	0	0	1
GBX1	1	1	2
GBX2	1	1	2
GCFC2	1	0	1
GCM1	1	1	2
GCM2	1	1	2
GFI1	1	1	1
GFI1B	1	1	1
GLI1	1	1	1
GLI2	1	1	1
GLI3	1	1	1
GLI4	1	1	1
GLIS1	1	1	1
GLIS2	1	1	1
GLIS3	1	1	1
GMEB1	1	1	1
GMEB2	1	1	1
GON4L	1	0	1
GRHL1	1	1	2
GRHL2	1	1	2
GRHL3	1	1	2
GSC	1	1	2
GSC2	1	1	2
GSX1	1	1	2
GSX2	1	1	2
GTF2I	1	1	1
GTF3A	0	0	1
GZF1	1	1	1
HAND1	1	1	2
HAND2	1	1	2
HBP1	1	1	2
HDX	1	1	2
HELT	1	1	2
HES1	1	1	2
HES2	1	1	2
HES3	1	1	2
HES4	1	1	2
HES5	1	1	2
HES6	1	1	2
HES7	1	1	2
HESX1	1	1	2
HEY1	1	1	2
HEY2	1	1	2
HEYL	1	1	2
HHEX	1	1	2
HIC1	1	1	1
HIC2	1	1	1
HIF1A	1	1	2
HIF3A	1	1	2
HINFP	1	1	1
HIVEP1	1	1	1
HIVEP2	1	1	1
HIVEP3	1	1	1
HKR1	0	0	3
HLF	1	1	2
HLTF	1	0	1
HLX	1	1	2
HMBOX1	1	0	2
HMG20A	1	0	1
HMG20B	1	0	1
HMGA1	1	0	1
HMGA2	1	0	1
HMGXB3	1	0	1
HMGXB4	1	0	1
HMX1	1	1	2
HMX2	1	1	2
HMX3	1	1	2
HNF1A	1	1	2
HNF1B	1	1	2
HNF4A	1	1	2
HNF4G	1	1	2
HNRNPK	1	0	1
HOMEZ	1	1	2
HOPX	1	0	2
HOXA1	1	1	2
HOXA10	1	1	2
HOXA11	1	1	2
HOXA13	1	1	2
HOXA2	1	1	2
HOXA3	1	1	2
HOXA4	1	1	2
HOXA5	1	1	2
HOXA6	1	1	2
HOXA7	1	1	2
HOXA9	1	1	2
HOXB1	1	1	2
HOXB13	1	1	2
HOXB2	1	1	2
HOXB3	1	1	2
HOXB4	1	1	2
HOXB5	1	1	2
HOXB6	1	1	2
HOXB7	1	1	2
HOXB8	1	1	2
HOXB9	1	1	2
HOXC10	1	1	2
HOXC11	1	1	2
HOXC12	1	1	2
HOXC13	1	1	2
HOXC4	1	1	2
HOXC5	1	1	2
HOXC6	1	1	2
HOXC8	1	1	2
HOXC9	1	1	2
HOXD1	1	1	2
HOXD10	1	1	2
HOXD11	1	1	2
HOXD12	1	1	2
HOXD13	1	1	2
HOXD3	1	1	2
HOXD4	1	1	2
HOXD8	1	1	2
HOXD9	1	1	2
HSF1	1	1	2
HSF2	1	1	2
HSF4	1	1	2
HSF5	1	1	2
HSFX1	1	1	2
HSFY1	1	1	2
HSFY2	1	0	2
ID1	0	0	1
ID2	0	0	1
ID3	0	0	1
ID4	0	0	1
IFI16	1	0	1
IKZF1	1	1	1
IKZF2	1	1	1
IKZF3	1	1	1
IKZF4	1	1	1
IKZF5	1	1	1
INSM1	1	1	1
INSM2	1	1	1
IRF1	1	1	2
IRF2	1	1	2
IRF3	1	1	2
IRF4	1	1	2
IRF5	1	1	2
IRF6	1	1	2
IRF7	1	1	2
IRF8	1	1	2
IRF9	1	1	2
IRX1	1	1	2
IRX2	1	1	2
IRX3	1	1	2
IRX4	1	1	2
IRX5	1	1	2
IRX6	1	1	2
ISL1	1	1	2
ISL2	1	1	2
ISX	1	1	2
JARID2	1	0	1
JAZF1	0	0	1
JDP2	1	1	2
JUN	1	1	2
JUNB	1	1	2
JUND	1	1	2
KAT5	0	0	1
KAT6A	1	0	1
KAT6B	1	0	1
KAT7	0	0	1
KAT8	0	0	1
KCMF1	0	0	1
KCNIP3	0	1	1
KDM2A	1	0	1
KDM5A	1	0	1
KDM5B	1	0	1
KDM5C	1	0	1
KDM5D	1	0	1
KHSRP	1	0	1
KIAA1549	0	0	1
KLF1	1	1	1
KLF10	1	1	1
KLF11	1	1	1
KLF12	1	1	1
KLF13	1	1	1
KLF14	1	1	1
KLF15	1	1	1
KLF16	1	1	1
KLF17	1	1	1
KLF2	1	1	1
KLF3	1	1	1
KLF4	1	1	1
KLF5	1	1	1
KLF6	1	1	1
KLF7	1	1	1
KLF8	1	1	1
KLF9	1	1	1
KMT2A	1	0	1
KMT2B	1	0	1
KMT2C	1	0	1
KMT2E	0	0	1
L3MBTL1	0	0	1
L3MBTL2	0	0	1
L3MBTL3	0	0	1
L3MBTL4	0	0	1
LBX1	1	1	2
LBX2	1	1	2
LCOR	1	0	1
LCORL	1	0	1
LEF1	1	1	2
LEUTX	1	1	2
LHX1	1	1	2
LHX2	1	1	2
LHX3	1	1	2
LHX4	1	1	2
LHX5	1	1	2
LHX6	1	1	2
LHX8	1	1	2
LHX9	1	1	2
LMX1A	1	1	2
LMX1B	1	1	2
LOC730110	0	0	3
LRRFIP1	1	1	1
LRRFIP2	0	0	1
LYAR	1	0	1
LYL1	1	1	2
MAEL	1	0	2
MAF	1	1	2
MAF1	0	0	1
MAFA	1	1	2
MAFB	1	1	2
MAFF	1	1	2
MAFG	1	1	2
MAFK	1	1	2
MATR3	0	0	1
MAX	1	1	2
MAZ	1	1	1
MBD1	1	0	1
MBD2	1	0	1
MBD3	1	0	1
MBD3L1	0	0	1
MBD3L2	0	0	1
MBD4	1	0	1
MBD5	1	0	1
MBD6	1	0	1
MBNL3	0	0	1
MECOM	1	1	1
MECP2	1	0	1
MEF2A	1	1	2
MEF2B	1	1	2
MEF2C	1	1	2
MEF2D	1	1	2
MEIS1	1	1	2
MEIS2	1	1	2
MEIS3	1	1	2
MEIS3P1	0	1	3
MEIS3P2	0	1	3
MEOX1	1	1	2
MEOX2	1	1	2
MESP1	1	1	2
MESP2	1	1	2
MGA	1	1	2
MIER1	1	0	1
MIER2	1	0	1
MIER3	1	0	1
MIS18BP1	1	0	1
MITF	1	1	2
MIXL1	1	1	2
MKX	1	1	2
MLLT1	1	0	1
MLLT10	1	0	1
MLLT11	0	0	1
MLLT3	1	0	1
MLLT4	0	0	3
MLLT6	0	0	1
MLX	1	1	2
MLXIP	1	1	2
MLXIPL	1	1	2
MNT	1	1	2
MNX1	1	1	2
MSC	1	1	2
MSGN1	1	1	2
MSX1	1	1	2
MSX2	1	1	2
MTA1	1	0	1
MTA2	1	0	1
MTA3	1	0	1
MTF1	1	1	1
MTF2	1	0	1
MXD1	1	1	2
MXD3	1	1	2
MXD4	1	1	2
MXI1	1	1	2
MYB	1	1	2
MYBL1	1	1	2
MYBL2	1	1	2
MYC	1	1	2
MYCL	1	1	2
MYCLP1	0	1	3
MYCN	1	1	2
MYF5	1	1	2
MYF6	1	1	2
MYNN	1	1	1
MYOD1	1	1	2
MYOG	1	1	2
MYRF	1	1	2
MYSM1	1	0	1
MYT1	1	1	2
MYT1L	1	1	2
MZF1	1	1	1
NANOG	1	1	2
NANOGNB	1	1	2
NANOGP1	0	1	3
NANOGP8	1	1	2
NCOA1	1	0	1
NCOA2	0	0	1
NCOA3	0	0	1
NCOA4	0	0	3
NCOA5	0	0	1
NCOA6	0	0	1
NCOA7	0	0	1
NCOR1	1	0	1
NCOR2	1	0	1
NEUROD1	1	1	2
NEUROD2	1	1	2
NEUROD4	1	1	2
NEUROD6	1	1	2
NEUROG1	1	1	2
NEUROG2	1	1	2
NEUROG3	1	1	2
NFAT5	1	1	2
NFATC1	1	1	2
NFATC2	1	1	2
NFATC3	1	1	2
NFATC4	1	1	2
NFE2	1	1	2
NFE2L1	1	1	2
NFE2L2	1	1	2
NFE2L3	1	1	2
NFIA	1	1	2
NFIB	1	1	2
NFIC	1	1	2
NFIL3	1	1	2
NFIX	1	1	2
NFKB1	1	1	2
NFKB2	1	1	2
NFKBIA	0	0	1
NFKBIB	0	0	1
NFKBID	0	0	1
NFKBIE	0	0	1
NFKBIL1	0	0	1
NFKBIZ	0	0	1
NFRKB	1	0	1
NFX1	1	1	1
NFXL1	0	1	2
NFYA	1	1	2
NFYB	1	1	2
NFYC	1	1	2
NHLH1	1	1	2
NHLH2	1	1	2
NKRF	1	1	1
NKX1-1	1	1	2
NKX1-2	1	1	2
NKX2-1	1	1	2
NKX2-2	1	1	2
NKX2-3	1	1	2
NKX2-4	1	1	2
NKX2-5	1	1	2
NKX2-6	1	1	2
NKX2-8	1	1	2
NKX3-1	1	1	2
NKX3-2	1	1	2
NKX6-1	1	1	2
NKX6-2	1	1	2
NKX6-3	1	1	2
NOBOX	1	1	2
NOC3L	0	0	1
NOC4L	0	0	1
NONO	1	0	1
NOTO	1	1	2
NPAS1	1	1	2
NPAS2	1	1	2
NPAS3	1	1	2
NPAS4	1	1	2
NR0B1	1	0	2
NR0B2	1	0	1
NR1D1	1	1	2
NR1D2	1	1	2
NR1H2	1	1	2
NR1H3	1	1	2
NR1H4	1	1	2
NR1I2	1	1	2
NR1I3	1	1	2
NR2C1	1	1	2
NR2C2	1	1	2
NR2E1	1	1	2
NR2E3	1	1	2
NR2F1	1	1	2
NR2F2	1	1	2
NR2F6	1	1	2
NR3C1	1	1	2
NR3C2	1	1	2
NR4A1	1	1	2
NR4A2	1	1	2
NR4A3	1	1	2
NR5A1	1	1	2
NR5A2	1	1	2
NR6A1	1	1	2
NRF1	1	1	1
NRL	1	1	2
OLIG1	1	1	2
OLIG2	1	1	2
OLIG3	1	1	2
ONECUT1	1	1	2
ONECUT2	1	1	2
ONECUT3	1	1	2
OSR1	0	1	1
OSR2	0	1	1
OTP	1	1	2
OTX1	1	1	2
OTX2	1	1	2
OVOL1	1	1	1
OVOL2	1	1	1
OVOL3	0	1	1
PARP1	1	0	1
PARP12	0	0	1
PATZ1	1	1	1
PAWR	0	0	1
PAX1	1	1	2
PAX2	1	1	2
PAX3	1	1	2
PAX4	1	1	2
PAX5	1	1	2
PAX6	1	1	2
PAX7	1	1	2
PAX8	1	1	2
PAX9	1	1	2
PAXBP1	1	0	1
PBRM1	1	0	1
PBX1	1	1	2
PBX2	1	1	2
PBX3	1	1	2
PBX4	1	1	2
PCBP1	1	0	1
PCBP2	1	0	1
PCBP3	1	0	1
PCBP4	1	0	1
PCGF6	0	0	1
PDX1	1	1	2
PEG3	0	1	1
PGR	1	1	2
PHB	0	0	1
PHB2	0	0	1
PHF20	1	0	1
PHF5A	1	0	1
PHOX2A	1	1	2
PHOX2B	1	1	2
PHTF1	1	0	1
PHTF2	1	0	1
PITX1	1	1	2
PITX2	1	1	2
PITX3	1	1	2
PKNOX1	1	1	2
PKNOX2	1	1	2
PLAG1	1	1	1
PLAGL1	1	1	1
PLAGL2	1	1	1
PLEK	0	0	1
POGZ	1	0	1
POU1F1	1	1	2
POU2AF1	1	0	1
POU2F1	1	1	2
POU2F2	1	1	2
POU2F3	1	1	2
POU3F1	1	1	2
POU3F2	1	1	2
POU3F3	1	1	2
POU3F4	1	1	2
POU4F1	1	1	2
POU4F2	1	1	2
POU4F3	1	1	2
POU5F1	1	1	2
POU5F1B	1	1	2
POU5F2	1	1	2
POU6F1	1	1	1
POU6F2	1	1	2
PPARA	1	1	2
PPARD	1	1	2
PPARG	1	1	2
PPP1R13L	0	0	1
PRDM1	1	1	1
PRDM10	1	0	1
PRDM11	0	0	1
PRDM12	1	1	1
PRDM13	1	0	1
PRDM14	1	1	1
PRDM15	1	1	1
PRDM16	1	1	1
PRDM2	1	1	1
PRDM4	1	1	1
PRDM5	1	1	1
PRDM6	0	0	1
PRDM7	0	0	1
PRDM8	1	0	1
PRDM9	1	0	1
PREB	1	0	1
PROP1	1	1	2
PROX1	1	1	2
PROX2	1	1	2
PRRX1	1	1	2
PRRX2	1	1	2
PSPC1	0	0	1
PTF1A	1	1	2
PURA	1	1	1
PURB	1	1	1
PURG	1	1	1
RARA	1	1	2
RARB	1	1	2
RARG	1	1	2
RAX	1	1	2
RAX2	1	1	2
RBAK	0	1	1
RBM22	0	0	1
RBPJ	1	1	2
RBPJL	1	1	2
RC3H1	0	0	1
RC3H2	1	0	1
RCOR1	1	0	1
RCOR2	1	0	1
RCOR3	1	0	1
REL	1	1	2
RELA	1	1	2
RELB	1	1	2
RERE	1	0	1
REST	1	1	1
RFX1	1	1	2
RFX2	1	1	2
RFX3	1	1	2
RFX4	1	1	2
RFX5	1	1	2
RFX6	1	1	2
RFX7	1	1	2
RFX8	1	1	2
RFXANK	1	0	1
RFXAP	1	0	1
RHOXF1	1	1	2
RHOXF2	1	1	2
RHOXF2B	1	1	2
RLF	1	1	1
RORA	1	1	2
RORB	1	1	2
RORC	1	1	2
RREB1	1	1	1
RUNX1	1	1	2
RUNX1T1	1	0	1
RUNX2	1	1	2
RUNX3	1	1	2
RXRA	1	1	2
RXRB	1	1	2
RXRG	1	1	2
SALL1	1	1	1
SALL2	1	1	1
SALL3	1	1	1
SALL4	1	1	1
SATB1	1	1	2
SATB2	1	1	2
SCAPER	0	0	1
SCRT1	1	1	1
SCRT2	1	1	1
SCX	1	1	2
SEBOX	1	1	2
SETBP1	1	0	1
SFPQ	1	0	1
SHOX	1	1	2
SHOX2	1	1	2
SIM1	1	1	2
SIM2	1	1	2
SIX1	1	1	2
SIX2	1	1	2
SIX3	1	1	2
SIX4	1	1	2
SIX5	1	1	2
SIX6	1	1	2
SKI	0	1	1
SKIL	0	1	1
SKOR1	0	1	1
SKOR2	0	1	1
SLC30A9	0	0	1
SMAD1	1	1	2
SMAD2	1	1	2
SMAD3	1	1	2
SMAD4	1	1	2
SMAD5	1	1	2
SMAD6	1	0	2
SMAD7	1	0	1
SMAD9	1	1	2
SMARCA1	1	0	1
SMARCA2	1	0	1
SMARCA4	1	0	1
SMARCA5	1	0	1
SMARCAD1	1	0	1
SMARCAL1	0	0	1
SMARCB1	1	0	1
SMARCC1	1	0	1
SMARCC2	1	0	1
SMARCD1	0	0	1
SMARCD2	0	0	1
SMARCD3	0	0	1
SMARCE1	1	0	1
SNAI1	1	1	1
SNAI2	1	1	1
SNAI3	1	1	1
SNAPC4	1	0	1
SOHLH1	1	1	2
SOHLH2	1	1	2
SOX1	1	1	2
SOX10	1	1	2
SOX11	1	1	2
SOX12	1	1	2
SOX13	1	1	2
SOX14	1	1	2
SOX15	1	1	2
SOX17	1	1	2
SOX18	1	1	2
SOX2	1	1	2
SOX21	1	1	2
SOX3	1	1	2
SOX30	1	1	2
SOX4	1	1	2
SOX5	1	1	2
SOX6	1	1	2
SOX7	1	1	2
SOX8	1	1	2
SOX9	1	1	2
SP1	1	1	2
SP100	1	1	1
SP110	1	1	1
SP140	1	1	1
SP140L	1	1	1
SP2	1	1	1
SP3	1	1	1
SP4	1	1	1
SP5	1	1	1
SP6	1	1	1
SP7	1	1	1
SP8	1	1	1
SP9	1	1	1
SPDEF	1	1	2
SPI1	1	1	2
SPIB	1	1	2
SPIC	1	1	2
SPZ1	1	1	1
SREBF1	1	1	2
SREBF2	1	1	2
SRF	1	1	2
SRY	1	1	2
SSRP1	1	0	1
ST18	1	1	2
STAT1	1	1	2
STAT2	1	1	2
STAT3	1	1	2
STAT4	1	1	2
STAT5A	1	1	2
STAT5B	1	1	2
STAT6	1	1	2
T	0	0	3
TADA2A	1	0	1
TADA2B	1	0	1
TAF1	1	0	1
TAL1	1	1	2
TAL2	1	1	2
TAX1BP1	0	0	1
TAX1BP3	0	0	1
TBP	1	0	1
TBPL1	1	0	1
TBPL2	1	0	1
TBR1	1	1	2
TBX1	1	1	2
TBX10	1	1	2
TBX15	1	1	2
TBX18	1	1	2
TBX19	1	1	2
TBX2	1	1	2
TBX20	1	1	2
TBX21	1	1	2
TBX22	1	1	2
TBX3	1	1	2
TBX4	1	1	2
TBX5	1	1	2
TBX6	1	1	2
TCF12	1	1	2
TCF15	1	1	2
TCF19	0	0	1
TCF20	1	0	1
TCF21	1	1	2
TCF23	0	1	2
TCF24	1	1	2
TCF25	1	0	1
TCF3	1	1	2
TCF4	1	1	2
TCF7	1	1	2
TCF7L1	1	1	2
TCF7L2	1	1	2
TCFL5	1	1	2
TEAD1	1	1	2
TEAD2	1	1	2
TEAD3	1	1	2
TEAD4	1	1	2
TEF	1	1	2
TERF1	1	0	1
TERF2	1	0	1
TET1	1	0	1
TET2	1	0	1
TET3	1	0	1
TFAM	1	0	2
TFAP2A	1	1	2
TFAP2B	1	1	2
TFAP2C	1	1	2
TFAP2D	1	1	2
TFAP2E	1	1	2
TFAP4	1	1	2
TFB1M	1	0	1
TFB2M	0	0	3
TFCP2	1	1	2
TFCP2L1	1	1	2
TFDP1	1	1	2
TFDP2	1	1	2
TFDP3	1	0	2
TFE3	1	1	2
TFEB	1	1	2
TFEC	1	1	2
TGIF1	1	1	2
TGIF2	1	1	2
TGIF2LX	1	1	2
TGIF2LY	1	1	2
THAP1	1	1	1
THAP10	1	0	1
THAP11	1	1	1
THAP12	1	0	1
THAP2	1	0	1
THAP3	1	0	1
THAP4	1	0	1
THAP5	1	0	1
THAP6	1	0	1
THAP7	1	0	1
THAP8	1	0	1
THAP9	1	0	1
THRA	1	1	2
THRB	1	1	2
TLX1	1	1	2
TLX2	1	1	2
TLX3	1	1	2
TOE1	0	0	1
TONSL	0	0	1
TOPORS	1	0	1
TOX	1	0	1
TOX2	1	0	1
TOX3	1	0	1
TOX4	1	0	1
TP53	1	1	2
TP63	1	1	2
TP73	1	1	2
TPRX1	1	1	2
TPRXL	0	0	3
TRERF1	1	0	1
TRPS1	1	1	1
TSC22D1	0	0	2
TSC22D2	0	0	2
TSC22D3	0	0	2
TSC22D4	0	0	2
TSHZ1	1	1	1
TSHZ2	1	1	1
TSHZ3	1	1	1
TTF1	1	0	1
TTF2	1	0	1
TUB	0	0	1
TWIST1	1	1	2
TWIST2	1	1	2
UBP1	1	1	2
UBTF	1	0	1
UBTFL1	1	0	1
UBTFL6	0	0	3
UNCX	1	1	2
UNK	0	0	1
UNKL	0	0	1
USF1	1	1	2
USF2	1	1	2
USF3	1	1	2
UTF1	0	0	1
VAX1	1	1	2
VAX2	1	1	2
VDR	1	1	2
VENTX	1	1	2
VEZF1	1	1	1
VSX1	1	1	2
VSX2	1	1	2
WDHD1	1	0	1
WHSC1	0	0	3
WIZ	0	1	1
WT1	1	1	1
XBP1	1	1	2
YBX1	1	0	1
YBX2	1	0	1
YBX3	1	0	1
YEATS2	0	0	1
YEATS4	0	0	1
YY1	1	1	1
YY2	1	1	1
ZBED1	1	1	1
ZBED2	1	1	1
ZBED3	1	1	1
ZBED4	1	1	1
ZBED5	1	1	1
ZBED6	1	1	2
ZBP1	1	0	1
ZBTB1	1	1	1
ZBTB10	1	1	1
ZBTB11	1	1	1
ZBTB12	1	1	1
ZBTB14	1	1	1
ZBTB16	1	1	1
ZBTB17	1	1	1
ZBTB18	1	1	1
ZBTB2	1	1	1
ZBTB20	1	1	1
ZBTB21	1	1	1
ZBTB22	1	1	1
ZBTB24	1	1	1
ZBTB25	1	1	1
ZBTB26	1	1	1
ZBTB3	1	1	1
ZBTB32	1	1	1
ZBTB33	1	1	1
ZBTB34	1	1	1
ZBTB37	1	1	1
ZBTB38	1	1	1
ZBTB39	1	1	1
ZBTB4	1	1	1
ZBTB40	1	1	1
ZBTB41	1	1	1
ZBTB42	1	1	1
ZBTB43	1	1	1
ZBTB44	1	0	1
ZBTB45	1	1	1
ZBTB46	1	1	1
ZBTB47	1	1	1
ZBTB48	1	1	1
ZBTB49	1	1	1
ZBTB5	1	1	1
ZBTB6	1	1	1
ZBTB7A	1	1	1
ZBTB7B	1	1	1
ZBTB7C	0	1	1
ZBTB8A	1	1	1
ZBTB9	1	1	1
ZC3H10	0	0	1
ZC3H11A	0	0	1
ZC3H12A	1	0	1
ZC3H12B	0	0	1
ZC3H13	0	0	1
ZC3H14	0	0	1
ZC3H15	0	0	1
ZC3H18	0	0	1
ZC3H3	1	0	1
ZC3H4	0	0	2
ZC3H6	0	0	2
ZC3H7A	0	0	1
ZC3H7B	0	0	1
ZC3H8	0	0	2
ZCCHC11	0	0	3
ZCCHC6	0	0	3
ZEB1	1	1	1
ZEB2	1	1	1
ZFAT	1	1	1
ZFHX2	1	1	1
ZFHX3	1	1	1
ZFHX4	1	1	1
ZFP1	1	1	1
ZFP14	1	1	1
ZFP2	1	1	1
ZFP28	1	1	1
ZFP3	1	1	1
ZFP30	1	1	1
ZFP36L1	1	0	1
ZFP36L2	1	0	1
ZFP37	1	1	1
ZFP41	1	1	1
ZFP42	1	1	1
ZFP57	1	1	1
ZFP62	0	1	1
ZFP64	1	0	1
ZFP69	1	1	1
ZFP69B	1	1	1
ZFP82	1	1	1
ZFP90	1	1	1
ZFP91	0	0	1
ZFP92	1	1	1
ZFPM1	1	0	1
ZFPM2	1	0	1
ZFX	1	1	1
ZFY	1	1	1
ZFYVE26	0	0	1
ZGLP1	1	1	2
ZGPAT	1	1	1
ZHX1	1	1	1
ZHX2	1	1	1
ZHX3	1	1	1
ZIC1	1	1	1
ZIC2	1	1	1
ZIC3	1	1	1
ZIC4	1	1	1
ZIC5	1	1	1
ZIK1	1	1	1
ZIM2	1	1	1
ZIM3	1	1	1
ZKSCAN1	1	1	1
ZKSCAN2	1	1	1
ZKSCAN3	1	1	1
ZKSCAN4	1	1	1
ZKSCAN5	1	1	1
ZKSCAN7	1	1	1
ZKSCAN8	1	1	1
ZMAT1	1	0	1
ZMAT2	1	0	1
ZMAT3	0	0	1
ZMAT4	1	0	1
ZMAT5	0	0	1
ZNF10	1	1	1
ZNF100	1	1	1
ZNF101	1	1	1
ZNF106	0	0	1
ZNF107	1	1	1
ZNF112	1	1	1
ZNF114	1	1	1
ZNF117	1	1	1
ZNF12	1	1	1
ZNF121	1	1	1
ZNF124	1	1	1
ZNF131	1	1	1
ZNF132	1	1	1
ZNF133	1	1	1
ZNF134	1	1	1
ZNF135	1	1	1
ZNF136	1	1	1
ZNF137P	0	1	3
ZNF138	1	1	1
ZNF14	1	1	1
ZNF140	1	1	1
ZNF141	1	1	1
ZNF142	1	1	1
ZNF143	1	1	1
ZNF146	1	1	1
ZNF148	1	1	1
ZNF154	1	1	1
ZNF155	1	1	1
ZNF157	1	1	1
ZNF16	1	1	1
ZNF160	1	1	1
ZNF165	1	1	1
ZNF169	1	1	1
ZNF17	1	1	1
ZNF174	1	1	1
ZNF175	1	1	1
ZNF18	1	1	1
ZNF180	1	1	1
ZNF181	1	1	1
ZNF182	1	1	1
ZNF184	1	1	1
ZNF189	1	1	1
ZNF19	1	1	1
ZNF195	1	1	1
ZNF197	1	1	1
ZNF2	1	1	1
ZNF20	1	1	1
ZNF200	0	0	1
ZNF202	1	1	1
ZNF205	1	1	1
ZNF207	1	0	1
ZNF208	1	1	1
ZNF211	1	1	1
ZNF212	1	1	1
ZNF213	1	1	1
ZNF214	1	1	1
ZNF215	1	1	1
ZNF217	1	1	1
ZNF219	1	1	1
ZNF22	1	1	1
ZNF221	1	1	1
ZNF223	1	1	1
ZNF224	1	1	1
ZNF225	1	1	1
ZNF226	1	1	1
ZNF227	1	1	1
ZNF229	1	1	1
ZNF23	1	1	1
ZNF230	1	1	1
ZNF232	1	1	1
ZNF233	1	1	1
ZNF234	1	1	1
ZNF235	1	1	1
ZNF236	1	1	1
ZNF239	1	1	1
ZNF24	1	1	1
ZNF248	1	1	1
ZNF25	1	1	1
ZNF250	1	1	1
ZNF251	1	1	1
ZNF252P	0	0	3
ZNF253	1	1	1
ZNF254	1	1	1
ZNF256	1	1	1
ZNF257	1	1	1
ZNF26	1	1	1
ZNF260	1	1	1
ZNF263	1	1	1
ZNF264	1	1	1
ZNF266	1	1	1
ZNF267	1	1	1
ZNF268	1	1	1
ZNF271P	0	0	3
ZNF273	1	1	1
ZNF274	1	1	1
ZNF275	1	1	1
ZNF276	1	0	1
ZNF277	1	0	1
ZNF28	1	1	1
ZNF280A	1	1	1
ZNF280B	1	1	1
ZNF280C	1	1	1
ZNF280D	1	1	1
ZNF281	1	1	1
ZNF282	1	1	1
ZNF283	1	1	1
ZNF284	1	1	1
ZNF285	1	1	1
ZNF286A	1	1	1
ZNF286B	0	1	3
ZNF287	1	1	1
ZNF292	1	1	1
ZNF296	0	1	1
ZNF3	1	1	1
ZNF30	1	1	1
ZNF300	1	1	1
ZNF302	1	1	1
ZNF304	1	1	1
ZNF311	1	1	1
ZNF316	1	1	1
ZNF317	1	1	1
ZNF318	0	0	1
ZNF319	1	1	1
ZNF32	1	1	1
ZNF320	1	1	1
ZNF322	1	1	1
ZNF324	1	1	1
ZNF324B	1	1	1
ZNF326	1	0	1
ZNF329	1	1	1
ZNF331	1	1	1
ZNF333	1	1	1
ZNF334	1	1	1
ZNF335	1	0	1
ZNF337	1	1	1
ZNF33A	1	1	1
ZNF33B	1	1	1
ZNF34	1	1	1
ZNF341	1	1	1
ZNF343	1	1	1
ZNF345	1	1	1
ZNF346	0	0	1
ZNF347	1	1	1
ZNF35	1	1	1
ZNF350	1	1	1
ZNF354A	1	1	1
ZNF354B	1	1	1
ZNF354C	1	1	1
ZNF355P	0	1	3
ZNF358	1	1	1
ZNF362	1	1	1
ZNF365	0	0	1
ZNF366	1	0	1
ZNF367	1	1	1
ZNF37A	1	1	1
ZNF382	1	1	1
ZNF383	1	1	1
ZNF384	1	1	1
ZNF385A	1	0	1
ZNF385B	0	0	1
ZNF385C	0	0	1
ZNF385D	0	0	1
ZNF391	1	1	1
ZNF394	1	1	1
ZNF395	1	1	1
ZNF396	1	1	1
ZNF397	1	1	1
ZNF398	1	1	1
ZNF404	1	1	1
ZNF407	1	0	1
ZNF408	1	1	1
ZNF41	1	1	1
ZNF410	1	0	1
ZNF414	1	1	1
ZNF415	1	1	1
ZNF416	1	1	1
ZNF417	1	1	1
ZNF418	1	1	1
ZNF419	1	1	1
ZNF420	1	1	1
ZNF423	1	1	1
ZNF425	1	1	1
ZNF426	1	1	1
ZNF428	0	0	1
ZNF429	1	1	1
ZNF43	1	1	1
ZNF430	1	1	1
ZNF431	1	1	1
ZNF432	1	1	1
ZNF433	1	1	1
ZNF436	1	1	1
ZNF438	1	1	1
ZNF439	1	1	1
ZNF44	1	1	1
ZNF440	1	1	1
ZNF441	1	1	1
ZNF442	1	1	1
ZNF443	1	1	1
ZNF444	1	1	1
ZNF445	1	1	1
ZNF446	1	1	1
ZNF449	1	1	1
ZNF45	1	1	1
ZNF451	0	0	1
ZNF454	1	1	1
ZNF460	1	1	1
ZNF461	1	1	1
ZNF462	1	0	1
ZNF467	1	1	1
ZNF468	1	1	1
ZNF469	1	1	1
ZNF470	1	1	1
ZNF471	1	1	1
ZNF473	1	1	1
ZNF474	0	0	1
ZNF479	1	1	1
ZNF48	1	1	1
ZNF480	0	1	1
ZNF483	1	1	1
ZNF484	1	1	1
ZNF485	1	1	1
ZNF486	1	1	1
ZNF487	0	1	1
ZNF488	1	0	1
ZNF490	1	1	1
ZNF491	1	1	1
ZNF492	1	1	1
ZNF493	1	1	1
ZNF496	1	1	1
ZNF497	1	1	1
ZNF500	1	1	1
ZNF501	1	1	1
ZNF502	1	1	1
ZNF503	0	0	1
ZNF506	1	1	1
ZNF507	1	0	1
ZNF510	1	1	1
ZNF511	1	1	1
ZNF512	1	1	1
ZNF512B	1	1	1
ZNF513	1	0	1
ZNF514	1	1	1
ZNF516	1	1	1
ZNF517	1	1	1
ZNF518A	1	1	1
ZNF518B	1	1	1
ZNF519	1	1	1
ZNF521	1	1	1
ZNF524	1	1	1
ZNF526	1	1	1
ZNF527	1	1	1
ZNF528	1	1	1
ZNF529	1	1	1
ZNF530	1	1	1
ZNF532	1	1	1
ZNF534	1	1	1
ZNF536	1	1	1
ZNF540	1	1	1
ZNF541	1	0	1
ZNF542P	0	1	3
ZNF543	1	1	1
ZNF544	1	1	1
ZNF546	1	1	1
ZNF547	1	1	1
ZNF548	1	1	1
ZNF549	1	1	1
ZNF550	1	1	1
ZNF552	1	1	1
ZNF554	1	1	1
ZNF555	1	1	1
ZNF556	1	1	1
ZNF557	1	1	1
ZNF558	1	1	1
ZNF559	1	1	1
ZNF56	0	1	3
ZNF560	1	1	1
ZNF561	1	1	1
ZNF562	1	1	1
ZNF563	1	1	1
ZNF564	1	1	1
ZNF565	1	1	1
ZNF566	1	1	1
ZNF567	1	1	1
ZNF568	1	1	1
ZNF569	1	1	1
ZNF57	1	1	1
ZNF570	1	1	1
ZNF571	1	1	1
ZNF572	1	1	1
ZNF573	1	1	1
ZNF574	0	1	1
ZNF575	1	1	1
ZNF576	1	1	1
ZNF577	1	1	1
ZNF578	1	1	1
ZNF579	1	1	1
ZNF580	1	1	1
ZNF581	1	1	1
ZNF582	1	1	1
ZNF583	1	1	1
ZNF584	1	1	1
ZNF585A	0	1	1
ZNF585B	0	1	1
ZNF586	1	1	1
ZNF587	1	1	1
ZNF589	1	1	1
ZNF592	1	1	1
ZNF593	1	0	1
ZNF594	1	1	1
ZNF595	1	1	1
ZNF596	1	1	1
ZNF597	1	1	1
ZNF598	0	0	1
ZNF599	1	1	1
ZNF600	1	1	1
ZNF605	1	1	1
ZNF606	1	1	1
ZNF607	1	1	1
ZNF608	0	0	1
ZNF609	0	0	1
ZNF610	1	1	1
ZNF611	1	1	1
ZNF613	1	1	1
ZNF614	1	1	1
ZNF615	1	1	1
ZNF616	1	1	1
ZNF618	1	1	1
ZNF619	1	1	1
ZNF620	1	1	1
ZNF621	1	1	1
ZNF622	0	0	1
ZNF623	1	1	1
ZNF624	1	1	1
ZNF625	1	1	1
ZNF626	1	1	1
ZNF627	1	1	1
ZNF628	1	1	1
ZNF629	1	1	1
ZNF639	1	1	1
ZNF641	1	1	1
ZNF644	1	1	1
ZNF645	0	0	3
ZNF646	1	1	1
ZNF648	1	1	1
ZNF649	1	1	1
ZNF652	1	1	1
ZNF653	1	0	1
ZNF654	1	1	1
ZNF655	1	1	1
ZNF658	1	1	1
ZNF658B	0	1	3
ZNF66	1	1	1
ZNF660	1	1	1
ZNF662	1	1	1
ZNF663P	0	0	3
ZNF664	1	1	1
ZNF665	1	1	1
ZNF667	1	1	1
ZNF668	1	1	1
ZNF669	1	1	1
ZNF670	1	1	1
ZNF671	1	1	1
ZNF672	1	1	1
ZNF674	1	1	1
ZNF675	1	1	1
ZNF676	1	1	1
ZNF677	1	1	1
ZNF678	1	1	1
ZNF679	1	1	1
ZNF680	1	1	1
ZNF681	1	1	1
ZNF682	1	1	1
ZNF683	1	1	1
ZNF684	1	1	1
ZNF687	1	1	1
ZNF688	1	1	1
ZNF689	1	1	1
ZNF69	1	1	1
ZNF691	1	1	1
ZNF692	1	1	1
ZNF695	0	1	1
ZNF696	1	1	1
ZNF697	1	1	1
ZNF699	1	1	1
ZNF7	1	1	1
ZNF70	1	1	1
ZNF701	1	1	1
ZNF702P	0	1	3
ZNF703	0	0	1
ZNF704	1	1	1
ZNF705A	1	1	1
ZNF705D	1	1	1
ZNF705E	1	1	1
ZNF705G	1	1	1
ZNF706	0	0	1
ZNF707	1	1	1
ZNF708	1	1	1
ZNF709	1	1	1
ZNF71	1	1	1
ZNF710	1	1	1
ZNF711	1	1	1
ZNF713	1	1	1
ZNF714	0	1	1
ZNF716	1	1	1
ZNF717	0	1	1
ZNF718	1	1	1
ZNF720	0	0	1
ZNF721	1	1	1
ZNF724P	0	0	3
ZNF725P	0	0	3
ZNF726	1	1	1
ZNF727	1	1	1
ZNF729	1	1	1
ZNF730	1	1	1
ZNF732	1	1	1
ZNF735	1	1	1
ZNF737	1	1	1
ZNF74	1	1	1
ZNF740	0	1	1
ZNF746	1	1	1
ZNF747	0	0	1
ZNF749	1	1	1
ZNF750	0	1	1
ZNF75A	1	1	1
ZNF75D	1	1	1
ZNF76	1	1	1
ZNF761	1	1	1
ZNF763	1	1	1
ZNF764	1	1	1
ZNF765	1	1	1
ZNF766	1	1	1
ZNF768	1	1	1
ZNF77	1	1	1
ZNF770	1	1	1
ZNF771	1	1	1
ZNF772	1	1	1
ZNF773	1	1	1
ZNF774	1	1	1
ZNF775	1	1	1
ZNF776	1	1	1
ZNF777	1	1	1
ZNF778	1	1	1
ZNF780A	1	1	1
ZNF780B	1	1	1
ZNF781	1	1	1
ZNF782	1	1	1
ZNF783	1	1	1
ZNF784	1	1	1
ZNF785	1	1	1
ZNF786	1	1	1
ZNF787	1	1	1
ZNF788	0	0	3
ZNF789	1	1	1
ZNF79	1	1	1
ZNF790	1	1	1
ZNF791	1	1	1
ZNF792	1	1	1
ZNF793	1	1	1
ZNF799	1	1	1
ZNF8	1	1	1
ZNF80	1	1	1
ZNF800	1	1	1
ZNF804A	0	0	1
ZNF804B	0	0	1
ZNF805	1	1	1
ZNF806	0	1	3
ZNF808	1	1	1
ZNF81	1	1	1
ZNF812P	0	0	3
ZNF813	1	1	1
ZNF814	0	1	1
ZNF816	1	1	1
ZNF821	1	1	1
ZNF823	1	1	1
ZNF827	1	0	1
ZNF829	1	1	1
ZNF83	1	1	1
ZNF830	0	0	1
ZNF831	0	0	1
ZNF833P	0	1	3
ZNF835	1	1	1
ZNF836	1	1	1
ZNF837	1	1	1
ZNF839	0	0	1
ZNF84	1	1	1
ZNF840P	0	1	3
ZNF841	1	1	1
ZNF843	0	0	1
ZNF844	1	1	1
ZNF845	1	1	1
ZNF846	1	1	1
ZNF85	1	1	1
ZNF853	0	1	1
ZNF860	1	1	1
ZNF876P	0	1	3
ZNF878	0	1	1
ZNF879	1	1	1
ZNF880	0	1	1
ZNF891	1	1	1
ZNF90	1	1	1
ZNF91	1	1	1
ZNF92	1	1	1
ZNF93	1	1	1
ZNF98	1	1	1
ZNF99	1	1	1
ZNFX1	0	0	2
ZSCAN1	1	1	1
ZSCAN10	1	1	1
ZSCAN12	1	1	1
ZSCAN16	1	1	1
ZSCAN18	1	1	1
ZSCAN2	1	1	1
ZSCAN20	1	1	1
ZSCAN21	1	1	1
ZSCAN22	1	1	1
ZSCAN23	1	1	1
ZSCAN25	1	1	1
ZSCAN26	0	1	1
ZSCAN29	1	1	1
ZSCAN30	1	1	1
ZSCAN31	1	1	1
ZSCAN32	1	1	1
ZSCAN4	1	1	1
ZSCAN5A	1	1	1
ZSCAN5B	1	1	1
ZSCAN5CP	0	0	3
ZSCAN9	1	1	1
ZUFSP	0	0	3
ZXDA	0	0	1
ZXDB	0	0	1
ZXDC	0	0	1
ZZZ3	1	0	1
CTNNB1	0	0	1
CTNND1	0	0	1
JUP	0	0	1
KIAA2018	0	0	3
MYCL1	0	0	3
MYCL1P1	0	0	3
SCXA	0	0	3
ATMIN	0	1	1
CASZ1	0	1	3
NUFIP1	1	0	1
SLC2A4RG	1	1	1
YS049	0	0	3
ZNF726P1	0	1	3
ZNF826P	0	1	3
ZNF852	0	1	1
ZNF861P	0	1	3
ZSCAN5C	0	1	1
ZSCAN5D	0	0	3
YI017	0	0	3
ZNF271	0	0	3
ZNF525	0	1	1
ZNF587B	0	1	1
ZNF663	0	0	3
ZNF705B	1	1	1
ZNF705F	0	1	3
ZNF73	0	0	3
ZNF812	0	0	3
ZNF818P	0	1	3
ZNF840	0	0	3
ZNF850	1	1	1
ZNF865	1	1	1
ZNF883	0	1	3
ZNF888	1	1	1
ZNF177	1	1	1
ZNF222	1	1	1
ZNF542	0	0	3
ZNF551	1	1	1
ZNF630	1	1	1
ZNF700	1	1	1
ZNF728	0	1	1
ZNF736	1	1	1
ZNF738	1	0	1
ZNF75CP	0	1	3
ZBTB8B	1	1	1
CC2D1B	0	1	1
CC2D1A	1	1	1
CENPB	1	0	1
CSDC2	0	0	1
CSDE1	0	0	1
LIN28A	0	0	1
LIN28B	0	0	1
SKIDA1	0	1	3
FOXD4L2	0	0	3
HMG3M	0	0	3
HMGB1	1	0	1
HMGB1P1	0	0	3
HMGB2	1	0	1
HMGB3	1	0	1
HMGB4	1	0	1
PMS1	1	0	1
ANHX	1	1	2
DUX4L2	0	1	3
DUX4L3	0	1	3
DUX4L4	0	1	3
DUX4L5	0	1	3
DUX4L6	0	1	3
DUX4L7	0	1	3
CERS2	1	0	1
CERS4	1	0	1
CERS5	1	0	1
DUX1	0	1	3
DUX2	0	0	3
DUX3	0	1	3
DUX5	0	1	3
HSFX2	1	0	2
KRBA2	0	0	1
KRBOX1	0	0	1
KRBOX4	0	0	1
PMS2P3	0	0	3
POGK	1	0	1
ZNF300P1	0	0	3
ZNF862	0	1	1
LMO3	0	0	1
LMO4	0	0	1
MYRFL	1	1	1
MTERF	0	0	3
MTERFD1	0	0	3
MTERFD2	0	0	3
MTERFD3	0	0	3
MYPOP	1	1	2
NOTCH1	0	0	1
NPAT	0	0	1
RB1	1	0	1
RBL1	0	0	1
RBL2	1	0	1
NACC2	0	1	2
REXO4	0	0	1
SCAND1	0	0	1
SCAND2P	0	1	3
SCAND3	0	0	3
PGBD1	0	1	1
TSN	1	0	1
TSNAX	1	0	1
GPBP1	1	0	1
GPBP1L1	1	0	1
CARF	1	1	1
LZTR1	0	0	1
TARDBP	1	0	1
AC067968.1	0	0	3
PIAS4	1	0	1
PIAS2	1	0	1
ZMIZ2	0	0	1
AC008758.1	0	0	3
AC010422.6	0	0	3
CCDC169-SOHLH2	0	0	3
TBXT	1	1	2
BORCS8-MEF2B	1	0	1
AC002310.5	0	0	3
C11orf95	0	0	3
AC005324.4	0	0	3
BAZ2B	1	0	1
CCDC88A	0	0	1
SETDB1	1	0	1
TULP2	0	0	1
ZNF724	1	1	1
NSD2	1	0	1
GTF2IRD2B	1	1	1
AC019117.3	0	0	3
AC008770.2	0	0	3
GLMP	0	0	1
SAMD11	1	0	1
CPHXL	1	1	2
PIAS3	0	0	1
AC023509.3	0	0	3
AC020909.1	0	0	3
SUB1	1	0	1
ZNF723	1	1	1
TULP1	0	0	1
DUXB	1	1	2
BAZ2A	1	0	1
AC025287.4	0	0	3
AC118549	0	0	3
AC012531.3	0	0	3
AC073612.1	0	0	3
AC105001.2	0	0	3
TULP3	0	0	1
REPIN1	1	0	1
SETDB2	1	0	1
HSFX3	1	1	2
GTF2IRD2	1	1	2
AC073111.3	0	0	3
CDIP1	0	0	1
AC010616.1	0	0	3
AC138696.1	0	0	3
AC022167.5	0	0	3
LITAF	1	0	1
ZMIZ1	0	0	1
AC092329.3	0	0	3
KLF18	0	1	1
HSFX4	1	1	2
ZFP91-CNTF	0	0	3
AL033529.1	0	0	3
BHMG1	1	0	1
AC115220.1	0	0	3
TULP4	0	0	1
AC073111.5	0	0	3
PIAS1	1	0	1
ZNF559-ZNF177	0	0	1
AC092835.1	0	0	3
AC187653.1	0	0	3
TERB1	1	0	1
AC010487.3	0	0	3
AC004080.3	0	0	3
GTF2IRD1	1	1	2
LTF	1	0	1
CAPN15	0	0	1
MYEF2	1	0	1
CENPA	1	0	1
BLZF1	0	0	1
RBCK1	0	0	1
XPA	1	0	1
TMF1	1	0	1
ANKRD30A	0	0	1
THYN1	0	0	1
SON	1	0	1
RAG1	1	0	1
CENPX	1	0	1
CNBP	1	0	1
CENPS	1	0	1
PLSCR1	1	1	1
CPEB1	0	0	1
NME2	1	0	1
B (Top)	0	0	3
C (Top)	0	0	3
D (Top)	0	0	3
E (Top)	0	0	3
ERFL	1	1	2
F (Top)	0	0	3
FOXL3	1	1	2
FOXO3B	1	1	1
G (Top)	0	0	3
H (Top)	0	0	3
I (Top)	0	0	3
J (Top)	0	0	3
JPH2	1	1	1
K (Top)	0	0	3
L (Top)	0	0	3
M (Top)	0	0	3
N (Top)	0	0	3
NACC1	0	1	2
NFILZ	1	1	1
O (Top)	0	0	3
P (Top)	0	0	3
R (Top)	0	0	3
S (Top)	0	0	3
T (Top)	0	0	3
U (Top)	0	0	3
V (Top)	0	0	3
W (Top)	0	0	3
X (Top)	0	0	3
Y (Top)	0	0	3
Z (Top)	0	0	3
ZNF875	1	1	1
ZSCAN5DP	0	1	3
AHDC1	1	0	3
CBX2	1	0	1
DNTTIP1	1	0	1
DOT1L	1	0	1
GLYR1	1	0	1
PHF21A	1	0	1
PRR12	0	0	1
SCML4	0	0	1
SRCAP	1	0	1
FAM200B	0	0	3
SGSM2	0	0	3
ZBED8	0	0	1
ZBED9	0	0	1
APC2	0	0	1
BEND4	0	0	3
CCDC3	0	0	1
CCDC83	0	0	1
GULP1	0	0	1
HOOK2	0	0	1
IQGAP1	0	0	1
KIF15	0	0	1
KRT13	0	0	1
MORC3	0	0	1
NDC80	0	0	1
NRBF2	0	0	1
PPP1R21	0	0	3
RAB11FIP4	0	0	1
RNF219	0	0	3
SCOC	0	0	1
TRAK2	0	0	1
AC008770.3	0	0	3
AKAP8	1	0	1
AKAP8L	1	0	1
CCDC17	0	0	1
DZIP1	0	0	1
EEA1	0	0	1
KIN	1	0	1
PRMT3	0	0	1
RBSN	0	0	1
TRAFD1	0	0	1
ZFPL1	1	0	1
ZFR	1	0	1
ZFR2	0	0	1
CPSF4	0	0	1
CPSF4L	0	0	1
DHX57	0	0	1
DUS3L	0	0	1
HELZ	1	0	1
MBNL1	0	0	1
MBNL2	0	0	1
MKRN1	0	0	1
MKRN2	0	0	1
NUPL2	0	0	3
PPP1R10	1	0	1
PRR3	0	0	1
RNF113A	0	0	1
RNF113B	0	0	3
TRMT1	0	0	1
ZC3HAV1	0	0	1
ZFP36	1	0	1
ZRSR1	0	0	3
ZRSR2	0	0	1
CENPBD1	1	0	1
JRK	1	0	1
JRKL	1	0	1
TIGD1	1	0	1
TIGD2	1	0	1
TIGD3	1	0	1
TIGD4	1	0	1
TIGD5	1	0	1
TIGD6	1	0	1
TIGD7	1	0	1
CXXC4	1	0	1
CXXC5	1	0	1
FBXL19	1	0	1
KDM2B	1	0	1
FLYWCH1	1	0	1
CCDC124	0	0	3
CHD3	1	0	1
CHD4	1	0	1
HMGN1	1	0	1
HMGN3	1	0	1
KMT2D	1	0	1
MSANTD1	0	0	3
MSANTD3	0	0	1
NAIF1	0	0	1
PIN1	0	0	1
MTERF1	1	0	1
MTERF2	1	0	1
MTERF3	1	0	1
MTERF4	0	0	1
NEB	0	0	1
C17orf49	1	0	1
CHD2	1	0	1
KIAA1841	0	0	3
MSANTD4	0	0	1
TERF2IP	1	0	1
ZMYM1	0	0	1
ZMYM2	0	0	1
ZMYM3	1	0	1
ZMYM4	1	0	1
ZMYM5	0	0	1
ZMYM6	1	0	1
ZMYND10	0	0	1
ZNF330	0	0	1
GLA	0	0	1
SART1	0	0	1
RPL36A	0	0	1
LIN54	1	0	1
TESMIN	0	0	1
APOA4	0	0	1
AATF	0	0	1
ABL1	1	0	1
ABRA	0	0	1
AC020915.1	0	0	3
ACOD1	0	0	3
ACTR3B	0	0	3
ACTR3C	0	0	3
ADAM8	0	0	1
ADAMTS17	0	0	1
ADAMTS19	0	0	1
ADAR	1	0	1
ADGRA1	0	0	1
ADGRG3	0	0	1
AES	0	0	3
AFAP1	0	0	3
AGER	0	0	1
AGT	0	0	1
AIM2	1	0	1
AKT1	0	0	1
ALK	0	0	1
ALKBH2	0	0	1
AMH	0	0	1
ANAPC2	0	0	1
ANXA3	0	0	3
ANXA4	0	0	1
APBB3	0	0	1
APEX1	1	0	1
APOBEC3A	0	0	1
APOBEC3B	0	0	1
APOBEC3G	0	0	1
APTX	1	0	1
ARHGEF2	0	0	1
ARHGEF5	0	0	1
ARRB1	0	0	1
ARRB2	0	0	1
ASCC1	0	0	1
ATF7IP	0	0	1
ATM	1	0	1
ATR	1	0	1
BAG1	0	0	1
BANF1	1	0	1
BANP	1	0	1
BCL10	0	0	1
BCOR	0	0	1
BDP1	1	0	1
BEX1	0	0	1
BIN1	0	0	1
BLM	1	0	1
BMI1	0	0	1
BMP4	0	0	1
BMP7	0	0	1
BMPR1A	0	0	1
BOD1L1	0	0	3
BOLA2B	0	0	1
BPNT1	0	0	3
BRD4	0	0	1
BRD7	0	0	1
BRD8	0	0	1
BRD9	0	0	1
BRF1	0	0	1
BRF2	0	0	1
BRMS1	0	0	1
BRPF1	1	0	1
BTAF1	1	0	1
BTBD8	0	0	1
BTG2	0	0	1
BTK	0	0	1
BTRC	0	0	1
BUD31	0	0	1
C14orf39	0	0	1
C1D	1	0	1
C3orf33	0	0	1
CACTIN	0	0	1
CAMK1D	0	0	1
CAMK2A	0	0	1
CAPN3	0	0	1
CARD11	0	0	1
CARD14	0	0	1
CASP8AP2	0	0	1
CAT	0	0	1
CBFA2T2	0	0	1
CBFA2T3	0	0	1
CBL	0	0	1
CBLL1	0	0	1
CCDC71	0	0	3
CCNT1	1	0	1
CCNT2	0	0	1
CD36	0	0	1
CD40	0	0	1
CD40LG	0	0	1
CDC6	0	0	1
CDK5RAP3	0	0	1
CDK7	0	0	1
CDK8	0	0	1
CDK9	1	0	1
CDKN1A	0	0	1
CDKN2A	1	0	1
CELF3	0	0	1
CFLAR	0	0	1
CGGBP1	1	0	1
CHCHD3	0	0	1
CHD1	1	0	1
CHD6	1	0	1
CHD7	1	0	1
CHD9	1	0	1
CHP1	0	0	1
CHRAC1	1	0	1
CHUK	0	0	1
CHURC1	0	0	1
CIB1	0	0	1
CIITA	0	0	1
CIR1	0	0	1
CITED1	0	0	1
CITED2	0	0	1
CITED4	0	0	1
CLU	0	0	1
CMKLR1	0	0	1
CNOT3	0	0	1
CNOT7	0	0	1
CNOT8	0	0	1
COMMD1	0	0	1
COMMD6	0	0	1
COMMD7	0	0	1
COPS2	0	0	1
COPS3	0	0	1
COPS4	0	0	1
CREG1	0	0	1
CRTC1	0	0	1
CRTC2	0	0	1
CRTC3	0	0	1
CTBP1	0	0	1
CTBP2	0	0	1
CTH	0	0	1
CTNNBIP1	0	0	1
CUL1	0	0	1
CUL2	0	0	1
CUL3	0	0	1
CUL4A	0	0	1
CUL4B	0	0	1
CUL5	0	0	1
CYLD	0	0	1
CYP1B1	0	0	1
CYTL1	0	0	1
DAB2IP	0	0	1
DAP	0	0	3
DAXX	0	0	1
DCP1A	0	0	1
DDB1	1	0	1
DDN	0	0	1
DDR2	0	0	1
DDRGK1	0	0	1
DDX3X	1	0	1
DDX5	0	0	1
DDX58	0	0	1
DEK	1	0	1
DEPDC1	0	0	1
DEPDC1B	0	0	3
DEPDC4	0	0	3
DEPDC5	0	0	1
DEPDC7	0	0	1
DEPTOR	0	0	1
DHX34	0	0	1
DHX36	1	0	1
DISP3	0	0	1
DMC1	1	0	1
DNA2	1	0	1
DNAJA3	0	0	1
DNTT	1	0	1
DSP	0	0	1
DTX1	0	0	1
DUSP12	0	0	1
DVL1	0	0	1
DVL2	0	0	1
DVL3	0	0	1
DZIP1L	0	0	1
EAF2	0	0	1
EDA	0	0	1
EDA2R	0	0	1
EDF1	1	0	1
EDN1	0	0	1
EED	0	0	1
EGLN1	0	0	1
EID1	0	0	1
EID2	0	0	1
EIF2AK2	0	0	1
EIF2AK4	0	0	1
EIF3C	0	0	1
EIF3CL	0	0	1
EIF3K	0	0	1
EME1	1	0	1
EP300	1	0	1
EP400	1	0	1
EPHA5	0	0	1
EPM2AIP1	0	0	1
ERBIN	0	0	1
ERC1	0	0	1
ERCC3	1	0	1
ERCC4	1	0	1
EWSR1	0	0	1
EXO1	1	0	1
EXOC2	0	0	1
EXOG	0	0	1
FAAP24	1	0	1
FAM153C	0	0	3
FAM171B	0	0	1
FAM200A	0	0	1
FAN1	1	0	1
FANCA	0	0	1
FANCD2	0	0	1
FANK1	0	0	1
FARSA	0	0	1
FARSB	0	0	1
FBN1	0	0	1
FBXO41	0	0	1
FEN1	1	0	1
FER	0	0	1
FGD1	0	0	1
FHL2	0	0	1
FLNA	0	0	1
FMNL2	0	0	3
FUS	1	0	1
FZD1	0	0	1
FZD2	0	0	1
FZD4	0	0	1
FZD6	0	0	1
GADD45A	0	0	1
GAS6	0	0	1
GAS7	0	0	1
GEN1	1	0	1
GOLGB1	0	0	1
GPATCH8	0	0	1
GPER1	0	0	1
GPR155	0	0	1
GREM1	0	0	1
GRM6	0	0	1
GTF2A1	1	0	1
GTF2A1L	1	0	1
GTF2A2	0	0	1
GTF2B	1	0	1
GTF2E2	1	0	1
GTF2F1	1	0	1
GTF2F2	1	0	1
GTF2H1	0	0	1
GTF2H2	0	0	1
GTF2H2C	0	0	1
GTF2H3	0	0	1
GTF2H4	0	0	1
GTF3C1	1	0	1
GTF3C2	1	0	1
H1F0	0	0	3
H1FOO	0	0	3
H1FX	0	0	3
HAVCR2	0	0	1
HCFC1	0	0	1
HCK	0	0	1
HDAC1	1	0	1
HDAC10	0	0	1
HDAC2	0	0	1
HDAC3	0	0	1
HDAC4	1	0	1
HDAC5	0	0	1
HDAC6	0	0	1
HDAC7	0	0	1
HDAC8	0	0	1
HDAC9	0	0	1
HELZ2	1	0	1
HIPK2	0	0	1
HIRA	0	0	1
HIST1H1A	0	0	3
HIST1H1B	0	0	3
HIST1H1C	0	0	3
HIST1H1D	0	0	3
HIST1H1E	0	0	3
HIST1H1T	0	0	3
HLA-DQB1	0	0	1
HLA-DQB2	0	0	1
HLA-DRB1	0	0	1
HLA-DRB3	0	0	1
HLA-DRB5	0	0	1
HMOX1	0	0	1
HNRNPA1	0	0	1
HNRNPA3	0	0	1
HNRNPAB	0	0	1
HNRNPCL2	0	0	1
HNRNPD	1	0	1
HNRNPDL	1	0	1
HNRNPL	0	0	1
HNRNPU	1	0	1
HP1BP3	1	0	1
HR	1	0	1
HSBP1	0	0	1
HSPA1A	0	0	1
HSPA1B	0	0	1
ICAM1	0	0	1
IFNB1	0	0	1
IGHM	0	0	1
IKBKB	0	0	1
IKBKG	0	0	1
IL10	0	0	1
IL1B	0	0	1
IL1RAP	0	0	1
IL4	0	0	1
IL5	0	0	1
IL6	0	0	1
INF2	0	0	3
ING4	0	0	1
INS	0	0	1
IRAK1	0	0	1
IRAK2	0	0	1
IRAK3	0	0	1
IRF2BP1	0	0	1
ITCH	0	0	1
ITGB2	0	0	1
ITGB3BP	0	0	1
IZUMO2	0	0	1
JADE1	0	0	1
JAK2	0	0	1
JMY	0	0	1
KANSL2	0	0	1
KAT2A	0	0	1
KAT2B	0	0	1
KDM1A	1	0	1
KDM3A	0	0	1
KEAP1	0	0	1
KIAA1683	0	0	3
KIAA1958	0	0	1
KIT	0	0	1
KNTC1	0	0	1
KRAS	0	0	1
KRTAP5-1	0	0	1
KRTAP5-9	0	0	1
KRTAP9-9	0	0	1
LARP1	0	0	1
LARP1B	0	0	1
LARP4	0	0	1
LARP4B	0	0	1
LARP6	0	0	1
LARP7	0	0	1
LGALS9	0	0	1
LGR4	0	0	1
LIG1	1	0	1
LIG3	1	0	1
LMO2	0	0	1
LPP	0	0	1
LRP5	0	0	1
LRP6	0	0	1
LRP8	0	0	1
LSR	0	0	1
LTN1	0	0	1
LZTFL1	0	0	1
LZTS1	0	0	1
MACC1	0	0	1
MACF1	0	0	1
MAD2L2	0	0	1
MALT1	0	0	1
MAML1	0	0	1
MAML3	0	0	1
MAP2K5	0	0	1
MAP3K10	0	0	1
MAP3K13	0	0	1
MAP3K7	0	0	1
MAPK1	1	0	1
MAPK10	0	0	1
MAPK11	0	0	1
MAPK14	0	0	1
MAPK3	0	0	1
MAPK8	0	0	1
MAPK9	0	0	1
MAVS	0	0	1
MB21D1	0	0	3
MBTPS2	0	0	1
MDFI	0	0	1
MDM2	0	0	1
MDM4	0	0	1
MED1	1	0	1
MED12	0	0	1
MED13	0	0	1
MED13L	0	0	1
MED14	0	0	1
MED15	0	0	1
MED16	0	0	1
MED17	0	0	1
MED21	0	0	1
MED23	0	0	1
MED24	0	0	1
MED6	1	0	1
MEN1	1	0	1
MET	0	0	1
MGMT	1	0	1
MID2	0	0	1
MINK1	0	0	1
MKL1	0	0	3
MKL2	0	0	3
MKRN3	0	0	1
MN1	0	0	1
MNAT1	0	0	1
MPG	1	0	1
MRPL28	0	0	1
MRRF	0	0	1
MSH2	1	0	1
MSH3	1	0	1
MSH6	1	0	1
MSL3	1	0	1
MSRB2	0	0	1
MST1R	0	0	1
MTDH	0	0	1
MTPN	0	0	1
MUS81	1	0	1
MYBBP1A	1	0	1
MYCBP	0	0	1
MYD88	0	0	1
MYOCD	0	0	1
NAB2	0	0	1
NABP2	1	0	1
NDN	1	0	1
NDP	0	0	1
NEIL1	1	0	1
NFAM1	0	0	1
NFE4	0	0	3
NLRC3	0	0	1
NLRC4	0	0	1
NLRC5	0	0	1
NLRP12	0	0	1
NLRP2B	0	0	1
NLRP3	0	0	1
NOCT	0	0	1
NOD1	0	0	1
NOD2	0	0	1
NODAL	0	0	1
NOP2	0	0	1
NOTCH2	0	0	1
NOTCH3	0	0	1
NPM1	0	0	1
NRG1	0	0	1
NRIP1	0	0	1
NRIP3	0	0	1
NRK	0	0	1
NSD1	0	0	1
NTRK1	0	0	1
NUCKS1	0	0	1
NUP98	0	0	1
OGG1	1	0	1
OPRD1	0	0	1
OTOP3	0	0	1
OTULIN	0	0	1
PA2G4	1	0	1
PABPN1	0	0	1
PARK7	0	0	1
PARP10	0	0	1
PAXIP1	0	0	1
PCBD1	0	0	1
PCGF2	1	0	1
PCNA	1	0	1
PCSK6	0	0	1
PDCD7	0	0	1
PDS5B	1	0	1
PELI1	0	0	1
PER1	0	0	1
PER2	0	0	1
PER3	0	0	1
PEX14	0	0	1
PFDN1	0	0	1
PGS1	0	0	3
PHF1	1	0	1
PHF19	1	0	1
PIDD1	0	0	1
PIKFYVE	0	0	1
PIM1	0	0	1
PINK1	0	0	1
PKHD1	0	0	1
PKHD1L1	0	0	1
PLA2G10	0	0	1
PLA2G1B	0	0	1
PLEK2	0	0	3
PLEKHA4	0	0	3
PLPP3	0	0	1
PLXNA1	0	0	1
PLXNA2	0	0	1
PLXNA3	0	0	1
PLXNA4	0	0	1
PLXNB1	0	0	1
PLXNB2	0	0	1
PLXNB3	0	0	1
PLXNC1	0	0	1
PLXND1	0	0	1
PML	1	0	1
PNKP	0	0	1
POLA1	1	0	1
POLB	1	0	1
POLE3	1	0	1
POLE4	1	0	1
POLG	1	0	1
POLH	1	0	1
POLI	1	0	1
POLK	1	0	1
POLL	1	0	1
POLM	1	0	1
POLN	1	0	1
POLQ	1	0	1
POLR1B	1	0	1
POLR2A	1	0	1
POLR2B	1	0	1
POLR2E	1	0	1
POLR2J	1	0	1
POLR2K	1	0	1
POLR2L	1	0	1
POLR3A	1	0	1
POLRMT	1	0	1
POT1	1	0	1
PPARGC1A	1	0	1
PPARGC1B	0	0	1
PPP2R3B	0	0	1
PPP2R5B	0	0	1
PPP3CA	0	0	1
PPRC1	0	0	1
PQBP1	1	0	1
PRAM1	0	0	1
PRAP1	0	0	1
PRB3	0	0	1
PRDX3	0	0	1
PREX1	0	0	1
PREX2	0	0	1
PRH2	0	0	1
PRIM2	1	0	1
PRIMPOL	0	0	1
PRKCB	0	0	1
PRKCH	0	0	1
PRKCI	0	0	1
PRKCQ	0	0	1
PRKCZ	0	0	1
PRKD1	0	0	1
PRKD2	0	0	1
PRKN	0	0	1
PRMT2	0	0	1
PRNP	0	0	1
PSMA6	0	0	1
PSMC5	0	0	1
PSMD10	0	0	1
PSMD11	0	0	1
PSMD12	0	0	1
PTCH1	0	0	1
PTEN	0	0	1
PTGIS	0	0	1
PTH	0	0	1
PTTG1	0	0	1
PUM3	1	0	1
PYCARD	0	0	1
PYDC1	0	0	1
PYDC2	0	0	1
QRICH1	0	0	1
RAB7B	0	0	1
RAD21	0	0	1
RAD51	1	0	1
RAI1	0	0	1
RAPGEF3	0	0	1
RAPGEF4	0	0	1
RAPGEF5	0	0	1
RBBP7	0	0	1
RBM10	0	0	1
RBM20	0	0	1
RBM26	0	0	1
RBM27	0	0	1
RBM5	1	0	1
RBM6	1	0	1
RCAN1	0	0	1
RECQL	1	0	1
RELL2	0	0	1
RELN	0	0	1
REV1	1	0	1
RFC1	1	0	1
RGCC	0	0	1
RGS11	0	0	1
RGS6	0	0	1
RGS7	0	0	1
RGS9	0	0	1
RHEBL1	0	0	1
RING1	0	0	1
RIOK2	0	0	1
RIPK1	0	0	1
RIPK2	0	0	1
RIPK3	0	0	1
RIPK4	0	0	1
RLIM	0	0	1
RNASE2	0	0	1
RNASEH1	0	0	1
RNF114	0	0	1
RNF125	0	0	1
RNF138	1	0	1
RNF14	0	0	1
RNF166	0	0	1
RNF2	0	0	1
RNF25	0	0	1
RNF31	0	0	1
RNF4	1	0	1
RNF41	0	0	1
RPA2	1	0	1
RPA4	1	0	1
RPL7	1	0	1
RPL7A	0	0	1
RPS27A	0	0	1
RPS6KA4	0	0	1
RPS6KA5	0	0	1
RRN3	0	0	1
RWDD3	0	0	1
RYBP	1	0	1
S100A12	0	0	1
S100A8	0	0	1
S100A9	0	0	1
SAFB	1	0	1
SAFB2	1	0	1
SAV1	0	0	1
SCMH1	0	0	1
SCML1	0	0	1
SCML2	0	0	1
SEMA4A	0	0	1
SERTAD1	0	0	1
SERTAD2	0	0	1
SETD6	0	0	1
SF3A2	0	0	1
SF3A3	0	0	1
SFRP4	0	0	1
SFRP5	0	0	1
SFTPB	0	0	1
SGK1	0	0	1
SGK3	0	0	1
SHH	0	0	1
SHPRH	1	0	1
SIGIRR	0	0	1
SIK1	0	0	1
SIN3A	1	0	1
SIN3B	0	0	1
SIRT1	0	0	1
SIRT2	0	0	1
SIRT3	0	0	1
SIRT6	0	0	1
SIVA1	0	0	1
SLC22A4	0	0	1
SLC26A10	0	0	1
SLC26A3	0	0	1
SLC39A10	0	0	1
SLC4A10	0	0	1
SMC3	0	0	1
SMO	0	0	1
SMUG1	1	0	1
SMYD1	1	0	1
SMYD3	0	0	1
SNAPC2	0	0	1
SNAPC5	0	0	1
SNRPC	0	0	1
SNURF	0	0	1
SNW1	0	0	1
SOGA3	0	0	1
SORBS2	0	0	1
SPEN	1	0	1
SPHK1	1	0	1
SSB	0	0	1
SSBP2	1	0	1
SSBP3	1	0	1
SSBP4	1	0	1
SSH1	0	0	1
SSH2	0	0	1
SSH3	0	0	1
SSX1	0	0	1
STAG1	0	0	1
STK16	0	0	1
STK3	0	0	1
STK36	0	0	1
STRN	0	0	1
STRN3	0	0	1
SUFU	0	0	1
SUMO1	0	0	1
SUPT16H	0	0	1
SUPT4H1	0	0	1
SUPT5H	0	0	1
SUPT6H	1	0	1
SUV39H1	0	0	1
SUV39H2	0	0	1
SUZ12	0	0	1
SYK	0	0	1
TAB1	0	0	1
TAB2	0	0	1
TAB3	0	0	1
TADA3	0	0	1
TAF10	1	0	1
TAF11	1	0	1
TAF12	1	0	1
TAF13	1	0	1
TAF1A	1	0	1
TAF1B	1	0	1
TAF1C	1	0	1
TAF1L	1	0	1
TAF2	0	0	1
TAF3	0	0	1
TAF4	1	0	1
TAF4B	1	0	1
TAF5	0	0	1
TAF5L	0	0	1
TAF6	1	0	1
TAF6L	1	0	1
TAF7	0	0	1
TAF7L	0	0	1
TAF8	0	0	1
TAF9	1	0	1
TAF9B	0	0	1
TBL1Y	0	0	1
TCEA2	1	0	1
TCEAL1	0	0	1
TCEAL7	0	0	1
TCEAL8	0	0	1
TDG	1	0	1
TDP1	0	0	1
TDP2	0	0	1
TGFB1	0	0	1
TGFB1I1	0	0	1
TGS1	0	0	1
THRAP3	1	0	1
TIA1	0	0	1
TICAM1	0	0	1
TIPARP	0	0	1
TIRAP	0	0	1
TLE1	0	0	1
TLE2	0	0	1
TLE3	0	0	1
TLE4	0	0	1
TLE6	0	0	1
TLR2	0	0	1
TLR3	0	0	1
TLR4	0	0	1
TLR9	0	0	1
TMEM235	0	0	1
TNF	0	0	1
TNFAIP3	1	0	1
TNFRSF11A	0	0	1
TNFRSF4	0	0	1
TNFSF11	0	0	1
TNFSF18	0	0	1
TNFSF4	0	0	1
TOP1	1	0	1
TOP2A	1	0	1
TOP2B	1	0	1
TP53BP1	1	0	1
TRADD	0	0	1
TRAF1	0	0	1
TRAF2	0	0	1
TRAF3	0	0	1
TRAF4	0	0	1
TRAF5	0	0	1
TRAF6	0	0	1
TRAPPC9	0	0	1
TREX1	1	0	1
TRIB1	0	0	1
TRIB3	0	0	1
TRIM13	0	0	1
TRIM14	0	0	1
TRIM15	0	0	1
TRIM21	1	0	1
TRIM22	0	0	1
TRIM23	0	0	1
TRIM24	1	0	1
TRIM25	0	0	1
TRIM26	1	0	1
TRIM27	1	0	1
TRIM28	1	0	1
TRIM29	0	0	1
TRIM3	0	0	1
TRIM31	0	0	1
TRIM32	0	0	1
TRIM33	1	0	1
TRIM34	0	0	1
TRIM37	0	0	1
TRIM38	0	0	1
TRIM40	0	0	1
TRIM5	0	0	1
TRIM52	0	0	1
TRIM62	0	0	1
TRIM8	0	0	1
TRIP11	0	0	1
TRIT1	0	0	1
TRMT1L	0	0	1
TRRAP	0	0	1
TSC2	0	0	1
TSSK4	0	0	1
TUT1	0	0	1
TXK	1	0	1
U2AF1	0	0	1
U2AF1L4	0	0	1
UBA52	0	0	1
UBB	0	0	1
UBC	0	0	1
UBE2K	0	0	1
UBE2N	0	0	1
UBE2V1	0	0	1
UBN1	1	0	1
UBR4	0	0	1
UFL1	0	0	1
UHRF1	1	0	1
UHRF2	1	0	1
UNG	0	0	1
USP39	0	0	1
USP7	0	0	1
VAV1	0	0	1
VEGFA	0	0	1
VGLL1	0	0	1
VGLL2	0	0	1
VGLL3	0	0	1
VHLL	0	0	1
VPS72	1	0	1
WFS1	0	0	1
WNT1	0	0	1
WNT10B	0	0	1
WNT2	0	0	1
WNT3A	0	0	1
WNT5A	0	0	1
WNT8B	0	0	1
WRN	1	0	1
WWOX	0	0	1
WWP2	0	0	1
WWTR1	0	0	1
XCL1	0	0	1
YOD1	0	0	1
ZBED6CL	0	0	3
ZDHHC11	0	0	1
ZDHHC19	0	0	1
ZNF185	0	0	1
ZNF638	1	0	1
ZRANB2	0	0	1
ZFAND5	1	0	1
2001	0	0	3
6934	0	0	3
5324	0	0	3
1482	0	0	3
4899	0	0	3
2624	0	0	3
9314	0	0	3
6688	0	0	3
2100	0	0	3
2353	0	0	3
7421	0	0	3
6927	0	0	3
1958	0	0	3
4773	0	0	3
4807	0	0	3
6736	0	0	3
8061	0	0	3
3169	0	0	3
1050	0	0	3
5970	0	0	3
5079	0	0	3
135935	0	0	3
2623	0	0	3
1051	0	0	3
3091	0	0	3
1406	0	0	3
1385	0	0	3
2313	0	0	3
6660	0	0	3
2296	0	0	3
1879	0	0	3
3725	0	0	3
4929	0	0	3
4800	0	0	3
1997	0	0	3
4089	0	0	3
5076	0	0	3
860	0	0	3
93986	0	0	3
6722	0	0	3
4087	0	0	3
2099	0	0	3
2551	0	0	3
26298	0	0	3
10538	0	0	3
4211	0	0	3
8626	0	0	3
6662	0	0	3
27086	0	0	3
3642	0	0	3
4094	0	0	3
4656	0	0	3
3170	0	0	3
2908	0	0	3
688	0	0	3
4609	0	0	3
8928	0	0	3
3195	0	0	3
6657	0	0	3
4780	0	0	3
579	0	0	3
3172	0	0	3
6663	0	0	3
1820	0	0	3
6667	0	0	3
7392	0	0	3
5978	0	0	3
64321	0	0	3
10664	0	0	3
474	0	0	3
25988	0	0	3
3651	0	0	3
6929	0	0	3
2297	0	0	3
6772	0	0	3
5080	0	0	3
1959	0	0	3
5460	0	0	3
5087	0	0	3
3659	0	0	3
2494	0	0	3
8553	0	0	3
4602	0	0	3
4654	0	0	3
3726	0	0	3
1874	0	0	3
604	0	0	3
7157	0	0	3
6720	0	0	3
9421	0	0	3
4208	0	0	3
7020	0	0	3
5468	0	0	3
4824	0	0	3
3202	0	0	3
571	0	0	3
5078	0	0	3
7022	0	0	3
2308	0	0	3
7376	0	0	3
2309	0	0	3
4205	0	0	3
7528	0	0	3
6777	0	0	3
6928	0	0	3
7391	0	0	3
4088	0	0	3
3297	0	0	3
6596	0	0	3
2101	0	0	3
2299	0	0	3
9935	0	0	3
10062	0	0	3
3660	0	0	3
2672	0	0	3
1649	0	0	3
2295	0	0	3
6774	0	0	3
2626	0	0	3
6862	0	0	3
2625	0	0	3
6886	0	0	3
4149	0	0	3
6938	0	0	3
27022	0	0	3
2019	0	0	3
4779	0	0	3
861	0	0	3
1045	0	0	3
6721	0	0	3
6256	0	0	3
367	0	0	3
405	0	0	3
196	0	0	3
4783	0	0	3
5452	0	0	3
4782	0	0	3
7003	0	0	3
639	0	0	3
2002	0	0	3
5966	0	0	3
4790	0	0	3
5325	0	0	3
4784	0	0	3
406	0	0	3
344018	0	0	3
3299	0	0	3
7490	0	0	3
60468	0	0	3
4761	0	0	3
23316	0	0	3
429	0	0	3
84159	0	0	3
2294	0	0	3
7067	0	0	3
4901	0	0	3
221937	0	0	3
2004	0	0	3
51043	0	0	3
4209	0	0	3
6659	0	0	3
4775	0	0	3
4520	0	0	3
1054	0	0	3
5916	0	0	3
468	0	0	3
22809	0	0	3
467	0	0	3
11016	0	0	3
2354	0	0	3
1602	0	0	3
1761	0	0	3
8880	0	0	3
4904	0	0	3
5453	0	0	3
2116	0	0	3
1386	0	0	3
4774	0	0	3
25806	0	0	3
3280	0	0	3
5465	0	0	3
6664	0	0	3
2119	0	0	3
2627	0	0	3
8538	0	0	3
4286	0	0	3
339488	0	0	3
4618	0	0	3
1044	0	0	3
144455	0	0	3
30812	0	0	3
5077	0	0	3
6670	0	0	3
5083	0	0	3
4776	0	0	3
148327	0	0	3
4086	0	0	3
83741	0	0	3
326	0	0	3
59348	0	0	3
6945	0	0	3
3087	0	0	3
50674	0	0	3
7030	0	0	3
2735	0	0	3
2737	0	0	3
140628	0	0	3
9603	0	0	3
2852	0	0	3
138151	0	0	3
2033	0	0	3
5885	0	0	3
CSDA	0	0	3
BHLHB4	0	0	3
BHLHB2	0	0	3
MIZF	0	0	3
ZNF238	0	0	3
BHLHB8	0	0	3
BHLHB5	0	0	3
ZNF322A	0	0	3
LBXCOR1	0	0	3
ZNF322B	0	0	3
ZFP161	0	0	3
MYCL2	0	0	3
CREBL1	0	0	3
ZFP112	0	0	3
EVI1	0	0	3
BHLHB3	0	0	3
ZNF137	0	0	3
ZNF193	0	0	3
ZNF434	0	0	3
LASS3	0	0	3
C14orf43	0	0	3
ZNF509	0	0	3
ZNF295	0	0	3
ZNF285A	0	0	3
ZNF643	0	0	3
ZNF642	0	0	3
ZNF167	0	0	3
ZNF252	0	0	3
ZNF498	0	0	3
ZNF187	0	0	3
ZNF323	0	0	3
ZNF734	0	0	3
ZNF192	0	0	3
ZNF409	0	0	3
GRLF1	0	0	3
CRAMP1L	0	0	3
ZFP106	0	0	3
MLL	0	0	3
C11orf9	0	0	3
C14orf106	0	0	3
PRKRIR	0	0	3
C5orf41	0	0	3
KIAA0415	0	0	3
MLL2	0	0	3
ZNF834	0	0	3
LASS6	0	0	3
ZNF725	0	0	3
ZNF321	0	0	3
ZNF733	0	0	3
ZNF833	0	0	3
ZNF828	0	0	3
FAM44A	0	0	3
DEPDC2	0	0	3
MLL3	0	0	3
MYST3	0	0	3
LASS4	0	0	3
HMG2L1	0	0	3
MYST1	0	0	3
LARP5	0	0	3
TADA2L	0	0	3
PIP5K3	0	0	3
C1orf25	0	0	3
HMG1L1	0	0	3
ZFYVE20	0	0	3
LIN28	0	0	3
PRB4	0	0	1
MYST2	0	0	3
LARP2	0	0	3
LASS5	0	0	3
LASS2	0	0	3
DEPDC6	0	0	3
MYST4	0	0	3
C12orf28	0	0	3
ZNF826	0	0	3
C10orf140	0	0	3
KIAA1618	0	0	3
LENG9	0	0	1
HILS1	0	0	3
GPR123	0	0	3
PTCHD2	0	0	3
MBD3L4	0	0	3
MBD3L3	0	0	1
MBD3L5	0	0	3
TERT	1	0	1
KDM6B	0	0	1
TBL1X	0	0	1
H2AFY	0	0	3
ACTL6A	0	0	1
APP	1	0	1
H2AFZ	0	0	3
HSPD1	0	0	1
XRCC6	1	0	1
MUC1	0	0	1
NCL	1	0	1
HNRNPA2B1	0	0	1
SNCA	0	0	1
RBMX	0	0	1
MMP12	0	0	1
YAP1	0	0	1
SARS	0	0	3
SARNP	1	0	1
H3F3B	0	0	3
DHX9	1	0	1
RBBP4	0	0	1
ORC2	0	0	1
CDK13	0	0	1
RBBP5	0	0	1
CRY1	1	0	1
SNAPC1	1	0	1
CRY2	1	0	1
AKNAD1	0	0	3
BEND3	1	0	1
STOX1	1	0	1
SETX	1	0	1
PCGF5	0	0	1
CARM1	0	0	1
PHF6	1	0	1
ERCC6	1	0	1
RNF10	1	0	1
SNAPC3	1	0	1
WBP2	0	0	1
MED8	0	0	1
WDR77	0	0	1
IER2	1	0	1
TBL1XR1	1	0	1
VRTN	1	0	1
ELL3	0	0	1
SLTM	0	0	1
H2AFY2	0	0	3
CALCOCO1	0	0	1
AGO2	0	0	1
AGO1	0	0	1
RUVBL2	0	0	1
CHCHD2	0	0	1
USP3	0	0	1
AA125825	0	0	3
AA634818	0	0	3
ABT1	1	0	1
AF020591	0	0	3
AF093680	0	0	3
AF5Q31	0	0	3
AI022870	0	0	3
AI352508	0	0	3
AI569906	0	0	3
AI808690	0	0	3
ALF	0	0	3
ALY	0	0	3
ANP32A	0	0	1
APA1	0	0	3
Apg4B	0	0	3
ARC	0	0	1
ARIH2	0	0	1
ARIX	0	0	3
ASH1	0	0	3
ATBF1	0	0	3
AW451453	0	0	3
AW875035	0	0	3
AWP1	0	0	3
BAPX1	0	0	3
BAZ1A	0	0	1
BAZ1B	0	0	1
BG199677	0	0	3
BNC	0	0	3
BRD1	0	0	1
BRD2	0	0	1
BRD3	0	0	1
BRDT	0	0	1
BRPF3	0	0	1
BS69	0	0	3
BTBD3	0	0	1
BTEB1	0	0	3
BTF	0	0	3
BTF3	0	0	1
BTF3L1	0	0	3
BTF3L2	0	0	3
BTF3L3	0	0	3
C11orf13	0	0	3
C14orf101	0	0	3
C1orf2	0	0	3
C20orf174	0	0	3
C21orf18	0	0	3
C5orf7	0	0	3
CART1	0	0	3
CBF2	0	0	3
CBFA2T1	0	0	3
CBX1	0	0	1
CBX3	0	0	1
CBX4	0	0	1
CBX5	0	0	1
CBX6	0	0	1
CBX7	0	0	1
CBX8	0	0	1
CCT4	0	0	1
CDR2	0	0	1
CECR6	0	0	3
CERD4	0	0	3
CEZANNE	0	0	3
CG9879	0	0	3
CGI-149	0	0	3
CGI-85	0	0	3
CGI-99	0	0	3
CHD1L	0	0	1
CHD5	1	0	1
CHES1	0	0	3
CHX10	0	0	3
CIAO1	0	0	1
CIR	0	0	3
COPEB	0	0	3
COPS5	0	0	1
CORO1A	0	0	1
CREG	0	0	3
CRIP1	0	0	1
CRIP2	0	0	1
CROC4	0	0	3
CRSP2	0	0	3
CRSP3	0	0	3
CRSP6	0	0	3
CRSP7	0	0	3
CRSP8	0	0	3
CRSP9	0	0	3
CSEN	0	0	3
CSRP1	0	0	1
CSRP2	0	0	1
CSRP3	0	0	1
CUTL1	0	0	3
CUTL2	0	0	3
CXorf6	0	0	3
DACH	0	0	3
DAT1	0	0	3
DATF1	0	0	3
DKFZP434B0335	0	0	3
DKFZP434B195	0	0	3
DKFZp434G043	0	0	3
DKFZP434P1750	0	0	3
DKFZp564D0472	0	0	3
DRIL1	0	0	3
DRIL2	0	0	3
DRPLA	0	0	3
DSIPI	0	0	3
DTX2	0	0	1
DXYS155E	0	0	3
EBF	0	0	3
EGLN2	0	0	1
ELD/OSA1	0	0	3
EPLIN	0	0	3
ERCC2	1	0	1
ETR101	0	0	3
EYA1	0	0	1
EYA2	0	0	1
EYA3	0	0	1
EYA4	0	0	1
EZF-2	0	0	3
FALZ	0	0	3
FBI1	0	0	3
FEM1A	0	0	1
FEZL	0	0	3
FHL1	0	0	1
FHL5	0	0	1
FHX	0	0	3
FKHL18	0	0	3
FLJ10211	0	0	3
FLJ10251	0	0	3
FLJ10298	0	0	3
FLJ10697	0	0	3
FLJ10759	0	0	3
FLJ10891	0	0	3
FLJ11191	0	0	3
FLJ11780	0	0	3
FLJ12517	0	0	3
FLJ12525	0	0	3
FLJ12581	0	0	3
FLJ12606	0	0	3
FLJ12644	0	0	3
FLJ13479	0	0	3
FLJ13590	0	0	3
FLJ13659	0	0	3
FLJ14129	0	0	3
FLJ14549	0	0	3
FLJ20043	0	0	3
FLJ20244	0	0	3
FLJ20321	0	0	3
FLJ20531	0	0	3
FLJ20557	0	0	3
FLJ20573	0	0	3
FLJ20729	0	0	3
FLJ21603	0	0	3
FLJ22301	0	0	3
FLJ22332	0	0	3
FLJ22487	0	0	3
FLJ23309	0	0	3
FLJ34231	0	0	3
FLJ36155	0	0	3
FMR2	0	0	3
FOXE2	0	0	3
FOXG1B	0	0	3
FOXO1A	0	0	3
FOXO3A	0	0	3
GAS41	0	0	3
GASC1	0	0	3
GCMA	0	0	3
GCMB	0	0	3
GCN5L1	0	0	3
GCN5L2	0	0	3
GIOT-1	0	0	3
GIOT-2	0	0	3
GLI	0	0	3
GSCL	0	0	3
GSH1	0	0	3
GSH2	0	0	3
GTF2E1	0	0	1
GTF3C3	1	0	1
GTF3C4	1	0	1
GTF3C5	1	0	1
H-plk	0	0	3
HBOA	0	0	3
HCF2	0	0	3
HCNGP	0	0	3
HIS1	0	0	3
HKR2	0	0	3
HKR3	0	0	3
HLX1	0	0	3
HLXB9	0	0	3
HMGN2	1	0	1
HOP	0	0	3
HRIHFB2122	0	0	3
HRY	0	0	3
HS747E2A	0	0	3
HSA275986	0	0	3
HSAJ2425	0	0	3
HSF2BP	0	0	1
HSFY	0	0	3
HSGT1	0	0	3
HSHPX5	0	0	3
HSPC018	0	0	3
HSPC189	0	0	3
HSPX153	0	0	3
HSU79252	0	0	3
HSZFP36	0	0	3
HTATIP	0	0	3
HTLF	0	0	3
HYPH	0	0	3
ICSBP1	0	0	3
IGHMBP2	1	0	1
ILF1	0	0	3
ILF2	1	0	1
ILF3	1	0	1
IPF1	0	0	3
IRLB	0	0	3
IRX1	0	1	3
ISGF3G	0	0	3
JMJ	0	0	3
KIAA0014	0	0	3
KIAA0040	0	0	1
KIAA0173	0	0	3
KIAA0194	0	0	3
KIAA0211	0	0	3
KIAA0222	0	0	3
KIAA0237	0	0	3
KIAA0296	0	0	3
KIAA0326	0	0	3
KIAA0352	0	0	3
KIAA0441	0	0	3
KIAA0469	0	0	3
KIAA0478	0	0	3
KIAA0602	0	0	3
KIAA0669	0	0	3
KIAA0798	0	0	3
KIAA0961	0	0	3
KIAA0972	0	0	3
KIAA0998	0	0	3
KIAA1041	0	0	3
KIAA1190	0	0	3
KIAA1321	0	0	3
KIAA1442	0	0	3
KIAA1542	0	0	3
KIAA1668	0	0	3
KLHL5	0	0	1
KR18	0	0	3
L3MBTL	0	0	3
LAF4	0	0	3
LARP	0	0	3
LDB1	1	0	2
LDB2	0	0	1
LDOC1	0	0	1
LIM	0	0	3
LISCH7	0	0	3
LMO1	0	0	1
LMO6	0	0	3
LMO7	0	0	1
LOC113655	0	0	3
LOC151162	0	0	3
LOC51036	0	0	3
LOC51042	0	0	3
LOC51045	0	0	3
LOC51058	0	0	3
LOC51123	0	0	3
LOC51186	0	0	3
LOC51193	0	0	3
LOC51270	0	0	3
LOC51290	0	0	3
LOC55893	0	0	3
LOC56270	0	0	3
LOC56930	0	0	3
LOC57209	0	0	3
LOC57801	0	0	3
LOC58500	0	0	3
LOC65243	0	0	3
LOC86614	0	0	3
LOC90322	0	0	3
LOC90462	0	0	3
LOC90987	0	0	3
LOC91120	0	0	3
LOC91614	0	0	3
LW-1	0	0	3
LZLP	0	0	3
M96	0	0	3
MAD	0	0	3
MADH1	0	0	3
MADH2	0	0	3
MADH3	0	0	3
MADH4	0	0	3
MADH5	0	0	3
MADH6	0	0	3
MADH7	0	0	3
MADH9	0	0	3
MAPK8IP1	0	0	1
MDS032	0	0	3
MDS1	0	0	3
MEFV	0	0	1
METTL3	0	0	1
MGC10772	0	0	3
MGC11349	0	0	3
MGC13105	0	0	3
MGC15716	0	0	3
MGC16733	0	0	3
MGC20700	0	0	3
MGC2508	0	0	3
MGC45866	0	0	3
MHC2TA	0	0	3
MI-ER1	0	0	3
MID1	0	0	1
MILD1	0	0	3
MIZ1	0	0	3
MLL4	0	0	3
MLLT2	0	0	3
MLLT7	0	0	3
MNDA	1	0	1
MONDOA	0	0	3
MORF	0	0	3
MORF4	0	0	3
MORF4L1	0	0	1
MORF4L2	0	0	1
MRF-1	0	0	3
MRF2	0	0	3
MRG2	0	0	3
MTA1L1	0	0	3
MYCLK1	0	0	3
MYT2	0	0	3
NAB1	0	0	1
NCALD	0	0	1
NCYM	0	0	3
NEUD4	0	0	3
NFKBIL2	0	0	3
NMI	0	0	1
NRF	0	0	3
NSEP1	0	0	3
NY-REN-34	0	0	3
OAZ	0	0	3
OG2x	0	0	3
OPTN	0	0	1
OTX3	0	0	3
p100	0	0	3
P1P373C6	0	0	3
P38IP	0	0	3
PAXIP1L	0	0	3
PC4	0	0	3
PCAR	0	0	3
PCQAP	0	0	3
PDEF	0	0	3
PEGASUS	0	0	3
PFDN5	0	0	1
PHC1	1	0	1
PHD3	0	0	3
PIG7	0	0	3
PILB	0	0	3
PLRG1	0	0	1
PMF1	0	0	1
PMX1	0	0	3
PMX2B	0	0	3
PPARBP	0	0	3
PPARGC1	0	0	3
PRX2	0	0	3
PSIP1	1	0	1
PTTG1IP	0	0	1
R28830_2	0	0	3
R32184_3	0	0	3
RAI	0	0	3
RAI15	0	0	3
RBAF600	0	0	3
RBBP9	0	0	1
RBPSUH	0	0	3
RBPSUHL	0	0	3
RCOR	0	0	3
RCV1	0	0	3
REQ	0	0	3
RFP	0	0	3
RFP2	0	0	3
RGC32	0	0	3
RIP60	0	0	3
RNF12	0	0	3
RNF13	0	0	1
RNF144	0	0	3
RNF24	0	0	1
RNF3	0	0	3
RNF8	0	0	1
RPF-1	0	0	3
SAP18	0	0	1
SAP30	1	0	1
SART3	0	0	1
SBB103	0	0	3
SBLF	0	0	3
SCA2	0	0	3
SCAND2	0	0	3
SDCCAG33	0	0	3
SEI1	0	0	3
SF1	0	0	1
SHARP	0	0	3
SIAH1	0	0	1
SIAH2	0	0	1
SLB	0	0	3
SMARCA3	0	0	3
SMCX	0	0	3
SNFT	0	0	3
SOX22	0	0	3
SRA1	1	0	1
SSX2	0	0	1
SSX3	0	0	1
SSX4	0	0	1
SSX5	0	0	1
SSX6	0	0	3
SSX7	0	0	1
SSX8	0	0	3
SSX9	0	0	3
SUPT3H	1	0	1
SURB7	0	0	3
TADA3L	0	0	3
TAF15	1	0	1
TCERG1	0	0	1
TCF-3	0	0	3
TCF1	0	0	3
TCF2	0	0	3
TCF8	0	0	3
TCFL1	0	0	3
TCFL4	0	0	3
TEL2	0	0	3
TEX27	0	0	3
TFAP2BL1	0	0	3
TFCP2L2	0	0	3
TGIF	0	0	3
THG-1	0	0	3
THRAP4	0	0	3
TIEG	0	0	3
TIEG2	0	0	3
TIF1	0	0	3
TIMELESS	1	0	1
TIP120A	0	0	3
TITF1	0	0	3
TIX1	0	0	3
TNRC11	0	0	3
TNRC17	0	0	3
TNRC18	0	0	3
TNRC21	0	0	3
TNRC3	0	0	3
TNRC4	0	0	3
TNRC5	0	0	3
TNRC6	0	0	3
TNRC8	0	0	3
TNRC9	0	0	3
TONDU	0	0	3
TRAP150	0	0	3
TRAP95	0	0	3
TRIM10	0	0	1
TRIP-Br2	0	0	3
TRIP10	0	0	1
TRIP13	0	0	1
TRIP15	0	0	3
TRIP4	0	0	1
TRIP6	0	0	1
TSC22	0	0	3
TWIST	0	0	3
TZFP	0	0	3
VENTX2	0	0	3
WBSCR14	0	0	3
WHN	0	0	3
YAF2	1	0	1
ZAR1	0	0	1
ZDHHC1	1	0	1
ZF	0	0	3
ZF5128	0	0	3
ZFD25	0	0	3
ZFHX1B	0	0	3
ZFP	0	0	3
ZFP100	0	0	3
ZFP103	0	0	3
ZFP26	0	0	3
ZFP289	0	0	3
ZFP29	0	0	3
ZFP318	0	0	3
ZFP67	0	0	3
ZFP95	0	0	3
ZID	0	0	3
ZNF-kaiso	0	0	3
ZNF-U69274	0	0	3
ZNF11A	0	0	3
ZNF11B	0	0	3
ZNF123	0	0	3
ZNF125	0	0	3
ZNF126	0	0	3
ZNF144	0	0	3
ZNF145	0	0	3
ZNF147	0	0	3
ZNF151	0	0	3
ZNF15L1	0	0	3
ZNF161	0	0	3
ZNF179	0	0	3
ZNF183	0	0	3
ZNF21	0	0	3
ZNF216	0	0	3
ZNF220	0	0	3
ZNF228	0	0	3
ZNF237	0	0	3
ZNF255	0	0	3
ZNF258	0	0	3
ZNF259	0	0	3
ZNF261	0	0	3
ZNF262	0	0	3
ZNF265	0	0	3
ZNF272	0	0	3
ZNF278	0	0	3
ZNF286	0	0	3
ZNF288	0	0	3
ZNF29	0	0	3
ZNF294	0	0	3
ZNF297	0	0	3
ZNF297B	0	0	3
ZNF305	0	0	3
ZNF306	0	0	3
ZNF31	0	0	3
ZNF313	0	0	3
ZNF325	0	0	3
ZNF36	0	0	3
ZNF361	0	0	3
ZNF364	0	0	3
ZNF38	0	0	3
ZNF42	0	0	3
ZNF46	0	0	3
ZNF6	0	0	3
ZNF9	0	0	3
ZNFN1A1	0	0	3
ZNFN1A2	0	0	3
ZNFN1A3	0	0	3
AB002296	0	0	3
AB058701	0	0	3
AB075831	0	0	3
AK024238	0	0	3
AK056369	0	0	3
AK057375	0	0	3
AK074366	0	0	3
AK074859	0	0	3
AK092811	0	0	3
AK096221	0	0	3
AK096288	0	0	3
AK098183	0	0	3
AK122874	0	0	3
AK126753	0	0	3
AK128361	0	0	3
AKAP9	1	0	1
AMOT	0	0	1
AY026053	0	0	3
BA044953	0	0	3
BAGE2	0	0	3
BC006361	0	0	3
BC012905	0	0	3
BC015765	0	0	3
BC017109	0	0	3
BC033211	0	0	3
BC046415	0	0	3
BC046449	0	0	3
BC052269	0	0	3
BC052625	0	0	3
BHC80	0	0	3
BIA2	0	0	3
BTBD1	0	0	1
BTBD14A	0	0	3
BTBD14B	0	0	3
BTBD2	0	0	1
BTBD4	0	0	3
BTBD5	0	0	3
BTBD6	0	0	1
BX538183	0	0	3
BX648737	0	0	3
C16orf44	0	0	3
C3IP1	0	0	3
CDK5	0	0	1
DKFZp547B0714	0	0	3
DKFZp686B0797	0	0	3
DKFZp686B2197	0	0	3
DKFZp761B128	0	0	3
DKFZp762I137	0	0	3
EHZF	0	0	3
EME2	1	0	1
ENC1	0	0	1
ESX1L	0	0	3
FLJ10300	0	0	3
FLJ10876	0	0	3
FLJ11078	0	0	3
FLJ11637	0	0	3
FLJ12586	0	0	3
FLJ12587	0	0	3
FLJ12700	0	0	3
FLJ12895	0	0	3
FLJ12985	0	0	3
FLJ14260	0	0	3
FLJ14297	0	0	3
FLJ14299	0	0	3
FLJ14345	0	0	3
FLJ14486	0	0	3
FLJ14768	0	0	3
FLJ14779	0	0	3
FLJ20079	0	0	3
FLJ20344	0	0	3
FLJ20582	0	0	3
FLJ20626	0	0	3
FLJ21628	0	0	3
FLJ21941	0	0	3
FLJ22059	0	0	3
FLJ23233	0	0	3
FLJ23436	0	0	3
FLJ23506	0	0	3
FLJ23614	0	0	3
FLJ23765	0	0	3
FLJ25169	0	0	3
FLJ30663	0	0	3
FLJ30726	0	0	3
FLJ30921	0	0	3
FLJ30927	0	0	3
FLJ30932	0	0	3
FLJ31030	0	0	3
FLJ31100	0	0	3
FLJ31295	0	0	3
FLJ31413	0	0	3
FLJ31751	0	0	3
FLJ31875	0	0	3
FLJ31986	0	0	3
FLJ32053	0	0	3
FLJ32130	0	0	3
FLJ32191	0	0	3
FLJ32932	0	0	3
FLJ33071	0	0	3
FLJ34817	0	0	3
FLJ34917	0	0	3
FLJ35107	0	0	3
FLJ35863	0	0	3
FLJ35867	0	0	3
FLJ35954	0	0	3
FLJ36040	0	0	3
FLJ36666	0	0	3
FLJ37970	0	0	3
FLJ39963	0	0	3
FLJ40160	0	0	3
FLJ90396	0	0	3
FREQ	0	0	3
GREB1	0	0	1
HATH6	0	0	3
HPCA	0	0	1
HPCAL1	0	0	1
HSPC059	0	0	3
HSPC063	0	0	3
HSRNAFEV	0	0	3
HUMPPA	0	0	3
HZF12	0	0	3
ID2B	0	0	3
IVNS1ABP	0	0	1
Jade-1	0	0	3
JARID1A	0	0	3
JARID1B	0	0	3
JARID1D	0	0	3
JMJD1	0	0	3
JMJD2	0	0	3
JMJD2B	0	0	3
KBTBD10	0	0	3
KBTBD5	0	0	3
KBTBD7	0	0	1
KCNIP1	0	0	1
KCNIP2	0	0	1
KCNIP4	0	0	1
KIAA0339	0	0	3
KIAA0390	0	0	3
KIAA0431	0	0	3
KIAA0445	0	0	3
KIAA0543	0	0	3
KIAA0628	0	0	3
KIAA0924	0	0	3
KIAA1076	0	0	3
KIAA1285	0	0	3
KIAA1309	0	0	3
KIAA1340	0	0	3
KIAA1384	0	0	3
KIAA1441	0	0	3
KIAA1474	0	0	3
KIAA1862	0	0	3
KLHL1	0	0	1
KLHL3	0	0	1
KLHL4	0	0	1
KLHL6	0	0	1
KLHL8	0	0	1
KRBO3	0	0	3
LOC115468	0	0	3
LOC115509	0	0	3
LOC115950	0	0	3
LOC126295	0	0	3
LOC146542	0	0	3
LOC148213	0	0	3
LOC152485	0	0	3
LOC168850	0	0	3
LOC169270	0	0	3
LOC199692	0	0	3
LOC201292	0	0	3
LOC201514	0	0	3
LOC220992	0	0	3
LOC283248	0	0	3
LOC284346	0	0	3
LOC285346	0	0	3
LOC286103	0	0	3
LOC51333	0	0	3
LOC90589	0	0	3
LOC91464	0	0	3
LOC91661	0	0	3
M-RIP	0	0	3
MGC10561	0	0	3
MGC10715	0	0	3
MGC12466	0	0	3
MGC13138	0	0	3
MGC15631	0	0	3
MGC17986	0	0	3
MGC23143	0	0	3
MGC2629	0	0	3
MGC26707	0	0	3
MGC26914	0	0	3
MGC27466	0	0	3
MGC30156	0	0	3
MGC32104	0	0	3
MGC33414	0	0	3
MGC34079	0	0	3
MGC4054	0	0	3
MGC41917	0	0	3
MGC4400	0	0	3
MGC45380	0	0	3
MGC45408	0	0	3
MGC45586	0	0	3
MGC4618	0	0	3
MGC4728	0	0	3
MGC48625	0	0	3
MGC5384	0	0	3
NT_004350:88	0	0	3
NT_004525:23	0	0	3
NT_004525:75	0	0	3
NT_005034:87	0	0	3
NT_005370:482	0	0	3
NT_005403:3	0	0	3
NT_005403:380	0	0	3
NT_005416:99	0	0	3
NT_005825:232	0	0	3
NT_006519:17	0	0	3
NT_007299:265	0	0	3
NT_007592:1641	0	0	3
NT_007592:1721	0	0	3
NT_007592:1743	0	0	3
NT_007592:1790	0	0	3
NT_007758:1041	0	0	3
NT_007758:1071	0	0	3
NT_007758:1316	0	0	3
NT_007758:175	0	0	3
NT_007758:246	0	0	3
NT_007758:49	0	0	3
NT_007758:68	0	0	3
NT_007758:970	0	0	3
NT_007819:476	0	0	3
NT_007819:839	0	0	3
NT_007914:787	0	0	3
NT_007914:794	0	0	3
NT_007933:2507	0	0	3
NT_007933:56	0	0	3
NT_008413:570	0	0	3
NT_008413:741	0	0	3
NT_008476:127	0	0	3
NT_008705:419	0	0	3
NT_008818:505	0	0	3
NT_009952:480	0	0	3
NT_010404:40	0	0	3
NT_010478:365	0	0	3
NT_010552:854	0	0	3
NT_010799:327	0	0	3
NT_010874:45	0	0	3
NT_011104:174	0	0	3
NT_011104:197	0	0	3
NT_011104:361	0	0	3
NT_011104:8	0	0	3
NT_011104:89	0	0	3
NT_011109:1294	0	0	3
NT_011109:1299	0	0	3
NT_011109:1305	0	0	3
NT_011109:1313	0	0	3
NT_011109:1351	0	0	3
NT_011109:1446	0	0	3
NT_011109:1451	0	0	3
NT_011109:69	0	0	3
NT_011148:38	0	0	3
NT_011148:51	0	0	3
NT_011150:9	0	0	3
NT_011176:127	0	0	3
NT_011176:150	0	0	3
NT_011176:217	0	0	3
NT_011176:469	0	0	3
NT_011176:470	0	0	3
NT_011192:122	0	0	3
NT_011192:143	0	0	3
NT_011192:34	0	0	3
NT_011196:503	0	0	3
NT_011196:510	0	0	3
NT_011233:28	0	0	3
NT_011250:146	0	0	3
NT_011250:154	0	0	3
NT_011295:596	0	0	3
NT_011333:191	0	0	3
NT_011387:2065	0	0	3
NT_011520:1624	0	0	3
NT_011568:205	0	0	3
NT_011568:220	0	0	3
NT_011735:1	0	0	3
NT_015805:343	0	0	3
NT_017568:1168	0	0	3
NT_017568:142	0	0	3
NT_021937:180	0	0	3
NT_022052:1	0	0	3
NT_022135:81	0	0	3
NT_022184:625	0	0	3
NT_022396:136	0	0	3
NT_022665:49	0	0	3
NT_023684:87	0	0	3
NT_024397:58	0	0	3
NT_025920:29	0	0	3
NT_026437:3411	0	0	3
NT_028392:557	0	0	3
NT_029256:2	0	0	3
NT_029991:365	0	0	3
NT_029998:4	0	0	3
NT_030828:357	0	0	3
NT_031730:53	0	0	3
NT_031818:137	0	0	3
NT_031818:172	0	0	3
NT_031818:32	0	0	3
NT_033216:4	0	0	3
NT_033276:184	0	0	3
NT_033299:111	0	0	3
NT_033317:19	0	0	3
NT_033985:117	0	0	3
NT_033985:38	0	0	3
NT_034483:65	0	0	3
NT_034886:16	0	0	3
NT_035081:14	0	0	3
NT_035089:9	0	0	3
NT_035218:11	0	0	3
NT_035360:17	0	0	3
NT_035362:75	0	0	3
NT_035560:142	0	0	3
NT_035560:2	0	0	3
NT_035560:27	0	0	3
NT_035560:33	0	0	3
ODD	0	0	3
OTEX	0	0	3
PCAF	0	0	3
PHF15	0	0	3
PHF16	0	0	3
PIASY	0	0	3
PRKCBP1	0	0	3
PRO1257	0	0	3
PSMC2	0	0	1
RFPL3	0	0	1
RIN3	0	0	1
RIPX	0	0	3
RNF135	0	0	1
RNF137	0	0	3
RNF18	0	0	3
RNF36	0	0	3
SBZF3	0	0	3
SLC2A4RG	0	1	3
SOLH	0	0	3
SOM	0	0	3
SSA1	0	0	3
SZF1	0	0	3
SZFP41	0	0	3
TFCP2L3	0	0	3
TIZ	0	0	3
TP53BP2	0	0	1
TRIM16	1	0	1
TRIM17	0	0	1
TRIM35	0	0	1
TRIM39	0	0	1
TRIM4	0	0	1
TRIM41	0	0	1
TRIM47	0	0	1
TRIM48	0	0	1
TRIM50A	0	0	3
TRIM56	0	0	1
TRIM6	0	0	1
TRIM9	0	0	1
TRIP8	0	0	3
URF2	0	0	3
VIK	0	0	3
ZFH4	0	0	3
ZFP276	0	0	3
ZNF183L1	0	0	3
ZNF336	0	0	3
ZNF339	0	0	3
ZNF342	0	0	3
ZNF406	0	0	3
ZNF435	0	0	3
ZNF481	0	0	3
ZNF494	0	0	3
ZNF495	0	0	3
ZNF75	0	0	3
ZNFN1A4	0	0	3
ZNRF1	0	0	1
ZYX	0	0	1
CCDC160	0	0	1
HDGF	1	0	1
EHMT2	0	0	1
RIT2	0	0	1
Rhox13	0	0	3
Hoxa5	0	0	3
Hoxa6	0	0	3
Zfp239	0	0	3
Msx3	0	0	3
Sry	0	0	3
Hdx	0	0	3
Zic4	0	0	3
Glis3	0	0	3
P2rx2	0	0	3
Rpf2	0	0	3
Ylpm1	0	0	3
9130023H24Rik	0	0	3
Aff2	0	0	3
Bmyc	0	0	3
Ccdc79	0	0	3
Dmrtc1c1	0	0	3
Dmrtc1c2	0	0	3
Etv3l	0	0	3
Gm13154	0	0	3
Gm22	0	0	3
Gm4944	0	0	3
Gm5581	0	0	3
Gm6712	0	0	3
Gm8008	0	0	3
Hkr1	0	0	3
Hmgxb3	0	0	3
Hsf3	0	0	3
Hsfy2	0	0	3
Jund2	0	0	3
Lmyc2	0	0	3
Mllt4	0	0	3
Nr1h5	0	0	3
Prkrir	0	0	3
Rex2	0	0	3
Rhox1	0	0	3
Rhox10	0	0	3
Rhox11	0	0	3
Rhox12	0	0	3
Rhox2a	0	0	3
Rhox2b	0	0	3
Rhox2c	0	0	3
Rhox2d	0	0	3
Rhox2e	0	0	3
Rhox3e	0	0	3
Rhox3f	0	0	3
Rhox3h	0	0	3
Rhox4a	0	0	3
Rhox4b	0	0	3
Rhox4c	0	0	3
Rhox4d	0	0	3
Rhox4e	0	0	3
Rhox4f	0	0	3
Rhox4g	0	0	3
Rhox2g	0	0	3
Rhox4a2	0	0	3
Rhox2f	0	0	3
Rhox2h	0	0	3
Rhox5	0	0	3
Rhox6	0	0	3
Rhox7a	0	0	3
Rhox8	0	0	3
Rhox9	0	0	3
Rsl1	0	0	3
Sox16	0	0	3
T2	0	0	3
Tgif2lx2	0	0	3
Thap6	0	0	3
Thap8	0	0	3
Tsc22d4	0	0	3
Tshz1	0	0	3
Tshz2	0	0	3
Whsc1	0	0	3
Zbed6	0	0	3
Zcchc11	0	0	3
Zcchc6	0	0	3
Zfp11	0	0	3
Zfp128	0	0	3
Zfp141	0	0	3
Zfp260	0	0	3
Zfp273	0	0	3
Zfp300	0	0	3
Zfp354c	0	0	3
Zfp386	0	0	3
Zfp397	0	0	3
Zfp429	0	0	3
Zfp455	0	0	3
Zfp456	0	0	3
Zfp458	0	0	3
Zfp474	0	0	3
Zfp493	0	0	3
Zfp51	0	0	3
Zfp524	0	0	3
Zfp53	0	0	3
Zfp560	0	0	3
Zfp563	0	0	3
Zfp58	0	0	3
Zfp580	0	0	3
Zfp583	0	0	3
Zfp595	0	0	3
Zfp607	0	0	3
Zfp616	0	0	3
Zfp622	0	0	3
Zfp65	0	0	3
Zfp658	0	0	3
Zfp667	0	0	3
Zfp677	0	0	3
Zfp68	0	0	3
Zfp706	0	0	3
Zfp708	0	0	3
Zfp709	0	0	3
Zfp715	0	0	3
Zfp72	0	0	3
Zfp735	0	0	3
Zfp748	0	0	3
Zfp759	0	0	3
Zfp768	0	0	3
Zfp773	0	0	3
Zfp788	0	0	3
Zfp791	0	0	3
Zfp799	0	0	3
Zfp810	0	0	3
Zfp819	0	0	3
Zfp84	0	0	3
Zfp846	0	0	3
Zfp867	0	0	3
Zfp87	0	0	3
Zfp872	0	0	3
Zfp874a	0	0	3
Zfp874b	0	0	3
Zfp93	0	0	3
Zfp940	0	0	3
Zfp941	0	0	3
Zfp945	0	0	3
Zfp953	0	0	3
Zfp957	0	0	3
Zfp958	0	0	3
Zfp960	0	0	3
Zfp961	0	0	3
Zfpm2	0	0	3
Zfy1	0	0	3
Zfy2	0	0	3
Zim1	0	0	3
Zkscan7	0	0	3
Znf729	0	0	3
Zscan29	0	0	3
Zscan30	0	0	3
Zscan4a	0	0	3
Zscan4e	0	0	3
Zufsp	0	0	3
Zxda	0	0	3
Zfp568	0	0	3
Zfp932	0	0	3
Zfp809	0	0	3
Tnf	0	0	3
Myrfl	0	0	3
Zfp120	0	0	3
Gm5294	0	0	3
Zfp870	0	0	3
Gm28168	0	0	3
Gm28363	0	0	3
Gm10226	0	0	3
AC113536.1	0	0	3
Zfp459	0	0	3
Gm9045	0	0	3
Dux	0	0	3
Gm2004	0	0	3
Gm10139	0	0	3
Gm9048	0	0	3
Zfp442	0	0	3
Zfp943	0	0	3
Gm14443	0	0	3
Gm11007	0	0	3
CT573016.1	0	0	3
Rhox3a	0	0	3
Duxf3	0	0	3
Zfp54	0	0	3
Gm44973	0	0	3
Zfp352	0	0	3
Zfp936	0	0	3
Zfp772	0	0	3
Rhox3g	0	0	3
Zfp866	0	0	3
Zfp663	0	0	3
Zfp869	0	0	3
Zfp600	0	0	3
Zfp994	0	0	3
Gm35315	0	0	3
Zfp868	0	0	3
Zfp61	0	0	3
4930522L14Rik	0	0	3
Gm10772	0	0	3
Gm5141	0	0	3
AW146154	0	0	3
Zfp966	0	0	3
Gm14308	0	0	3
Gm21836	0	0	3
2810021J22Rik	0	0	3
Gm9040	0	0	3
Gm9376	0	0	3
Zfp808	0	0	3
AC166164	0	0	3
Zfp758	0	0	3
Gm14296	0	0	3
5430403G16Rik	0	0	3
Zfp985	0	0	3
Gm6020	0	0	3
Gm3854	0	0	3
Gm17655	0	0	3
Duxbl1	0	0	3
Gm14418	0	0	3
Obox8	0	0	3
Zfp949	0	0	3
Zfp969	0	0	3
Zfp980	0	0	3
Gm9772	0	0	3
Zfp472	0	0	3
Gm4881	0	0	3
Zfp993	0	0	3
Zfp433	0	0	3
Setdb2	0	0	3
Zfp871	0	0	3
Zfp970	0	0	3
Zfp988	0	0	3
Gm3055	0	0	3
Zfp850	0	0	3
AI854703	0	0	3
Zfp995	0	0	3
Gm21060	0	0	3
Gm14393	0	0	3
Zfp992	0	0	3
Gm3604	0	0	3
AU041133	0	0	3
Zfp944	0	0	3
Gm14401	0	0	3
Cphx1	0	0	3
Zfp964	0	0	3
Zfp990	0	0	3
Obox3	0	0	3
LO018689.4	0	0	3
Gm14403	0	0	3
Gm32717	0	0	3
Zfp157	0	0	3
2610044O15Rik8	0	0	3
Zfp938	0	0	3
2410141K09Rik	0	0	3
Zfp109	0	0	3
Gm14419	0	0	3
Gm12258	0	0	3
Gm5767	0	0	3
Zfp81	0	0	3
Zfp683	0	0	3
Zfp989	0	0	3
Gm15446	0	0	3
Zfp947	0	0	3
Gm28557	0	0	3
Gm14406	0	0	3
Gm14434	0	0	3
Zfp950	0	0	3
Cphx2	0	0	3
Gm4767	0	0	3
Gm13212	0	0	3
2210418O10Rik	0	0	3
Zfp976	0	0	3
LO018689.1	0	0	3
Gm10509	0	0	3
Zfp987	0	0	3
Gm10770	0	0	3
Gm28360	0	0	3
Zfp956	0	0	3
Gm14412	0	0	3
Gm21994	0	0	3
Gm9049	0	0	3
Zfp984	0	0	3
Zfp882	0	0	3
Zfp946	0	0	3
Gm14139	0	0	3
Zfp963	0	0	3
D130040H23Rik	0	0	3
Zscan4-ps1	0	0	3
Gm14322	0	0	3
Zfp968	0	0	3
Zfp977	0	0	3
Zfp967	0	0	3
Gm2026	0	0	3
Gm45871	0	0	3
Zfp973	0	0	3
Zfp101	0	0	3
Zfp983	0	0	3
Cphx3	0	0	3
Zfp931	0	0	3
Gm32802	0	0	3
Zfp534	0	0	3
Zfp991	0	0	3
Gm28047	0	0	3
Zfp825	0	0	3
Gm4724	0	0	3
Crxos	0	0	3
Zfp97	0	0	3
Gm9805	0	0	3
Gm14410	0	0	3
Zfp760	0	0	3
Zfp52	0	0	3
Zfp948	0	0	3
Zfp119b	0	0	3
BC024063	0	0	3
Gm14399	0	0	3
Gm14409	0	0	3
Gm9044	0	0	3
Obox6	0	0	3
Zfp955a	0	0	3
Zfp955b	0	0	3
Zfp975	0	0	3
AL590629.4	0	0	3
Zfp978	0	0	3
2610008E11Rik	0	0	3
AL590629.2	0	0	3
AC170751.2	0	0	3
Obox7	0	0	3
Zfp982	0	0	3
Zfp986	0	0	3
A430033K04Rik	0	0	3
Zfp35	0	0	3
9130019O22Rik	0	0	3
AI987944	0	0	3
Gm20939	0	0	3
Zfp942	0	0	3
Gm14325	0	0	3
Zfp959	0	0	3
Gm14408	0	0	3
Zfp763	0	0	3
Zscan4-ps2	0	0	3
5730507C01Rik	0	0	3
B020011L13Rik	0	0	3
Zfp40	0	0	3
Gm20422	0	0	3
Hmga1b	0	0	3
Zscan4-ps3	0	0	3
Gm14124	0	0	3
Zfp345	0	0	3
Zfp951	0	0	3
CAAA01180111	0	0	3
Zfp937	0	0	3
Zfp820	0	0	3
Gm32687	0	0	3
Zfp119a	0	0	3
2610021A01Rik	0	0	3
Gm6710	0	0	3
Zfp981	0	0	3
Rhox3a2	0	0	3
Zfp934	0	0	3
Zfp965	0	0	3
BC025920	0	0	3
Obox1	0	0	3
Rhox7b	0	0	3
Rslcan18	0	0	3
Zfp979	0	0	3
Zfp954	0	0	3
Gm29106	0	0	3
Gm19965	0	0	3
Zfp599	0	0	3
Zfp971	0	0	3
Zfp930	0	0	3
Zfp972	0	0	3
Gm2007	0	0	3
Zfp617	0	0	3
Gm7145	0	0	3
Gm4631	0	0	3
Gm14326	0	0	3
Gm12845	0	0	3
Rhox3c	0	0	3
Obox5	0	0	3
Gm14305	0	0	3
Platr25	0	0	3
4932411N23Rik	0	0	3
Gm9046	0	0	3
Gm4924	0	0	3
D3Ertd254e	0	0	3
2010315B03Rik	0	0	3
Gm14444	0	0	3
Zfp811	0	0	3
Gm10778	0	0	3
Gm17067	0	0	3
Zfp873	0	0	3
AL593853.1	0	0	3
Zfp933	0	0	3
Gm2381	0	0	3
Zfp85	0	0	3
Gm11009	0	0	3
Zfp952	0	0	3
Zfp229	0	0	3
Zfp935	0	0	3
Gm6871	0	0	3
AABR07045786.1	0	0	3
AABR07035107.1	0	0	3
AABR07060287.1	0	0	3
AABR07002885.1	0	0	3
AABR07001099.1	0	0	3
AABR07029613.1	0	0	3
AABR07005779.3	0	0	3
AABR07025825.1	0	0	3
RGD1564836	0	0	3
LOC102554913	0	0	3
AABR07003056.1	0	0	3
AABR07002868.1	0	0	3
AABR07001926.1	0	0	3
AABR07055826.1	0	0	3
AABR07001910.1	0	0	3
Zfp267	0	0	3
AABR07002623.1	0	0	3
AC120712.4	0	0	3
Gm14391	0	0	3
AABR07002774.4	0	0	3
AABR07002870.1	0	0	3
AABR07040480.1	0	0	3
LOC100362783	0	0	3
AABR07067274.1	0	0	3
Zfp707l1	0	0	3
LOC102555183	0	0	3
Znf442	0	0	3
AC130232.2	0	0	3
AABR07009106.1	0	0	3
AABR07056503.1	0	0	3
LOC691030	0	0	3
AABR07049821.2	0	0	3
LOC691661	0	0	3
Rbpjl2	0	0	3
AABR07040266.1	0	0	3
AABR07001905.2	0	0	3
AABR07059679.1	0	0	3
AC126572.1	0	0	3
AABR07031756	0	0	3
Nf1x	0	0	3
AABR07073021.3	0	0	3
AABR07055919.1	0	0	3
LOC108349189	0	0	3
AABR07002893.1	0	0	3
AABR07049184.1	0	0	3
LOC100911511	0	0	3
AABR07002774.1	0	0	3
LOC108349258	0	0	3
Giot1	0	0	3
AABR07040430.1	0	0	3
AABR07006860.1	0	0	3
RGD1565622	0	0	3
AABR07055917.1	0	0	3
AABR07002775.1	0	0	3
LOC501406	0	0	3
AC109942.1	0	0	3
AABR07027925.1	0	0	3
AABR07040695.1	0	0	3
AABR07009373.1	0	0	3
LOC680200	0	0	3
AC127605.1	0	0	3
AABR07002774.2	0	0	3
AABR07054723.1	0	0	3
AABR07048419.2	0	0	3
AC115666.1	0	0	3
RGD1566225	0	0	3
LOC108348302	0	0	3
AABR07035375.1	0	0	3
AABR07002065.1	0	0	3
AABR07066826.2	0	0	3
AABR07002784.1	0	0	3
AC099444.1	0	0	3
AC123471.1	0	0	3
AC118165.1	0	0	3
Rhox3	0	0	3
AABR07002896.1	0	0	3
AABR07001923.1	0	0	3
AABR07041586.2	0	0	3
AC128967.2	0	0	3
AABR07039806.1	0	0	3
LOC500584	0	0	3
Zfp773-ps1	0	0	3
Rab24	0	0	3
AABR07025074.1	0	0	3
AABR07068728.1	0	0	3
Rhox2	0	0	3
AABR07060585.1	0	0	3
AC129395.1	0	0	3
AABR07003616.1	0	0	3
AABR07002351.2	0	0	3
Ybx1-ps3	0	0	3
RGD1564236	0	0	3
AABR07008242.1	0	0	3
AABR07027925.2	0	0	3
AC126572.3	0	0	3
Rhoxf10	0	0	3
AABR07035218.1	0	0	3
LOC691254	0	0	3
AABR07055776.1	0	0	3
AABR07054578.1	0	0	3
LOC103694517	0	0	3
AABR07001926.3	0	0	3
AABR07049728.1	0	0	3
AABR07006487.1	0	0	3
AC108595.1	0	0	3
AABR07036019.1	0	0	3
AABR07031494.1	0	0	3
AABR07033023.1	0	0	3
AABR07055834.1	0	0	3
RGD1564807	0	0	3
LOC103690028	0	0	3
AABR07054358.1	0	0	3
AABR07002870.2	0	0	3
AABR07019870.1	0	0	3
AABR07007130.1	0	0	3
AC094217.2	0	0	3
RGD1560585	0	0	3
LOC103694516	0	0	3
AABR07002247.1	0	0	3
LOC681067	0	0	3
AABR07071891.1	0	0	3
AABR07050399.2	0	0	3
AABR07001896.1	0	0	3
AABR07001905.1	0	0	3
AC120291.4	0	0	3
AABR07015743.1	0	0	3
AABR07060165.1	0	0	3
LOC108350839	0	0	3
AABR07069371.2	0	0	3
AABR07024534.1	0	0	3
AABR07042454.1	0	0	3
LOC499407	0	0	3
AABR07030543.1	0	0	3
AABR07054355.1	0	0	3
AABR07002134.1	0	0	3
LOC100364002	0	0	3
RGD1561558	0	0	3
AABR07054367.1	0	0	3
LOC102547412	0	0	3
AABR07053681.1	0	0	3
AABR07045684.1	0	0	3
