name	target_class	cluster_id
ADNP	DbTF	1
ADNP2	DbTF	1
AEBP1	DbTF	1
AEBP2	no-TF	5
AFF1	no-TF	3
AFF2	no-TF	5
AFF3	no-TF	5
AFF4	no-TF	5
AHCTF1	no-TF	5
AHR	DbTF	2
AHRR	DbTF	1
AIRE	no-TF	5
AKNA	no-TF	5
ALX1	DbTF	2
ALX3	DbTF	2
ALX4	DbTF	2
ANKZF1	no-TF	5
AP5Z1	no-TF	5
AR	DbTF	2
ARGFX	DbTF	2
ARHGAP35	no-TF	5
ARID1A	no-TF	5
ARID1B	no-TF	5
ARID2	no-TF	1
ARID3A	no-TF	5
ARID3B	no-TF	5
ARID3C	no-TF	5
ARID4A	no-TF	5
ARID4B	no-TF	5
ARID5A	no-TF	5
ARID5B	no-TF	5
ARNT	DbTF	2
ARNT2	DbTF	2
ARNTL	DbTF	2
ARNTL2	DbTF	2
ARX	DbTF	2
ASCL1	DbTF	2
ASCL2	DbTF	2
ASCL3	DbTF	2
ASCL4	DbTF	2
ASCL5	DbTF	2
ASH1L	no-TF	5
ASH2L	no-TF	3
ATF1	DbTF	2
ATF2	DbTF	2
ATF3	DbTF	2
ATF4	DbTF	2
ATF5	DbTF	2
ATF6	DbTF	2
ATF6B	DbTF	2
ATF7	DbTF	1
ATOH1	DbTF	2
ATOH7	DbTF	2
ATOH8	DbTF	2
ATRX	no-TF	5
ATXN7	no-TF	5
BACH1	DbTF	2
BACH2	DbTF	2
BARHL1	DbTF	2
BARHL2	DbTF	2
BARX1	DbTF	2
BARX2	DbTF	2
BATF	DbTF	2
BATF2	DbTF	2
BATF3	DbTF	2
BBX	DbTF	2
BCL11A	DbTF	1
BCL11B	DbTF	1
BCL3	no-TF	5
BCL6	DbTF	1
BCL6B	DbTF	1
BCLAF1	no-TF	5
BHLHA15	DbTF	2
BHLHA9	DbTF	2
BHLHB9	no-TF	5
BHLHE22	DbTF	2
BHLHE23	DbTF	2
BHLHE40	DbTF	2
BHLHE41	DbTF	2
BMP2	no-TF	5
BNC1	DbTF	1
BNC2	DbTF	1
BOLA1	no-TF	5
BOLA2	no-TF	5
BOLA3	no-TF	5
BPTF	no-TF	1
BRCA1	no-TF	5
BSX	DbTF	2
C20orf194	no-TF	5
CAMTA1	no-TF	2
CAMTA2	no-TF	5
CARHSP1	no-TF	5
CASZ1	DbTF	1
CBFB	no-TF	5
CCDC79	no-TF	4
CDC5L	DbTF	2
CDX1	DbTF	2
CDX2	DbTF	2
CDX4	DbTF	2
CEBPA	DbTF	2
CEBPB	DbTF	2
CEBPD	DbTF	2
CEBPE	DbTF	2
CEBPG	DbTF	2
CEBPZ	no-TF	5
CENPT	no-TF	5
CERS3	no-TF	5
CERS6	no-TF	5
CHAMP1	no-TF	5
CIC	DbTF	2
CIZ1	no-TF	5
CLOCK	DbTF	2
CNOT4	no-TF	5
CPXCR1	no-TF	5
CRAMP1	no-TF	5
CREB1	DbTF	2
CREB3	DbTF	2
CREB3L1	DbTF	2
CREB3L2	DbTF	2
CREB3L3	DbTF	2
CREB3L4	DbTF	2
CREB5	DbTF	1
CREBBP	no-TF	5
CREBL2	DbTF	2
CREBRF	DbTF	2
CREBZF	DbTF	2
CREM	DbTF	2
CRX	DbTF	2
CSRNP1	DbTF	2
CSRNP2	DbTF	2
CSRNP3	DbTF	2
CTCF	DbTF	1
CTCFL	DbTF	1
CUX1	DbTF	2
CUX2	DbTF	2
CXXC1	no-TF	5
DACH1	DbTF	2
DACH2	DbTF	2
DBP	DbTF	2
DBX1	DbTF	2
DBX2	DbTF	2
DDB2	no-TF	5
DDIT3	DbTF	2
DEAF1	DbTF	2
DLX1	DbTF	2
DLX2	DbTF	2
DLX3	DbTF	2
DLX4	DbTF	2
DLX5	DbTF	2
DLX6	DbTF	2
DMAP1	no-TF	5
DMBX1	DbTF	2
DMRT1	DbTF	2
DMRT2	DbTF	1
DMRT3	DbTF	2
DMRTA1	DbTF	2
DMRTA2	DbTF	2
DMRTB1	DbTF	2
DMRTC1	no-TF	5
DMRTC1B	no-TF	5
DMRTC2	DbTF	2
DMTF1	DbTF	2
DNAJC1	no-TF	5
DNAJC2	no-TF	5
DNAJC21	no-TF	5
DNMT1	no-TF	5
DNMT3A	no-TF	5
DNMT3B	no-TF	5
DNMT3L	no-TF	5
DPF1	no-TF	5
DPF2	no-TF	5
DPF3	no-TF	5
DPRX	DbTF	2
DR1	no-TF	5
DRAP1	no-TF	5
DRGX	DbTF	2
DUX4	DbTF	1
DUX4L9	DbTF	4
DUXA	DbTF	2
E2F1	DbTF	2
E2F2	DbTF	2
E2F3	DbTF	2
E2F4	DbTF	2
E2F5	DbTF	2
E2F6	DbTF	2
E2F7	DbTF	2
E2F8	DbTF	2
E4F1	DbTF	1
EBF1	DbTF	2
EBF2	DbTF	2
EBF3	DbTF	2
EBF4	DbTF	2
EGR1	DbTF	1
EGR2	DbTF	1
EGR3	DbTF	1
EGR4	DbTF	1
EHF	DbTF	2
ELF1	DbTF	2
ELF2	DbTF	2
ELF3	DbTF	2
ELF4	DbTF	2
ELF5	DbTF	2
ELK1	DbTF	2
ELK3	DbTF	2
ELK4	DbTF	2
ELMSAN1	no-TF	4
EMX1	DbTF	2
EMX2	DbTF	2
EN1	DbTF	2
EN2	DbTF	2
ENO1	DbTF	1
EOMES	DbTF	2
EPAS1	DbTF	2
ERF	DbTF	2
ERG	DbTF	2
ESR1	DbTF	2
ESR2	DbTF	2
ESRRA	DbTF	2
ESRRB	DbTF	2
ESRRG	DbTF	2
ESX1	DbTF	2
ETS1	DbTF	2
ETS2	DbTF	2
ETV1	DbTF	2
ETV2	DbTF	2
ETV3	DbTF	2
ETV3L	DbTF	2
ETV4	DbTF	2
ETV5	DbTF	2
ETV6	DbTF	2
ETV7	DbTF	2
EVX1	DbTF	2
EVX2	DbTF	2
EZH1	no-TF	5
EZH2	no-TF	5
FAM170A	no-TF	5
FERD3L	DbTF	2
FEV	DbTF	2
FEZF1	DbTF	1
FEZF2	DbTF	1
FIGLA	DbTF	2
FIZ1	no-TF	5
FLI1	DbTF	2
FOS	DbTF	2
FOSB	DbTF	2
FOSL1	DbTF	2
FOSL2	DbTF	2
FOXA1	DbTF	2
FOXA2	DbTF	2
FOXA3	DbTF	2
FOXB1	DbTF	2
FOXB2	DbTF	2
FOXC1	DbTF	2
FOXC2	DbTF	2
FOXD1	DbTF	2
FOXD2	DbTF	2
FOXD3	DbTF	2
FOXD4	DbTF	2
FOXD4L1	DbTF	2
FOXD4L3	DbTF	2
FOXD4L4	DbTF	2
FOXD4L5	DbTF	2
FOXD4L6	DbTF	2
FOXE1	DbTF	2
FOXE3	DbTF	2
FOXF1	DbTF	2
FOXF2	DbTF	2
FOXG1	DbTF	2
FOXH1	DbTF	2
FOXI1	DbTF	2
FOXI2	DbTF	2
FOXI3	DbTF	2
FOXJ1	DbTF	2
FOXJ2	DbTF	2
FOXJ3	DbTF	2
FOXK1	DbTF	2
FOXK2	DbTF	2
FOXL1	DbTF	2
FOXL2	DbTF	2
FOXM1	DbTF	2
FOXN1	DbTF	2
FOXN2	DbTF	2
FOXN3	DbTF	2
FOXN4	DbTF	2
FOXO1	DbTF	2
FOXO3	DbTF	2
FOXO4	DbTF	2
FOXO6	DbTF	2
FOXP1	DbTF	2
FOXP2	DbTF	2
FOXP3	DbTF	1
FOXP4	DbTF	2
FOXQ1	DbTF	2
FOXR1	DbTF	2
FOXR2	DbTF	2
FOXS1	DbTF	2
FUBP1	no-TF	5
FUBP3	no-TF	5
GABPA	DbTF	2
GABPB1	no-TF	5
GABPB2	no-TF	5
GATA1	DbTF	2
GATA2	DbTF	2
GATA3	DbTF	2
GATA4	DbTF	2
GATA5	DbTF	2
GATA6	DbTF	2
GATAD1	no-TF	5
GATAD2A	no-TF	5
GATAD2B	no-TF	5
GBX1	DbTF	2
GBX2	DbTF	2
GCFC2	no-TF	5
GCM1	DbTF	2
GCM2	DbTF	2
GFI1	DbTF	1
GFI1B	DbTF	1
GLI1	DbTF	1
GLI2	DbTF	1
GLI3	DbTF	1
GLI4	DbTF	1
GLIS1	DbTF	1
GLIS2	DbTF	1
GLIS3	DbTF	1
GMEB1	DbTF	2
GMEB2	DbTF	2
GON4L	no-TF	5
GRHL1	DbTF	2
GRHL2	DbTF	2
GRHL3	DbTF	2
GSC	DbTF	2
GSC2	DbTF	2
GSX1	DbTF	2
GSX2	DbTF	2
GTF2I	DbTF	2
GTF3A	no-TF	5
GZF1	DbTF	1
HAND1	DbTF	2
HAND2	DbTF	2
HBP1	DbTF	2
HDX	DbTF	2
HELT	DbTF	2
HES1	DbTF	2
HES2	DbTF	2
HES3	DbTF	2
HES4	DbTF	2
HES5	DbTF	2
HES6	DbTF	2
HES7	DbTF	2
HESX1	DbTF	2
HEY1	DbTF	2
HEY2	DbTF	2
HEYL	DbTF	2
HHEX	DbTF	2
HIC1	DbTF	1
HIC2	DbTF	1
HIF1A	DbTF	2
HIF3A	DbTF	2
HINFP	DbTF	1
HIVEP1	DbTF	1
HIVEP2	DbTF	1
HIVEP3	DbTF	1
HKR1	no-TF	4
HLF	DbTF	2
HLTF	no-TF	5
HLX	DbTF	2
HMBOX1	no-TF	5
HMG20A	no-TF	5
HMG20B	no-TF	5
HMGA1	no-TF	3
HMGA2	no-TF	1
HMGXB3	no-TF	5
HMGXB4	no-TF	5
HMX1	DbTF	2
HMX2	DbTF	2
HMX3	DbTF	2
HNF1A	DbTF	2
HNF1B	DbTF	2
HNF4A	DbTF	2
HNF4G	DbTF	2
HNRNPK	no-TF	5
HOMEZ	DbTF	2
HOPX	no-TF	2
HOXA1	DbTF	2
HOXA10	DbTF	2
HOXA11	DbTF	2
HOXA13	DbTF	2
HOXA2	DbTF	2
HOXA3	DbTF	2
HOXA4	DbTF	2
HOXA5	DbTF	2
HOXA6	DbTF	2
HOXA7	DbTF	2
HOXA9	DbTF	2
HOXB1	DbTF	2
HOXB13	DbTF	2
HOXB2	DbTF	2
HOXB3	DbTF	2
HOXB4	DbTF	2
HOXB5	DbTF	2
HOXB6	DbTF	2
HOXB7	DbTF	2
HOXB8	DbTF	2
HOXB9	DbTF	2
HOXC10	DbTF	2
HOXC11	DbTF	2
HOXC12	DbTF	2
HOXC13	DbTF	2
HOXC4	DbTF	2
HOXC5	DbTF	2
HOXC6	DbTF	2
HOXC8	DbTF	2
HOXC9	DbTF	2
HOXD1	DbTF	2
HOXD10	DbTF	2
HOXD11	DbTF	2
HOXD12	DbTF	2
HOXD13	DbTF	2
HOXD3	DbTF	2
HOXD4	DbTF	2
HOXD8	DbTF	2
HOXD9	DbTF	2
HSF1	DbTF	2
HSF2	DbTF	2
HSF4	DbTF	2
HSF5	DbTF	2
HSFX1	DbTF	2
HSFY1	DbTF	2
HSFY2	no-TF	3
ID1	no-TF	5
ID2	no-TF	5
ID3	no-TF	5
ID4	no-TF	5
IFI16	no-TF	5
IKZF1	DbTF	1
IKZF2	DbTF	1
IKZF3	DbTF	1
IKZF4	DbTF	1
IKZF5	DbTF	1
INSM1	DbTF	1
INSM2	DbTF	1
IRF1	DbTF	2
IRF2	DbTF	2
IRF3	DbTF	2
IRF4	DbTF	2
IRF5	DbTF	2
IRF6	DbTF	2
IRF7	DbTF	2
IRF8	DbTF	2
IRF9	DbTF	2
IRX1	DbTF	2
IRX2	DbTF	2
IRX3	DbTF	2
IRX4	DbTF	2
IRX5	DbTF	2
IRX6	DbTF	2
ISL1	DbTF	2
ISL2	DbTF	2
ISX	DbTF	2
JARID2	no-TF	5
JAZF1	no-TF	5
JDP2	DbTF	2
JUN	DbTF	2
JUNB	DbTF	2
JUND	DbTF	2
KAT5	no-TF	3
KAT6A	no-TF	5
KAT6B	no-TF	5
KAT7	no-TF	5
KAT8	no-TF	5
KCMF1	no-TF	5
KCNIP3	DbTF	1
KDM2A	no-TF	3
KDM5A	no-TF	3
KDM5B	no-TF	3
KDM5C	no-TF	3
KDM5D	no-TF	5
KHSRP	no-TF	5
KIAA1549	no-TF	5
KLF1	DbTF	1
KLF10	DbTF	1
KLF11	DbTF	1
KLF12	DbTF	2
KLF13	DbTF	1
KLF14	DbTF	1
KLF15	DbTF	1
KLF16	DbTF	1
KLF17	DbTF	1
KLF2	DbTF	1
KLF3	DbTF	1
KLF4	DbTF	1
KLF5	DbTF	1
KLF6	DbTF	1
KLF7	DbTF	1
KLF8	DbTF	1
KLF9	DbTF	1
KMT2A	no-TF	5
KMT2B	no-TF	5
KMT2C	no-TF	5
KMT2E	no-TF	5
L3MBTL1	no-TF	5
L3MBTL2	no-TF	5
L3MBTL3	no-TF	5
L3MBTL4	no-TF	5
LBX1	DbTF	2
LBX2	DbTF	2
LCOR	no-TF	5
LCORL	no-TF	5
LEF1	DbTF	2
LEUTX	DbTF	2
LHX1	DbTF	2
LHX2	DbTF	2
LHX3	DbTF	2
LHX4	DbTF	2
LHX5	DbTF	2
LHX6	DbTF	2
LHX8	DbTF	2
LHX9	DbTF	2
LMX1A	DbTF	2
LMX1B	DbTF	2
LOC730110	no-TF	4
LRRFIP1	DbTF	1
LRRFIP2	no-TF	5
LYAR	no-TF	5
LYL1	DbTF	2
MAEL	no-TF	5
MAF	DbTF	2
MAF1	no-TF	5
MAFA	DbTF	2
MAFB	DbTF	2
MAFF	DbTF	2
MAFG	DbTF	2
MAFK	DbTF	2
MATR3	no-TF	5
MAX	DbTF	2
MAZ	DbTF	1
MBD1	no-TF	1
MBD2	no-TF	3
MBD3	no-TF	3
MBD3L1	no-TF	5
MBD3L2	no-TF	5
MBD4	no-TF	5
MBD5	no-TF	5
MBD6	no-TF	5
MBNL3	no-TF	5
MECOM	DbTF	1
MECP2	no-TF	1
MEF2A	DbTF	2
MEF2B	DbTF	2
MEF2C	DbTF	2
MEF2D	DbTF	2
MEIS1	DbTF	2
MEIS2	DbTF	2
MEIS3	DbTF	2
MEIS3P1	DbTF	4
MEIS3P2	DbTF	4
MEOX1	DbTF	2
MEOX2	DbTF	2
MESP1	DbTF	2
MESP2	DbTF	2
MGA	DbTF	2
MIER1	no-TF	5
MIER2	no-TF	5
MIER3	no-TF	5
MIS18BP1	no-TF	5
MITF	DbTF	2
MIXL1	DbTF	2
MKX	DbTF	2
MLLT1	no-TF	5
MLLT10	no-TF	5
MLLT11	no-TF	5
MLLT3	no-TF	5
MLLT4	no-TF	4
MLLT6	no-TF	5
MLX	DbTF	2
MLXIP	DbTF	2
MLXIPL	DbTF	2
MNT	DbTF	2
MNX1	DbTF	2
MSC	DbTF	2
MSGN1	DbTF	2
MSX1	DbTF	2
MSX2	DbTF	2
MTA1	no-TF	3
MTA2	no-TF	3
MTA3	no-TF	3
MTF1	DbTF	1
MTF2	no-TF	5
MXD1	DbTF	2
MXD3	DbTF	2
MXD4	DbTF	2
MXI1	DbTF	2
MYB	DbTF	2
MYBL1	DbTF	2
MYBL2	DbTF	2
MYC	DbTF	2
MYCL	DbTF	2
MYCLP1	DbTF	4
MYCN	DbTF	2
MYF5	DbTF	2
MYF6	DbTF	2
MYNN	DbTF	1
MYOD1	DbTF	2
MYOG	DbTF	2
MYRF	DbTF	2
MYSM1	no-TF	5
MYT1	DbTF	2
MYT1L	DbTF	2
MZF1	DbTF	1
NANOG	DbTF	2
NANOGNB	DbTF	2
NANOGP1	DbTF	4
NANOGP8	DbTF	2
NCOA1	no-TF	5
NCOA2	no-TF	3
NCOA3	no-TF	3
NCOA4	no-TF	4
NCOA5	no-TF	5
NCOA6	no-TF	3
NCOA7	no-TF	5
NCOR1	no-TF	3
NCOR2	no-TF	3
NEUROD1	DbTF	2
NEUROD2	DbTF	2
NEUROD4	DbTF	2
NEUROD6	DbTF	2
NEUROG1	DbTF	2
NEUROG2	DbTF	2
NEUROG3	DbTF	2
NFAT5	DbTF	2
NFATC1	DbTF	2
NFATC2	DbTF	2
NFATC3	DbTF	2
NFATC4	DbTF	2
NFE2	DbTF	2
NFE2L1	DbTF	2
NFE2L2	DbTF	2
NFE2L3	DbTF	2
NFIA	DbTF	2
NFIB	DbTF	2
NFIC	DbTF	2
NFIL3	DbTF	2
NFIX	DbTF	2
NFKB1	DbTF	2
NFKB2	DbTF	2
NFKBIA	no-TF	5
NFKBIB	no-TF	5
NFKBID	no-TF	5
NFKBIE	no-TF	5
NFKBIL1	no-TF	5
NFKBIZ	no-TF	5
NFRKB	no-TF	5
NFX1	DbTF	1
NFXL1	DbTF	2
NFYA	DbTF	2
NFYB	DbTF	2
NFYC	DbTF	2
NHLH1	DbTF	2
NHLH2	DbTF	2
NKRF	DbTF	1
NKX1-1	DbTF	2
NKX1-2	DbTF	2
NKX2-1	DbTF	2
NKX2-2	DbTF	2
NKX2-3	DbTF	2
NKX2-4	DbTF	2
NKX2-5	DbTF	2
NKX2-6	DbTF	2
NKX2-8	DbTF	2
NKX3-1	DbTF	2
NKX3-2	DbTF	2
NKX6-1	DbTF	2
NKX6-2	DbTF	2
NKX6-3	DbTF	2
NOBOX	DbTF	2
NOC3L	no-TF	5
NOC4L	no-TF	5
NONO	no-TF	3
NOTO	DbTF	2
NPAS1	DbTF	2
NPAS2	DbTF	2
NPAS3	DbTF	2
NPAS4	DbTF	2
NR0B1	no-TF	2
NR0B2	no-TF	3
NR1D1	DbTF	2
NR1D2	DbTF	2
NR1H2	DbTF	2
NR1H3	DbTF	2
NR1H4	DbTF	2
NR1I2	DbTF	2
NR1I3	DbTF	2
NR2C1	DbTF	2
NR2C2	DbTF	2
NR2E1	DbTF	2
NR2E3	DbTF	2
NR2F1	DbTF	2
NR2F2	DbTF	2
NR2F6	DbTF	2
NR3C1	DbTF	2
NR3C2	DbTF	2
NR4A1	DbTF	2
NR4A2	DbTF	2
NR4A3	DbTF	2
NR5A1	DbTF	2
NR5A2	DbTF	2
NR6A1	DbTF	2
NRF1	DbTF	1
NRL	DbTF	2
OLIG1	DbTF	2
OLIG2	DbTF	2
OLIG3	DbTF	2
ONECUT1	DbTF	2
ONECUT2	DbTF	2
ONECUT3	DbTF	2
OSR1	DbTF	1
OSR2	DbTF	1
OTP	DbTF	2
OTX1	DbTF	2
OTX2	DbTF	2
OVOL1	DbTF	1
OVOL2	DbTF	1
OVOL3	DbTF	1
PARP1	no-TF	5
PARP12	no-TF	5
PATZ1	DbTF	1
PAWR	no-TF	5
PAX1	DbTF	2
PAX2	DbTF	2
PAX3	DbTF	2
PAX4	DbTF	2
PAX5	DbTF	2
PAX6	DbTF	2
PAX7	DbTF	2
PAX8	DbTF	2
PAX9	DbTF	2
PAXBP1	no-TF	1
PBRM1	no-TF	5
PBX1	DbTF	2
PBX2	DbTF	2
PBX3	DbTF	2
PBX4	DbTF	2
PCBP1	no-TF	5
PCBP2	no-TF	5
PCBP3	no-TF	5
PCBP4	no-TF	5
PCGF6	no-TF	5
PDX1	DbTF	2
PEG3	DbTF	1
PGR	DbTF	2
PHB	no-TF	3
PHB2	no-TF	5
PHF20	no-TF	5
PHF5A	no-TF	5
PHOX2A	DbTF	2
PHOX2B	DbTF	2
PHTF1	no-TF	5
PHTF2	no-TF	5
PITX1	DbTF	2
PITX2	DbTF	2
PITX3	DbTF	2
PKNOX1	DbTF	2
PKNOX2	DbTF	2
PLAG1	DbTF	1
PLAGL1	DbTF	1
PLAGL2	DbTF	1
PLEK	no-TF	5
POGZ	no-TF	1
POU1F1	DbTF	2
POU2AF1	no-TF	5
POU2F1	DbTF	2
POU2F2	DbTF	2
POU2F3	DbTF	2
POU3F1	DbTF	2
POU3F2	DbTF	2
POU3F3	DbTF	2
POU3F4	DbTF	2
POU4F1	DbTF	2
POU4F2	DbTF	2
POU4F3	DbTF	2
POU5F1	DbTF	2
POU5F1B	DbTF	2
POU5F2	DbTF	2
POU6F1	DbTF	1
POU6F2	DbTF	2
PPARA	DbTF	2
PPARD	DbTF	2
PPARG	DbTF	2
PPP1R13L	no-TF	5
PRDM1	DbTF	1
PRDM10	no-TF	5
PRDM11	no-TF	5
PRDM12	DbTF	1
PRDM13	no-TF	5
PRDM14	DbTF	1
PRDM15	DbTF	1
PRDM16	DbTF	1
PRDM2	DbTF	1
PRDM4	DbTF	1
PRDM5	DbTF	1
PRDM6	no-TF	5
PRDM7	no-TF	5
PRDM8	no-TF	5
PRDM9	no-TF	5
PREB	no-TF	5
PROP1	DbTF	2
PROX1	DbTF	2
PROX2	DbTF	2
PRRX1	DbTF	2
PRRX2	DbTF	2
PSPC1	no-TF	3
PTF1A	DbTF	2
PURA	DbTF	1
PURB	DbTF	1
PURG	DbTF	1
RARA	DbTF	2
RARB	DbTF	2
RARG	DbTF	2
RAX	DbTF	2
RAX2	DbTF	2
RBAK	DbTF	1
RBM22	no-TF	5
RBPJ	DbTF	2
RBPJL	DbTF	2
RC3H1	no-TF	5
RC3H2	no-TF	5
RCOR1	no-TF	5
RCOR2	no-TF	5
RCOR3	no-TF	5
REL	DbTF	2
RELA	DbTF	2
RELB	DbTF	2
RERE	no-TF	5
REST	DbTF	1
RFX1	DbTF	2
RFX2	DbTF	2
RFX3	DbTF	2
RFX4	DbTF	2
RFX5	DbTF	2
RFX6	DbTF	2
RFX7	DbTF	2
RFX8	DbTF	2
RFXANK	no-TF	5
RFXAP	no-TF	3
RHOXF1	DbTF	2
RHOXF2	DbTF	2
RHOXF2B	DbTF	2
RLF	DbTF	1
RORA	DbTF	2
RORB	DbTF	2
RORC	DbTF	2
RREB1	DbTF	1
RUNX1	DbTF	2
RUNX1T1	no-TF	5
RUNX2	DbTF	2
RUNX3	DbTF	2
RXRA	DbTF	2
RXRB	DbTF	2
RXRG	DbTF	2
SALL1	DbTF	1
SALL2	DbTF	1
SALL3	DbTF	1
SALL4	DbTF	1
SATB1	DbTF	2
SATB2	DbTF	2
SCAPER	no-TF	5
SCRT1	DbTF	1
SCRT2	DbTF	1
SCX	DbTF	2
SEBOX	DbTF	2
SETBP1	no-TF	5
SFPQ	no-TF	3
SHOX	DbTF	2
SHOX2	DbTF	2
SIM1	DbTF	2
SIM2	DbTF	2
SIX1	DbTF	2
SIX2	DbTF	2
SIX3	DbTF	2
SIX4	DbTF	2
SIX5	DbTF	2
SIX6	DbTF	2
SKI	DbTF	1
SKIL	DbTF	2
SKOR1	DbTF	4
SKOR2	DbTF	4
SLC30A9	no-TF	5
SMAD1	DbTF	2
SMAD2	DbTF	2
SMAD3	DbTF	2
SMAD4	DbTF	2
SMAD5	DbTF	2
SMAD6	no-TF	2
SMAD7	no-TF	1
SMAD9	DbTF	2
SMARCA1	no-TF	5
SMARCA2	no-TF	5
SMARCA4	no-TF	5
SMARCA5	no-TF	5
SMARCAD1	no-TF	5
SMARCAL1	no-TF	5
SMARCB1	no-TF	5
SMARCC1	no-TF	5
SMARCC2	no-TF	5
SMARCD1	no-TF	5
SMARCD2	no-TF	5
SMARCD3	no-TF	5
SMARCE1	no-TF	5
SNAI1	DbTF	1
SNAI2	DbTF	1
SNAI3	DbTF	1
SNAPC4	no-TF	5
SOHLH1	DbTF	2
SOHLH2	DbTF	2
SOX1	DbTF	2
SOX10	DbTF	2
SOX11	DbTF	2
SOX12	DbTF	2
SOX13	DbTF	2
SOX14	DbTF	2
SOX15	DbTF	2
SOX17	DbTF	2
SOX18	DbTF	2
SOX2	DbTF	2
SOX21	DbTF	2
SOX3	DbTF	2
SOX30	DbTF	2
SOX4	DbTF	2
SOX5	DbTF	2
SOX6	DbTF	2
SOX7	DbTF	2
SOX8	DbTF	2
SOX9	DbTF	2
SP1	DbTF	2
SP100	DbTF	1
SP110	DbTF	1
SP140	DbTF	1
SP140L	DbTF	1
SP2	DbTF	1
SP3	DbTF	1
SP4	DbTF	1
SP5	DbTF	1
SP6	DbTF	1
SP7	DbTF	1
SP8	DbTF	1
SP9	DbTF	1
SPDEF	DbTF	2
SPI1	DbTF	2
SPIB	DbTF	2
SPIC	DbTF	2
SPZ1	DbTF	1
SREBF1	DbTF	2
SREBF2	DbTF	2
SRF	DbTF	2
SRY	DbTF	2
SSRP1	no-TF	5
ST18	DbTF	2
STAT1	DbTF	2
STAT2	DbTF	2
STAT3	DbTF	2
STAT4	DbTF	2
STAT5A	DbTF	2
STAT5B	DbTF	2
STAT6	DbTF	2
T	no-TF	4
TADA2A	no-TF	5
TADA2B	no-TF	5
TAF1	no-TF	3
TAL1	DbTF	2
TAL2	DbTF	2
TAX1BP1	no-TF	5
TAX1BP3	no-TF	5
TBP	no-TF	5
TBPL1	no-TF	3
TBPL2	no-TF	5
TBR1	DbTF	2
TBX1	DbTF	2
TBX10	DbTF	2
TBX15	DbTF	2
TBX18	DbTF	2
TBX19	DbTF	2
TBX2	DbTF	2
TBX20	DbTF	2
TBX21	DbTF	2
TBX22	DbTF	2
TBX3	DbTF	2
TBX4	DbTF	2
TBX5	DbTF	2
TBX6	DbTF	2
TCF12	DbTF	2
TCF15	DbTF	2
TCF19	no-TF	5
TCF20	no-TF	5
TCF21	DbTF	2
TCF23	DbTF	2
TCF24	DbTF	2
TCF25	no-TF	5
TCF3	DbTF	2
TCF4	DbTF	2
TCF7	DbTF	2
TCF7L1	DbTF	2
TCF7L2	DbTF	2
TCFL5	DbTF	2
TEAD1	DbTF	2
TEAD2	DbTF	2
TEAD3	DbTF	2
TEAD4	DbTF	2
TEF	DbTF	2
TERF1	no-TF	5
TERF2	no-TF	5
TET1	no-TF	5
TET2	no-TF	5
TET3	no-TF	5
TFAM	no-TF	5
TFAP2A	DbTF	2
TFAP2B	DbTF	2
TFAP2C	DbTF	2
TFAP2D	DbTF	2
TFAP2E	DbTF	2
TFAP4	DbTF	2
TFB1M	no-TF	5
TFB2M	no-TF	5
TFCP2	DbTF	2
TFCP2L1	DbTF	2
TFDP1	DbTF	2
TFDP2	DbTF	2
TFDP3	no-TF	5
TFE3	DbTF	2
TFEB	DbTF	2
TFEC	DbTF	2
TGIF1	DbTF	2
TGIF2	DbTF	2
TGIF2LX	DbTF	2
TGIF2LY	DbTF	2
THAP1	DbTF	1
THAP10	no-TF	3
THAP11	DbTF	1
THAP12	no-TF	3
THAP2	no-TF	3
THAP3	no-TF	3
THAP4	no-TF	3
THAP5	no-TF	5
THAP6	no-TF	3
THAP7	no-TF	1
THAP8	no-TF	3
THAP9	no-TF	3
THRA	DbTF	2
THRB	DbTF	2
TLX1	DbTF	2
TLX2	DbTF	2
TLX3	DbTF	2
TOE1	no-TF	5
TONSL	no-TF	5
TOPORS	no-TF	1
TOX	no-TF	5
TOX2	no-TF	5
TOX3	no-TF	5
TOX4	no-TF	5
TP53	DbTF	2
TP63	DbTF	2
TP73	DbTF	2
TPRX1	DbTF	2
TPRXL	no-TF	4
TRERF1	no-TF	1
TRPS1	DbTF	1
TSC22D1	no-TF	5
TSC22D2	no-TF	5
TSC22D3	no-TF	5
TSC22D4	no-TF	5
TSHZ1	DbTF	1
TSHZ2	DbTF	1
TSHZ3	DbTF	1
TTF1	no-TF	5
TTF2	no-TF	3
TUB	no-TF	5
TWIST1	DbTF	2
TWIST2	DbTF	2
UBP1	DbTF	2
UBTF	no-TF	5
UBTFL1	no-TF	5
UBTFL6	no-TF	4
UNCX	DbTF	2
UNK	no-TF	5
UNKL	no-TF	5
USF1	DbTF	2
USF2	DbTF	2
USF3	DbTF	2
UTF1	no-TF	3
VAX1	DbTF	2
VAX2	DbTF	2
VDR	DbTF	2
VENTX	DbTF	2
VEZF1	DbTF	1
VSX1	DbTF	2
VSX2	DbTF	2
WDHD1	no-TF	5
WHSC1	no-TF	4
WIZ	DbTF	1
WT1	DbTF	1
XBP1	DbTF	2
YBX1	no-TF	5
YBX2	no-TF	5
YBX3	no-TF	5
YEATS2	no-TF	5
YEATS4	no-TF	5
YY1	DbTF	1
YY2	DbTF	1
ZBED1	DbTF	2
ZBED2	DbTF	1
ZBED3	DbTF	2
ZBED4	DbTF	1
ZBED5	DbTF	2
ZBED6	DbTF	2
ZBP1	no-TF	5
ZBTB1	DbTF	1
ZBTB10	DbTF	1
ZBTB11	DbTF	1
ZBTB12	DbTF	1
ZBTB14	DbTF	1
ZBTB16	DbTF	1
ZBTB17	DbTF	1
ZBTB18	DbTF	1
ZBTB2	DbTF	1
ZBTB20	DbTF	1
ZBTB21	DbTF	1
ZBTB22	DbTF	1
ZBTB24	DbTF	1
ZBTB25	DbTF	1
ZBTB26	DbTF	1
ZBTB3	DbTF	1
ZBTB32	DbTF	1
ZBTB33	DbTF	1
ZBTB34	DbTF	1
ZBTB37	DbTF	1
ZBTB38	DbTF	1
ZBTB39	DbTF	1
ZBTB4	DbTF	1
ZBTB40	DbTF	1
ZBTB41	DbTF	1
ZBTB42	DbTF	1
ZBTB43	DbTF	1
ZBTB44	no-TF	5
ZBTB45	DbTF	1
ZBTB46	DbTF	1
ZBTB47	DbTF	1
ZBTB48	DbTF	1
ZBTB49	DbTF	1
ZBTB5	DbTF	1
ZBTB6	DbTF	1
ZBTB7A	DbTF	1
ZBTB7B	DbTF	1
ZBTB7C	DbTF	1
ZBTB8A	DbTF	1
ZBTB9	DbTF	1
ZC3H10	no-TF	5
ZC3H11A	no-TF	5
ZC3H12A	no-TF	5
ZC3H12B	no-TF	5
ZC3H13	no-TF	5
ZC3H14	no-TF	5
ZC3H15	no-TF	5
ZC3H18	no-TF	5
ZC3H3	no-TF	5
ZC3H4	no-TF	5
ZC3H6	no-TF	5
ZC3H7A	no-TF	5
ZC3H7B	no-TF	5
ZC3H8	no-TF	5
ZCCHC11	no-TF	4
ZCCHC6	no-TF	4
ZEB1	DbTF	1
ZEB2	DbTF	1
ZFAT	DbTF	1
ZFHX2	DbTF	1
ZFHX3	DbTF	1
ZFHX4	DbTF	1
ZFP1	DbTF	1
ZFP14	DbTF	1
ZFP2	DbTF	1
ZFP28	DbTF	1
ZFP3	DbTF	1
ZFP30	DbTF	1
ZFP36L1	no-TF	5
ZFP36L2	no-TF	5
ZFP37	DbTF	1
ZFP41	DbTF	1
ZFP42	DbTF	1
ZFP57	DbTF	1
ZFP62	DbTF	1
ZFP64	no-TF	5
ZFP69	DbTF	1
ZFP69B	DbTF	1
ZFP82	DbTF	1
ZFP90	DbTF	1
ZFP91	no-TF	5
ZFP92	DbTF	1
ZFPM1	no-TF	1
ZFPM2	no-TF	5
ZFX	DbTF	1
ZFY	DbTF	1
ZFYVE26	no-TF	5
ZGLP1	DbTF	2
ZGPAT	DbTF	1
ZHX1	DbTF	1
ZHX2	DbTF	1
ZHX3	DbTF	1
ZIC1	DbTF	1
ZIC2	DbTF	1
ZIC3	DbTF	1
ZIC4	DbTF	1
ZIC5	DbTF	1
ZIK1	DbTF	1
ZIM2	DbTF	1
ZIM3	DbTF	1
ZKSCAN1	DbTF	1
ZKSCAN2	DbTF	1
ZKSCAN3	DbTF	1
ZKSCAN4	DbTF	1
ZKSCAN5	DbTF	1
ZKSCAN7	DbTF	1
ZKSCAN8	DbTF	1
ZMAT1	no-TF	5
ZMAT2	no-TF	5
ZMAT3	no-TF	5
ZMAT4	no-TF	5
ZMAT5	no-TF	5
ZNF10	DbTF	1
ZNF100	DbTF	1
ZNF101	DbTF	1
ZNF106	no-TF	5
ZNF107	DbTF	1
ZNF112	DbTF	1
ZNF114	DbTF	1
ZNF117	DbTF	1
ZNF12	DbTF	1
ZNF121	DbTF	1
ZNF124	DbTF	1
ZNF131	DbTF	1
ZNF132	DbTF	1
ZNF133	DbTF	1
ZNF134	DbTF	1
ZNF135	DbTF	1
ZNF136	DbTF	1
ZNF137P	DbTF	4
ZNF138	DbTF	1
ZNF14	DbTF	1
ZNF140	DbTF	1
ZNF141	DbTF	1
ZNF142	DbTF	1
ZNF143	DbTF	1
ZNF146	DbTF	1
ZNF148	DbTF	1
ZNF154	DbTF	1
ZNF155	DbTF	1
ZNF157	DbTF	1
ZNF16	DbTF	1
ZNF160	DbTF	1
ZNF165	DbTF	1
ZNF169	DbTF	1
ZNF17	DbTF	1
ZNF174	DbTF	1
ZNF175	DbTF	1
ZNF18	DbTF	1
ZNF180	DbTF	1
ZNF181	DbTF	1
ZNF182	DbTF	1
ZNF184	DbTF	1
ZNF189	DbTF	1
ZNF19	DbTF	1
ZNF195	DbTF	1
ZNF197	DbTF	1
ZNF2	DbTF	1
ZNF20	DbTF	1
ZNF200	no-TF	5
ZNF202	DbTF	1
ZNF205	DbTF	1
ZNF207	no-TF	5
ZNF208	DbTF	1
ZNF211	DbTF	1
ZNF212	DbTF	1
ZNF213	DbTF	1
ZNF214	DbTF	1
ZNF215	DbTF	1
ZNF217	DbTF	1
ZNF219	DbTF	1
ZNF22	DbTF	1
ZNF221	DbTF	1
ZNF223	DbTF	1
ZNF224	DbTF	1
ZNF225	DbTF	1
ZNF226	DbTF	1
ZNF227	DbTF	1
ZNF229	DbTF	1
ZNF23	DbTF	1
ZNF230	DbTF	1
ZNF232	DbTF	1
ZNF233	DbTF	1
ZNF234	DbTF	1
ZNF235	DbTF	1
ZNF236	DbTF	1
ZNF239	DbTF	1
ZNF24	DbTF	1
ZNF248	DbTF	1
ZNF25	DbTF	1
ZNF250	DbTF	1
ZNF251	DbTF	1
ZNF252P	no-TF	4
ZNF253	DbTF	1
ZNF254	DbTF	1
ZNF256	DbTF	1
ZNF257	DbTF	1
ZNF26	DbTF	1
ZNF260	DbTF	1
ZNF263	DbTF	1
ZNF264	DbTF	1
ZNF266	DbTF	1
ZNF267	DbTF	1
ZNF268	DbTF	1
ZNF271P	no-TF	4
ZNF273	DbTF	1
ZNF274	DbTF	1
ZNF275	DbTF	1
ZNF276	no-TF	5
ZNF277	no-TF	5
ZNF28	DbTF	1
ZNF280A	DbTF	1
ZNF280B	DbTF	1
ZNF280C	DbTF	1
ZNF280D	DbTF	1
ZNF281	DbTF	1
ZNF282	DbTF	1
ZNF283	DbTF	1
ZNF284	DbTF	1
ZNF285	DbTF	1
ZNF286A	DbTF	1
ZNF286B	DbTF	4
ZNF287	DbTF	1
ZNF292	DbTF	1
ZNF296	DbTF	1
ZNF3	DbTF	1
ZNF30	DbTF	1
ZNF300	DbTF	1
ZNF302	DbTF	1
ZNF304	DbTF	1
ZNF311	DbTF	1
ZNF316	DbTF	1
ZNF317	DbTF	1
ZNF318	no-TF	5
ZNF319	DbTF	1
ZNF32	DbTF	1
ZNF320	DbTF	1
ZNF322	DbTF	1
ZNF324	DbTF	1
ZNF324B	DbTF	1
ZNF326	no-TF	5
ZNF329	DbTF	1
ZNF331	DbTF	1
ZNF333	DbTF	1
ZNF334	DbTF	1
ZNF335	no-TF	1
ZNF337	DbTF	1
ZNF33A	DbTF	1
ZNF33B	DbTF	1
ZNF34	DbTF	1
ZNF341	DbTF	1
ZNF343	DbTF	1
ZNF345	DbTF	1
ZNF346	no-TF	5
ZNF347	DbTF	1
ZNF35	DbTF	1
ZNF350	DbTF	1
ZNF354A	DbTF	1
ZNF354B	DbTF	1
ZNF354C	DbTF	1
ZNF355P	DbTF	4
ZNF358	DbTF	1
ZNF362	DbTF	1
ZNF365	no-TF	5
ZNF366	no-TF	5
ZNF367	DbTF	1
ZNF37A	DbTF	1
ZNF382	DbTF	1
ZNF383	DbTF	1
ZNF384	DbTF	1
ZNF385A	no-TF	5
ZNF385B	no-TF	5
ZNF385C	no-TF	5
ZNF385D	no-TF	5
ZNF391	DbTF	1
ZNF394	DbTF	1
ZNF395	DbTF	1
ZNF396	DbTF	1
ZNF397	DbTF	1
ZNF398	DbTF	1
ZNF404	DbTF	1
ZNF407	no-TF	5
ZNF408	DbTF	1
ZNF41	DbTF	1
ZNF410	no-TF	5
ZNF414	DbTF	1
ZNF415	DbTF	1
ZNF416	DbTF	1
ZNF417	DbTF	1
ZNF418	DbTF	1
ZNF419	DbTF	1
ZNF420	DbTF	1
ZNF423	DbTF	1
ZNF425	DbTF	1
ZNF426	DbTF	1
ZNF428	no-TF	5
ZNF429	DbTF	1
ZNF43	DbTF	1
ZNF430	DbTF	1
ZNF431	DbTF	1
ZNF432	DbTF	1
ZNF433	DbTF	1
ZNF436	DbTF	1
ZNF438	DbTF	1
ZNF439	DbTF	1
ZNF44	DbTF	1
ZNF440	DbTF	1
ZNF441	DbTF	1
ZNF442	DbTF	1
ZNF443	DbTF	1
ZNF444	DbTF	1
ZNF445	DbTF	1
ZNF446	DbTF	1
ZNF449	DbTF	1
ZNF45	DbTF	1
ZNF451	no-TF	5
ZNF454	DbTF	1
ZNF460	DbTF	1
ZNF461	DbTF	1
ZNF462	no-TF	5
ZNF467	DbTF	1
ZNF468	DbTF	1
ZNF469	DbTF	1
ZNF470	DbTF	1
ZNF471	DbTF	1
ZNF473	DbTF	1
ZNF474	no-TF	5
ZNF479	DbTF	1
ZNF48	DbTF	1
ZNF480	DbTF	1
ZNF483	DbTF	1
ZNF484	DbTF	1
ZNF485	DbTF	1
ZNF486	DbTF	1
ZNF487	DbTF	1
ZNF488	no-TF	1
ZNF490	DbTF	1
ZNF491	DbTF	1
ZNF492	DbTF	1
ZNF493	DbTF	1
ZNF496	DbTF	1
ZNF497	DbTF	1
ZNF500	DbTF	1
ZNF501	DbTF	1
ZNF502	DbTF	1
ZNF503	no-TF	5
ZNF506	DbTF	1
ZNF507	no-TF	5
ZNF510	DbTF	1
ZNF511	DbTF	1
ZNF512	DbTF	1
ZNF512B	DbTF	1
ZNF513	no-TF	5
ZNF514	DbTF	1
ZNF516	DbTF	1
ZNF517	DbTF	1
ZNF518A	DbTF	1
ZNF518B	DbTF	1
ZNF519	DbTF	1
ZNF521	DbTF	1
ZNF524	DbTF	1
ZNF526	DbTF	1
ZNF527	DbTF	1
ZNF528	DbTF	1
ZNF529	DbTF	1
ZNF530	DbTF	1
ZNF532	DbTF	1
ZNF534	DbTF	1
ZNF536	DbTF	1
ZNF540	DbTF	1
ZNF541	no-TF	1
ZNF542P	DbTF	4
ZNF543	DbTF	1
ZNF544	DbTF	1
ZNF546	DbTF	1
ZNF547	DbTF	1
ZNF548	DbTF	1
ZNF549	DbTF	1
ZNF550	DbTF	1
ZNF552	DbTF	1
ZNF554	DbTF	1
ZNF555	DbTF	1
ZNF556	DbTF	1
ZNF557	DbTF	1
ZNF558	DbTF	1
ZNF559	DbTF	1
ZNF56	DbTF	4
ZNF560	DbTF	1
ZNF561	DbTF	1
ZNF562	DbTF	1
ZNF563	DbTF	1
ZNF564	DbTF	1
ZNF565	DbTF	1
ZNF566	DbTF	1
ZNF567	DbTF	1
ZNF568	DbTF	1
ZNF569	DbTF	1
ZNF57	DbTF	1
ZNF570	DbTF	1
ZNF571	DbTF	1
ZNF572	DbTF	1
ZNF573	DbTF	1
ZNF574	DbTF	1
ZNF575	DbTF	1
ZNF576	DbTF	1
ZNF577	DbTF	1
ZNF578	DbTF	1
ZNF579	DbTF	1
ZNF580	DbTF	1
ZNF581	DbTF	1
ZNF582	DbTF	1
ZNF583	DbTF	1
ZNF584	DbTF	1
ZNF585A	DbTF	1
ZNF585B	DbTF	1
ZNF586	DbTF	1
ZNF587	DbTF	1
ZNF589	DbTF	1
ZNF592	DbTF	1
ZNF593	no-TF	5
ZNF594	DbTF	1
ZNF595	DbTF	1
ZNF596	DbTF	1
ZNF597	DbTF	1
ZNF598	no-TF	5
ZNF599	DbTF	1
ZNF600	DbTF	1
ZNF605	DbTF	1
ZNF606	DbTF	1
ZNF607	DbTF	1
ZNF608	no-TF	5
ZNF609	no-TF	5
ZNF610	DbTF	1
ZNF611	DbTF	1
ZNF613	DbTF	1
ZNF614	DbTF	1
ZNF615	DbTF	1
ZNF616	DbTF	1
ZNF618	DbTF	1
ZNF619	DbTF	1
ZNF620	DbTF	1
ZNF621	DbTF	1
ZNF622	no-TF	5
ZNF623	DbTF	1
ZNF624	DbTF	1
ZNF625	DbTF	1
ZNF626	DbTF	1
ZNF627	DbTF	1
ZNF628	DbTF	1
ZNF629	DbTF	1
ZNF639	DbTF	1
ZNF641	DbTF	1
ZNF644	DbTF	1
ZNF645	no-TF	4
ZNF646	DbTF	1
ZNF648	DbTF	1
ZNF649	DbTF	1
ZNF652	DbTF	1
ZNF653	no-TF	1
ZNF654	DbTF	1
ZNF655	DbTF	1
ZNF658	DbTF	1
ZNF658B	DbTF	4
ZNF66	DbTF	1
ZNF660	DbTF	1
ZNF662	DbTF	1
ZNF663P	no-TF	4
ZNF664	DbTF	1
ZNF665	DbTF	1
ZNF667	DbTF	1
ZNF668	DbTF	1
ZNF669	DbTF	1
ZNF670	DbTF	1
ZNF671	DbTF	1
ZNF672	DbTF	1
ZNF674	DbTF	1
ZNF675	DbTF	1
ZNF676	DbTF	1
ZNF677	DbTF	1
ZNF678	DbTF	1
ZNF679	DbTF	1
ZNF680	DbTF	1
ZNF681	DbTF	1
ZNF682	DbTF	1
ZNF683	DbTF	1
ZNF684	DbTF	1
ZNF687	DbTF	1
ZNF688	DbTF	1
ZNF689	DbTF	1
ZNF69	DbTF	1
ZNF691	DbTF	1
ZNF692	DbTF	1
ZNF695	DbTF	1
ZNF696	DbTF	1
ZNF697	DbTF	1
ZNF699	DbTF	1
ZNF7	DbTF	1
ZNF70	DbTF	1
ZNF701	DbTF	1
ZNF702P	DbTF	4
ZNF703	no-TF	1
ZNF704	DbTF	1
ZNF705A	DbTF	1
ZNF705D	DbTF	1
ZNF705E	DbTF	1
ZNF705G	DbTF	1
ZNF706	no-TF	5
ZNF707	DbTF	1
ZNF708	DbTF	1
ZNF709	DbTF	1
ZNF71	DbTF	1
ZNF710	DbTF	1
ZNF711	DbTF	1
ZNF713	DbTF	1
ZNF714	DbTF	1
ZNF716	DbTF	1
ZNF717	DbTF	1
ZNF718	DbTF	1
ZNF720	no-TF	5
ZNF721	DbTF	1
ZNF724P	no-TF	4
ZNF725P	no-TF	4
ZNF726	DbTF	1
ZNF727	DbTF	1
ZNF729	DbTF	1
ZNF730	DbTF	1
ZNF732	DbTF	1
ZNF735	DbTF	1
ZNF737	DbTF	1
ZNF74	DbTF	1
ZNF740	DbTF	1
ZNF746	DbTF	1
ZNF747	no-TF	5
ZNF749	DbTF	1
ZNF750	DbTF	1
ZNF75A	DbTF	1
ZNF75D	DbTF	1
ZNF76	DbTF	1
ZNF761	DbTF	1
ZNF763	DbTF	1
ZNF764	DbTF	1
ZNF765	DbTF	1
ZNF766	DbTF	1
ZNF768	DbTF	1
ZNF77	DbTF	1
ZNF770	DbTF	1
ZNF771	DbTF	1
ZNF772	DbTF	1
ZNF773	DbTF	1
ZNF774	DbTF	1
ZNF775	DbTF	1
ZNF776	DbTF	1
ZNF777	DbTF	1
ZNF778	DbTF	1
ZNF780A	DbTF	1
ZNF780B	DbTF	1
ZNF781	DbTF	1
ZNF782	DbTF	1
ZNF783	DbTF	1
ZNF784	DbTF	1
ZNF785	DbTF	1
ZNF786	DbTF	1
ZNF787	DbTF	1
ZNF788	no-TF	4
ZNF789	DbTF	1
ZNF79	DbTF	1
ZNF790	DbTF	1
ZNF791	DbTF	1
ZNF792	DbTF	1
ZNF793	DbTF	1
ZNF799	DbTF	1
ZNF8	DbTF	1
ZNF80	DbTF	1
ZNF800	DbTF	1
ZNF804A	no-TF	5
ZNF804B	no-TF	5
ZNF805	DbTF	1
ZNF806	DbTF	4
ZNF808	DbTF	1
ZNF81	DbTF	1
ZNF812P	no-TF	4
ZNF813	DbTF	1
ZNF814	DbTF	1
ZNF816	DbTF	1
ZNF821	DbTF	1
ZNF823	DbTF	1
ZNF827	no-TF	5
ZNF829	DbTF	1
ZNF83	DbTF	1
ZNF830	no-TF	5
ZNF831	no-TF	5
ZNF833P	DbTF	4
ZNF835	DbTF	1
ZNF836	DbTF	1
ZNF837	DbTF	1
ZNF839	no-TF	5
ZNF84	DbTF	1
ZNF840P	DbTF	4
ZNF841	DbTF	1
ZNF843	no-TF	5
ZNF844	DbTF	1
ZNF845	DbTF	1
ZNF846	DbTF	1
ZNF85	DbTF	1
ZNF853	DbTF	1
ZNF860	DbTF	1
ZNF876P	DbTF	4
ZNF878	DbTF	1
ZNF879	DbTF	1
ZNF880	DbTF	1
ZNF891	DbTF	1
ZNF90	DbTF	1
ZNF91	DbTF	1
ZNF92	DbTF	1
ZNF93	DbTF	1
ZNF98	DbTF	1
ZNF99	DbTF	1
ZNFX1	no-TF	5
ZSCAN1	DbTF	1
ZSCAN10	DbTF	1
ZSCAN12	DbTF	1
ZSCAN16	DbTF	1
ZSCAN18	DbTF	1
ZSCAN2	DbTF	1
ZSCAN20	DbTF	1
ZSCAN21	DbTF	1
ZSCAN22	DbTF	1
ZSCAN23	DbTF	1
ZSCAN25	DbTF	1
ZSCAN26	DbTF	1
ZSCAN29	DbTF	1
ZSCAN30	DbTF	1
ZSCAN31	DbTF	1
ZSCAN32	DbTF	1
ZSCAN4	DbTF	1
ZSCAN5A	DbTF	1
ZSCAN5B	DbTF	1
ZSCAN5CP	no-TF	4
ZSCAN9	DbTF	1
ZUFSP	no-TF	4
ZXDA	no-TF	5
ZXDB	no-TF	5
ZXDC	no-TF	5
ZZZ3	no-TF	5
CTNNB1	co-TF	5
CTNND1	co-TF	5
JUP	co-TF	5
KIAA2018	no-TF	4
MYCL1	no-TF	4
MYCL1P1	no-TF	4
SCXA	no-TF	4
ATMIN	DbTF	1
CASZ1	DbTF	4
NUFIP1	no-TF	1
SLC2A4RG	DbTF	1
YS049	no-TF	4
ZNF726P1	DbTF	4
ZNF826P	DbTF	4
ZNF852	DbTF	1
ZNF861P	DbTF	4
ZSCAN5C	DbTF	1
ZSCAN5D	no-TF	4
YI017	no-TF	4
ZNF271	no-TF	4
ZNF525	DbTF	1
ZNF587B	Both	1
ZNF663	no-TF	4
ZNF705B	DbTF	1
ZNF705F	DbTF	4
ZNF73	no-TF	4
ZNF812	no-TF	4
ZNF818P	DbTF	4
ZNF840	no-TF	4
ZNF850	DbTF	1
ZNF865	DbTF	1
ZNF883	DbTF	4
ZNF888	DbTF	1
ZNF177	DbTF	1
ZNF222	DbTF	1
ZNF542	no-TF	4
ZNF551	DbTF	1
ZNF630	DbTF	1
ZNF700	DbTF	1
ZNF728	DbTF	1
ZNF736	DbTF	1
ZNF738	no-TF	5
ZNF75CP	DbTF	4
ZBTB8B	DbTF	1
CC2D1B	DbTF	2
CC2D1A	Both	2
CENPB	no-TF	5
CSDC2	no-TF	5
CSDE1	no-TF	5
LIN28A	no-TF	5
LIN28B	no-TF	5
SKIDA1	DbTF	4
FOXD4L2	no-TF	4
HMG3M	no-TF	4
HMGB1	co-TF	3
HMGB1P1	no-TF	4
HMGB2	no-TF	3
HMGB3	co-TF	5
HMGB4	no-TF	5
PMS1	no-TF	5
ANHX	DbTF	2
DUX4L2	DbTF	4
DUX4L3	DbTF	4
DUX4L4	DbTF	4
DUX4L5	DbTF	4
DUX4L6	DbTF	4
DUX4L7	DbTF	4
CERS2	no-TF	5
CERS4	no-TF	5
CERS5	no-TF	5
DUX1	DbTF	4
DUX2	no-TF	4
DUX3	DbTF	4
DUX5	DbTF	4
HSFX2	co-TF	3
KRBA2	no-TF	5
KRBOX1	no-TF	5
KRBOX4	no-TF	5
PMS2P3	no-TF	4
POGK	no-TF	5
ZNF300P1	no-TF	4
ZNF862	DbTF	1
LMO3	no-TF	5
LMO4	no-TF	5
MYRFL	DbTF	1
MTERF	no-TF	4
MTERFD1	no-TF	4
MTERFD2	no-TF	4
MTERFD3	no-TF	4
MYPOP	DbTF	2
NOTCH1	co-TF	5
NPAT	co-TF	3
RB1	no-TF	5
RBL1	co-TF	3
RBL2	no-TF	3
NACC2	Both	2
REXO4	co-TF	3
SCAND1	co-TF	5
SCAND2P	DbTF	4
SCAND3	no-TF	4
PGBD1	Both	5
TSN	no-TF	5
TSNAX	no-TF	5
GPBP1	no-TF	5
GPBP1L1	no-TF	5
CARF	DbTF	1
LZTR1	no-TF	5
TARDBP	co-TF	5
AC067968.1	no-TF	4
PIAS4	no-TF	3
PIAS2	no-TF	3
ZMIZ2	co-TF	3
AC008758.1	no-TF	4
AC010422.6	no-TF	4
CCDC169-SOHLH2	no-TF	4
TBXT	DbTF	2
BORCS8-MEF2B	no-TF	5
AC002310.5	no-TF	4
C11orf95	no-TF	5
AC005324.4	no-TF	4
BAZ2B	no-TF	5
CCDC88A	no-TF	5
SETDB1	no-TF	5
TULP2	no-TF	5
ZNF724	DbTF	1
NSD2	no-TF	5
GTF2IRD2B	DbTF	2
AC019117.3	no-TF	4
AC008770.2	no-TF	4
GLMP	no-TF	5
SAMD11	no-TF	5
CPHXL	DbTF	2
PIAS3	co-TF	3
AC023509.3	no-TF	4
AC020909.1	no-TF	4
SUB1	co-TF	1
ZNF723	DbTF	1
TULP1	no-TF	5
DUXB	DbTF	2
BAZ2A	co-TF	5
AC025287.4	no-TF	4
AC118549	no-TF	4
AC012531.3	no-TF	4
AC073612.1	no-TF	4
AC105001.2	no-TF	4
TULP3	co-TF	5
REPIN1	no-TF	5
SETDB2	no-TF	5
HSFX3	DbTF	2
GTF2IRD2	DbTF	2
AC073111.3	no-TF	4
CDIP1	no-TF	5
AC010616.1	no-TF	4
AC138696.1	no-TF	4
AC022167.5	no-TF	4
LITAF	co-TF	5
ZMIZ1	co-TF	3
AC092329.3	no-TF	4
KLF18	DbTF	1
HSFX4	DbTF	2
ZFP91-CNTF	no-TF	4
AL033529.1	no-TF	4
BHMG1	no-TF	5
AC115220.1	no-TF	4
TULP4	no-TF	5
AC073111.5	no-TF	4
PIAS1	no-TF	3
ZNF559-ZNF177	no-TF	5
AC092835.1	no-TF	4
AC187653.1	no-TF	4
TERB1	no-TF	5
AC010487.3	no-TF	4
AC004080.3	no-TF	4
GTF2IRD1	DbTF	2
LTF	no-TF	5
CAPN15	no-TF	5
MYEF2	no-TF	5
CENPA	no-TF	5
BLZF1	no-TF	5
RBCK1	no-TF	5
XPA	no-TF	5
TMF1	no-TF	5
ANKRD30A	no-TF	5
THYN1	no-TF	5
SON	no-TF	5
RAG1	no-TF	5
CENPX	no-TF	5
CNBP	co-TF	5
CENPS	no-TF	5
PLSCR1	DbTF	1
CPEB1	no-TF	5
NME2	no-TF	5
B (Top)	no-TF	4
C (Top)	no-TF	4
D (Top)	no-TF	4
E (Top)	no-TF	4
ERFL	DbTF	2
F (Top)	no-TF	4
FOXL3	DbTF	2
FOXO3B	DbTF	1
G (Top)	no-TF	4
H (Top)	no-TF	4
I (Top)	no-TF	4
J (Top)	no-TF	4
JPH2	DbTF	1
K (Top)	no-TF	4
L (Top)	no-TF	4
M (Top)	no-TF	4
N (Top)	no-TF	4
NACC1	Both	2
NFILZ	DbTF	1
O (Top)	no-TF	4
P (Top)	no-TF	4
R (Top)	no-TF	4
S (Top)	no-TF	4
T (Top)	no-TF	4
U (Top)	no-TF	4
V (Top)	no-TF	4
W (Top)	no-TF	4
X (Top)	no-TF	4
Y (Top)	no-TF	4
Z (Top)	no-TF	4
ZNF875	DbTF	1
ZSCAN5DP	DbTF	4
AHDC1	no-TF	4
CBX2	no-TF	5
DNTTIP1	no-TF	5
DOT1L	no-TF	5
GLYR1	no-TF	5
PHF21A	co-TF	5
PRR12	no-TF	5
SCML4	no-TF	5
SRCAP	no-TF	5
FAM200B	no-TF	4
SGSM2	no-TF	4
ZBED8	no-TF	5
ZBED9	no-TF	5
APC2	no-TF	5
BEND4	no-TF	4
CCDC3	no-TF	4
CCDC83	no-TF	5
GULP1	no-TF	5
HOOK2	no-TF	5
IQGAP1	no-TF	5
KIF15	no-TF	5
KRT13	no-TF	5
MORC3	no-TF	5
NDC80	no-TF	5
NRBF2	co-TF	5
PPP1R21	no-TF	5
RAB11FIP4	no-TF	5
RNF219	no-TF	4
SCOC	no-TF	5
TRAK2	co-TF	5
AC008770.3	no-TF	4
AKAP8	no-TF	5
AKAP8L	no-TF	5
CCDC17	no-TF	5
DZIP1	no-TF	5
EEA1	no-TF	5
KIN	no-TF	5
PRMT3	no-TF	5
RBSN	no-TF	5
TRAFD1	no-TF	5
ZFPL1	no-TF	5
ZFR	no-TF	5
ZFR2	no-TF	5
CPSF4	no-TF	5
CPSF4L	no-TF	5
DHX57	no-TF	5
DUS3L	no-TF	5
HELZ	no-TF	5
MBNL1	no-TF	5
MBNL2	no-TF	5
MKRN1	no-TF	5
MKRN2	no-TF	5
NUPL2	no-TF	4
PPP1R10	no-TF	5
PRR3	no-TF	5
RNF113A	no-TF	5
RNF113B	no-TF	4
TRMT1	no-TF	5
ZC3HAV1	no-TF	5
ZFP36	no-TF	5
ZRSR1	no-TF	4
ZRSR2	no-TF	5
CENPBD1	no-TF	5
JRK	no-TF	5
JRKL	no-TF	5
TIGD1	no-TF	5
TIGD2	no-TF	5
TIGD3	no-TF	5
TIGD4	no-TF	5
TIGD5	no-TF	5
TIGD6	no-TF	5
TIGD7	no-TF	5
CXXC4	no-TF	5
CXXC5	co-TF	5
FBXL19	no-TF	5
KDM2B	no-TF	5
FLYWCH1	no-TF	5
CCDC124	no-TF	5
CHD3	no-TF	3
CHD4	no-TF	3
HMGN1	no-TF	5
HMGN3	co-TF	5
KMT2D	no-TF	5
MSANTD1	no-TF	4
MSANTD3	no-TF	5
NAIF1	no-TF	5
PIN1	co-TF	5
MTERF1	no-TF	5
MTERF2	no-TF	5
MTERF3	no-TF	5
MTERF4	no-TF	5
NEB	no-TF	5
C17orf49	no-TF	5
CHD2	no-TF	5
KIAA1841	no-TF	4
MSANTD4	no-TF	5
TERF2IP	co-TF	5
ZMYM1	no-TF	5
ZMYM2	co-TF	5
ZMYM3	no-TF	5
ZMYM4	no-TF	5
ZMYM5	co-TF	5
ZMYM6	no-TF	5
ZMYND10	no-TF	5
ZNF330	no-TF	5
GLA	no-TF	5
SART1	no-TF	5
RPL36A	no-TF	5
LIN54	no-TF	3
TESMIN	no-TF	5
APOA4	no-TF	5
AATF	co-TF	3
ABL1	no-TF	3
ABRA	no-TF	5
AC020915.1	no-TF	4
ACOD1	no-TF	4
ACTR3B	no-TF	4
ACTR3C	no-TF	4
ADAM8	no-TF	5
ADAMTS17	no-TF	5
ADAMTS19	no-TF	5
ADAR	no-TF	5
ADGRA1	no-TF	5
ADGRG3	no-TF	5
AES	co-TF	4
AFAP1	no-TF	4
AGER	no-TF	5
AGT	no-TF	5
AIM2	co-TF	5
AKT1	co-TF	5
ALK	no-TF	5
ALKBH2	no-TF	5
AMH	no-TF	5
ANAPC2	no-TF	5
ANXA3	no-TF	4
ANXA4	co-TF	5
APBB3	no-TF	5
APEX1	no-TF	3
APOBEC3A	no-TF	5
APOBEC3B	no-TF	5
APOBEC3G	no-TF	5
APTX	no-TF	5
ARHGEF2	no-TF	5
ARHGEF5	co-TF	5
ARRB1	co-TF	3
ARRB2	co-TF	5
ASCC1	co-TF	5
ATF7IP	co-TF	5
ATM	no-TF	5
ATR	no-TF	5
BAG1	no-TF	5
BANF1	no-TF	5
BANP	no-TF	5
BCL10	co-TF	5
BCOR	co-TF	5
BDP1	no-TF	5
BEX1	co-TF	5
BIN1	no-TF	5
BLM	co-TF	3
BMI1	co-TF	5
BMP4	no-TF	5
BMP7	no-TF	5
BMPR1A	no-TF	5
BOD1L1	no-TF	4
BOLA2B	no-TF	5
BPNT1	no-TF	4
BRD4	co-TF	5
BRD7	co-TF	3
BRD8	co-TF	3
BRD9	no-TF	5
BRF1	co-TF	1
BRF2	co-TF	1
BRMS1	co-TF	5
BRPF1	no-TF	5
BTAF1	no-TF	3
BTBD8	no-TF	5
BTG2	no-TF	5
BTK	co-TF	5
BTRC	co-TF	5
BUD31	co-TF	5
C14orf39	no-TF	5
C1D	no-TF	5
C3orf33	no-TF	5
CACTIN	no-TF	5
CAMK1D	no-TF	5
CAMK2A	co-TF	5
CAPN3	no-TF	5
CARD11	no-TF	5
CARD14	no-TF	5
CASP8AP2	no-TF	5
CAT	no-TF	5
CBFA2T2	co-TF	5
CBFA2T3	co-TF	5
CBL	co-TF	5
CBLL1	no-TF	5
CCDC71	no-TF	4
CCNT1	no-TF	3
CCNT2	co-TF	5
CD36	no-TF	5
CD40	no-TF	5
CD40LG	no-TF	5
CDC6	co-TF	5
CDK5RAP3	co-TF	5
CDK7	co-TF	3
CDK8	co-TF	3
CDK9	no-TF	3
CDKN1A	no-TF	5
CDKN2A	no-TF	5
CELF3	no-TF	5
CFLAR	no-TF	5
CGGBP1	co-TF	5
CHCHD3	co-TF	5
CHD1	no-TF	3
CHD6	no-TF	3
CHD7	co-TF	3
CHD9	no-TF	3
CHP1	no-TF	5
CHRAC1	no-TF	5
CHUK	co-TF	5
CHURC1	no-TF	5
CIB1	no-TF	5
CIITA	no-TF	5
CIR1	co-TF	5
CITED1	co-TF	5
CITED2	co-TF	5
CITED4	co-TF	5
CLU	co-TF	5
CMKLR1	no-TF	5
CNOT3	co-TF	3
CNOT7	co-TF	5
CNOT8	co-TF	5
COMMD1	co-TF	5
COMMD6	co-TF	5
COMMD7	no-TF	5
COPS2	co-TF	5
COPS3	no-TF	5
COPS4	no-TF	5
CREG1	no-TF	5
CRTC1	co-TF	5
CRTC2	co-TF	5
CRTC3	no-TF	5
CTBP1	co-TF	3
CTBP2	co-TF	3
CTH	co-TF	5
CTNNBIP1	co-TF	5
CUL1	no-TF	5
CUL2	co-TF	5
CUL3	co-TF	5
CUL4A	no-TF	5
CUL4B	no-TF	5
CUL5	no-TF	5
CYLD	no-TF	5
CYP1B1	no-TF	5
CYTL1	no-TF	5
DAB2IP	no-TF	5
DAP	no-TF	4
DAXX	co-TF	3
DCP1A	no-TF	5
DDB1	no-TF	5
DDN	no-TF	5
DDR2	no-TF	5
DDRGK1	no-TF	5
DDX3X	no-TF	5
DDX5	co-TF	5
DDX58	no-TF	5
DEK	no-TF	1
DEPDC1	co-TF	5
DEPDC1B	no-TF	5
DEPDC4	no-TF	5
DEPDC5	no-TF	5
DEPDC7	no-TF	5
DEPTOR	no-TF	5
DHX34	no-TF	5
DHX36	co-TF	5
DISP3	no-TF	5
DMC1	no-TF	5
DNA2	no-TF	5
DNAJA3	co-TF	5
DNTT	no-TF	5
DSP	no-TF	5
DTX1	co-TF	5
DUSP12	no-TF	5
DVL1	no-TF	5
DVL2	co-TF	5
DVL3	co-TF	5
DZIP1L	no-TF	5
EAF2	co-TF	5
EDA	no-TF	5
EDA2R	no-TF	5
EDF1	co-TF	5
EDN1	no-TF	5
EED	co-TF	3
EGLN1	co-TF	5
EID1	co-TF	5
EID2	co-TF	3
EIF2AK2	co-TF	5
EIF2AK4	no-TF	5
EIF3C	no-TF	5
EIF3CL	no-TF	5
EIF3K	no-TF	5
EME1	no-TF	5
EP300	no-TF	3
EP400	no-TF	5
EPHA5	no-TF	5
EPM2AIP1	no-TF	5
ERBIN	co-TF	5
ERC1	no-TF	5
ERCC3	no-TF	3
ERCC4	no-TF	5
EWSR1	co-TF	5
EXO1	no-TF	5
EXOC2	no-TF	5
EXOG	no-TF	5
FAAP24	no-TF	5
FAM153C	no-TF	4
FAM171B	no-TF	5
FAM200A	no-TF	5
FAN1	no-TF	5
FANCA	no-TF	5
FANCD2	no-TF	5
FANK1	no-TF	5
FARSA	no-TF	5
FARSB	no-TF	5
FBN1	no-TF	5
FBXO41	no-TF	5
FEN1	no-TF	5
FER	no-TF	5
FGD1	no-TF	5
FHL2	co-TF	3
FLNA	co-TF	5
FMNL2	no-TF	4
FUS	no-TF	5
FZD1	no-TF	5
FZD2	no-TF	5
FZD4	no-TF	5
FZD6	no-TF	5
GADD45A	no-TF	5
GAS6	no-TF	5
GAS7	no-TF	5
GEN1	no-TF	5
GOLGB1	no-TF	5
GPATCH8	no-TF	5
GPER1	no-TF	5
GPR155	no-TF	5
GREM1	no-TF	5
GRM6	no-TF	5
GTF2A1	no-TF	5
GTF2A1L	no-TF	5
GTF2A2	co-TF	5
GTF2B	co-TF	5
GTF2E2	no-TF	5
GTF2F1	no-TF	5
GTF2F2	no-TF	5
GTF2H1	co-TF	5
GTF2H2	co-TF	5
GTF2H2C	co-TF	5
GTF2H3	co-TF	5
GTF2H4	co-TF	5
GTF3C1	no-TF	5
GTF3C2	no-TF	5
H1F0	no-TF	4
H1FOO	no-TF	4
H1FX	no-TF	4
HAVCR2	no-TF	5
HCFC1	co-TF	3
HCK	co-TF	5
HDAC1	co-TF	3
HDAC10	co-TF	5
HDAC2	co-TF	3
HDAC3	co-TF	3
HDAC4	co-TF	3
HDAC5	co-TF	3
HDAC6	co-TF	5
HDAC7	co-TF	5
HDAC8	co-TF	3
HDAC9	co-TF	3
HELZ2	no-TF	5
HIPK2	co-TF	3
HIRA	co-TF	5
HIST1H1A	no-TF	4
HIST1H1B	co-TF	4
HIST1H1C	co-TF	4
HIST1H1D	co-TF	4
HIST1H1E	co-TF	4
HIST1H1T	no-TF	4
HLA-DQB1	no-TF	5
HLA-DQB2	no-TF	5
HLA-DRB1	no-TF	5
HLA-DRB3	no-TF	5
HLA-DRB5	no-TF	5
HMOX1	co-TF	5
HNRNPA1	no-TF	5
HNRNPA3	no-TF	5
HNRNPAB	co-TF	5
HNRNPCL2	no-TF	5
HNRNPD	co-TF	5
HNRNPDL	no-TF	5
HNRNPL	no-TF	5
HNRNPU	no-TF	5
HP1BP3	no-TF	5
HR	no-TF	5
HSBP1	co-TF	3
HSPA1A	co-TF	5
HSPA1B	co-TF	5
ICAM1	no-TF	5
IFNB1	no-TF	5
IGHM	no-TF	5
IKBKB	co-TF	5
IKBKG	co-TF	5
IL10	no-TF	5
IL1B	no-TF	5
IL1RAP	no-TF	5
IL4	no-TF	5
IL5	no-TF	5
IL6	no-TF	5
INF2	no-TF	4
ING4	co-TF	3
INS	no-TF	5
IRAK1	co-TF	5
IRAK2	co-TF	5
IRAK3	co-TF	5
IRF2BP1	co-TF	5
ITCH	co-TF	5
ITGB2	no-TF	5
ITGB3BP	co-TF	5
IZUMO2	no-TF	5
JADE1	co-TF	5
JAK2	co-TF	3
JMY	co-TF	3
KANSL2	no-TF	5
KAT2A	co-TF	3
KAT2B	co-TF	3
KDM1A	co-TF	5
KDM3A	co-TF	5
KEAP1	co-TF	5
KIAA1683	no-TF	4
KIAA1958	no-TF	5
KIT	no-TF	5
KNTC1	no-TF	5
KRAS	no-TF	5
KRTAP5-1	no-TF	5
KRTAP5-9	no-TF	5
KRTAP9-9	no-TF	5
LARP1	no-TF	5
LARP1B	no-TF	5
LARP4	no-TF	5
LARP4B	no-TF	5
LARP6	no-TF	5
LARP7	no-TF	5
LGALS9	co-TF	5
LGR4	no-TF	5
LIG1	no-TF	5
LIG3	no-TF	5
LMO2	co-TF	5
LPP	no-TF	5
LRP5	no-TF	5
LRP6	no-TF	5
LRP8	no-TF	5
LSR	no-TF	5
LTN1	no-TF	5
LZTFL1	no-TF	5
LZTS1	no-TF	5
MACC1	no-TF	5
MACF1	no-TF	5
MAD2L2	co-TF	5
MALT1	co-TF	5
MAML1	co-TF	3
MAML3	co-TF	3
MAP2K5	co-TF	5
MAP3K10	no-TF	5
MAP3K13	no-TF	5
MAP3K7	co-TF	5
MAPK1	no-TF	5
MAPK10	co-TF	5
MAPK11	co-TF	5
MAPK14	co-TF	5
MAPK3	co-TF	5
MAPK8	co-TF	5
MAPK9	co-TF	5
MAVS	no-TF	5
MB21D1	no-TF	4
MBTPS2	no-TF	5
MDFI	co-TF	5
MDM2	co-TF	3
MDM4	co-TF	3
MED1	co-TF	3
MED12	co-TF	3
MED13	co-TF	3
MED13L	co-TF	5
MED14	co-TF	3
MED15	co-TF	3
MED16	co-TF	3
MED17	co-TF	3
MED21	co-TF	3
MED23	co-TF	3
MED24	co-TF	3
MED6	co-TF	3
MEN1	co-TF	5
MET	no-TF	5
MGMT	no-TF	1
MID2	no-TF	5
MINK1	no-TF	5
MKL1	co-TF	4
MKL2	co-TF	4
MKRN3	no-TF	5
MN1	no-TF	5
MNAT1	co-TF	5
MPG	no-TF	5
MRPL28	no-TF	5
MRRF	no-TF	5
MSH2	no-TF	5
MSH3	no-TF	5
MSH6	no-TF	5
MSL3	no-TF	5
MSRB2	no-TF	5
MST1R	no-TF	5
MTDH	co-TF	5
MTPN	co-TF	5
MUS81	no-TF	5
MYBBP1A	co-TF	5
MYCBP	co-TF	3
MYD88	no-TF	5
MYOCD	co-TF	5
NAB2	co-TF	3
NABP2	no-TF	5
NDN	co-TF	5
NDP	no-TF	5
NEIL1	no-TF	5
NFAM1	no-TF	5
NFE4	co-TF	4
NLRC3	no-TF	5
NLRC4	no-TF	5
NLRC5	no-TF	5
NLRP12	co-TF	5
NLRP2B	no-TF	5
NLRP3	co-TF	5
NOCT	no-TF	5
NOD1	no-TF	5
NOD2	co-TF	5
NODAL	no-TF	5
NOP2	no-TF	5
NOTCH2	co-TF	5
NOTCH3	co-TF	5
NPM1	co-TF	5
NRG1	co-TF	5
NRIP1	co-TF	3
NRIP3	no-TF	5
NRK	no-TF	5
NSD1	co-TF	3
NTRK1	no-TF	5
NUCKS1	no-TF	5
NUP98	no-TF	5
OGG1	no-TF	5
OPRD1	no-TF	5
OTOP3	no-TF	5
OTULIN	no-TF	5
PA2G4	no-TF	5
PABPN1	no-TF	5
PARK7	co-TF	5
PARP10	co-TF	5
PAXIP1	co-TF	5
PCBD1	co-TF	5
PCGF2	no-TF	5
PCNA	co-TF	5
PCSK6	no-TF	5
PDCD7	no-TF	5
PDS5B	no-TF	5
PELI1	co-TF	5
PER1	co-TF	5
PER2	co-TF	5
PER3	no-TF	5
PEX14	co-TF	5
PFDN1	no-TF	5
PGS1	no-TF	4
PHF1	co-TF	1
PHF19	co-TF	5
PIDD1	co-TF	5
PIKFYVE	no-TF	5
PIM1	co-TF	3
PINK1	co-TF	5
PKHD1	no-TF	5
PKHD1L1	no-TF	5
PLA2G10	no-TF	5
PLA2G1B	no-TF	5
PLEK2	no-TF	4
PLEKHA4	no-TF	4
PLPP3	no-TF	5
PLXNA1	no-TF	5
PLXNA2	no-TF	5
PLXNA3	no-TF	5
PLXNA4	no-TF	5
PLXNB1	no-TF	5
PLXNB2	no-TF	5
PLXNB3	no-TF	5
PLXNC1	no-TF	5
PLXND1	no-TF	5
PML	no-TF	5
PNKP	no-TF	5
POLA1	no-TF	5
POLB	no-TF	5
POLE3	no-TF	5
POLE4	no-TF	5
POLG	no-TF	5
POLH	no-TF	5
POLI	no-TF	5
POLK	no-TF	5
POLL	no-TF	5
POLM	no-TF	5
POLN	no-TF	5
POLQ	no-TF	5
POLR1B	no-TF	5
POLR2A	no-TF	5
POLR2B	no-TF	5
POLR2E	no-TF	5
POLR2J	no-TF	5
POLR2K	no-TF	5
POLR2L	no-TF	5
POLR3A	no-TF	5
POLRMT	no-TF	5
POT1	no-TF	5
PPARGC1A	no-TF	5
PPARGC1B	co-TF	5
PPP2R3B	no-TF	5
PPP2R5B	no-TF	5
PPP3CA	co-TF	5
PPRC1	co-TF	5
PQBP1	no-TF	3
PRAM1	no-TF	5
PRAP1	no-TF	5
PRB3	no-TF	5
PRDX3	no-TF	5
PREX1	no-TF	5
PREX2	no-TF	5
PRH2	no-TF	5
PRIM2	no-TF	5
PRIMPOL	no-TF	5
PRKCB	co-TF	5
PRKCH	no-TF	5
PRKCI	co-TF	5
PRKCQ	co-TF	5
PRKCZ	co-TF	5
PRKD1	co-TF	5
PRKD2	co-TF	5
PRKN	no-TF	5
PRMT2	co-TF	5
PRNP	co-TF	5
PSMA6	co-TF	5
PSMC5	co-TF	5
PSMD10	co-TF	5
PSMD11	no-TF	5
PSMD12	no-TF	5
PTCH1	no-TF	5
PTEN	co-TF	3
PTGIS	no-TF	5
PTH	no-TF	5
PTTG1	co-TF	5
PUM3	no-TF	5
PYCARD	co-TF	5
PYDC1	no-TF	5
PYDC2	no-TF	5
QRICH1	no-TF	5
RAB7B	no-TF	5
RAD21	co-TF	5
RAD51	no-TF	5
RAI1	co-TF	5
RAPGEF3	no-TF	5
RAPGEF4	no-TF	5
RAPGEF5	no-TF	5
RBBP7	co-TF	3
RBM10	no-TF	5
RBM20	no-TF	5
RBM26	no-TF	5
RBM27	no-TF	5
RBM5	no-TF	5
RBM6	no-TF	5
RCAN1	no-TF	5
RECQL	no-TF	5
RELL2	no-TF	5
RELN	no-TF	5
REV1	no-TF	5
RFC1	no-TF	1
RGCC	co-TF	5
RGS11	no-TF	5
RGS6	no-TF	5
RGS7	no-TF	5
RGS9	no-TF	5
RHEBL1	no-TF	5
RING1	co-TF	3
RIOK2	no-TF	5
RIPK1	no-TF	5
RIPK2	no-TF	5
RIPK3	no-TF	5
RIPK4	no-TF	5
RLIM	co-TF	5
RNASE2	no-TF	5
RNASEH1	no-TF	5
RNF114	no-TF	5
RNF125	no-TF	5
RNF138	no-TF	5
RNF14	co-TF	3
RNF166	no-TF	5
RNF2	co-TF	5
RNF25	co-TF	3
RNF31	no-TF	5
RNF4	no-TF	5
RNF41	no-TF	5
RPA2	no-TF	5
RPA4	no-TF	5
RPL7	no-TF	5
RPL7A	no-TF	5
RPS27A	co-TF	5
RPS6KA4	co-TF	5
RPS6KA5	co-TF	5
RRN3	co-TF	5
RWDD3	co-TF	5
RYBP	no-TF	3
S100A12	no-TF	5
S100A8	co-TF	5
S100A9	co-TF	5
SAFB	co-TF	5
SAFB2	no-TF	1
SAV1	co-TF	5
SCMH1	no-TF	5
SCML1	no-TF	5
SCML2	no-TF	5
SEMA4A	no-TF	5
SERTAD1	co-TF	5
SERTAD2	no-TF	5
SETD6	co-TF	5
SF3A2	no-TF	5
SF3A3	no-TF	5
SFRP4	co-TF	5
SFRP5	no-TF	5
SFTPB	no-TF	5
SGK1	co-TF	5
SGK3	no-TF	5
SHH	no-TF	5
SHPRH	no-TF	5
SIGIRR	no-TF	5
SIK1	no-TF	5
SIN3A	co-TF	3
SIN3B	co-TF	3
SIRT1	co-TF	3
SIRT2	co-TF	5
SIRT3	no-TF	5
SIRT6	co-TF	5
SIVA1	co-TF	5
SLC22A4	no-TF	5
SLC26A10	no-TF	5
SLC26A3	no-TF	5
SLC39A10	no-TF	5
SLC4A10	no-TF	5
SMC3	no-TF	5
SMO	no-TF	5
SMUG1	no-TF	5
SMYD1	no-TF	5
SMYD3	co-TF	5
SNAPC2	co-TF	5
SNAPC5	co-TF	5
SNRPC	no-TF	5
SNURF	no-TF	5
SNW1	co-TF	3
SOGA3	no-TF	5
SORBS2	no-TF	5
SPEN	no-TF	5
SPHK1	no-TF	5
SSB	no-TF	5
SSBP2	co-TF	3
SSBP3	co-TF	3
SSBP4	no-TF	5
SSH1	no-TF	5
SSH2	no-TF	4
SSH3	no-TF	5
SSX1	co-TF	5
STAG1	co-TF	5
STK16	no-TF	5
STK3	co-TF	5
STK36	co-TF	3
STRN	no-TF	5
STRN3	co-TF	5
SUFU	co-TF	3
SUMO1	co-TF	5
SUPT16H	co-TF	5
SUPT4H1	co-TF	5
SUPT5H	co-TF	5
SUPT6H	no-TF	5
SUV39H1	co-TF	5
SUV39H2	co-TF	5
SUZ12	co-TF	3
SYK	co-TF	5
TAB1	co-TF	5
TAB2	no-TF	5
TAB3	co-TF	5
TADA3	co-TF	3
TAF10	co-TF	3
TAF11	co-TF	3
TAF12	no-TF	3
TAF13	no-TF	3
TAF1A	no-TF	3
TAF1B	co-TF	3
TAF1C	co-TF	3
TAF1L	no-TF	3
TAF2	co-TF	5
TAF3	co-TF	5
TAF4	no-TF	3
TAF4B	no-TF	3
TAF5	co-TF	3
TAF5L	co-TF	5
TAF6	no-TF	3
TAF6L	no-TF	5
TAF7	co-TF	3
TAF7L	co-TF	3
TAF8	co-TF	5
TAF9	no-TF	3
TAF9B	co-TF	3
TBL1Y	co-TF	5
TCEA2	no-TF	1
TCEAL1	co-TF	5
TCEAL7	no-TF	5
TCEAL8	no-TF	5
TDG	co-TF	5
TDP1	no-TF	5
TDP2	co-TF	1
TGFB1	co-TF	5
TGFB1I1	co-TF	5
TGS1	co-TF	5
THRAP3	co-TF	5
TIA1	no-TF	5
TICAM1	no-TF	5
TIPARP	no-TF	5
TIRAP	co-TF	5
TLE1	co-TF	3
TLE2	co-TF	3
TLE3	co-TF	5
TLE4	co-TF	3
TLE6	no-TF	5
TLR2	no-TF	5
TLR3	no-TF	5
TLR4	no-TF	5
TLR9	no-TF	5
TMEM235	no-TF	5
TNF	no-TF	5
TNFAIP3	no-TF	5
TNFRSF11A	no-TF	5
TNFRSF4	no-TF	5
TNFSF11	no-TF	5
TNFSF18	no-TF	5
TNFSF4	no-TF	5
TOP1	no-TF	5
TOP2A	no-TF	5
TOP2B	no-TF	5
TP53BP1	no-TF	5
TRADD	co-TF	5
TRAF1	no-TF	5
TRAF2	no-TF	5
TRAF3	no-TF	5
TRAF4	no-TF	5
TRAF5	no-TF	5
TRAF6	co-TF	3
TRAPPC9	no-TF	5
TREX1	no-TF	5
TRIB1	co-TF	5
TRIB3	co-TF	3
TRIM13	no-TF	5
TRIM14	no-TF	5
TRIM15	no-TF	5
TRIM21	no-TF	5
TRIM22	co-TF	5
TRIM23	no-TF	5
TRIM24	co-TF	5
TRIM25	co-TF	5
TRIM26	no-TF	5
TRIM27	no-TF	5
TRIM28	no-TF	5
TRIM29	co-TF	5
TRIM3	no-TF	5
TRIM31	no-TF	5
TRIM32	co-TF	5
TRIM33	no-TF	5
TRIM34	no-TF	5
TRIM37	co-TF	5
TRIM38	no-TF	5
TRIM40	no-TF	5
TRIM5	co-TF	5
TRIM52	no-TF	5
TRIM62	no-TF	5
TRIM8	co-TF	5
TRIP11	co-TF	5
TRIT1	no-TF	5
TRMT1L	no-TF	5
TRRAP	co-TF	3
TSC2	no-TF	5
TSSK4	no-TF	5
TUT1	no-TF	5
TXK	no-TF	5
U2AF1	no-TF	5
U2AF1L4	no-TF	5
UBA52	co-TF	5
UBB	co-TF	5
UBC	co-TF	5
UBE2K	no-TF	5
UBE2N	co-TF	3
UBE2V1	co-TF	5
UBN1	no-TF	5
UBR4	no-TF	5
UFL1	co-TF	5
UHRF1	co-TF	5
UHRF2	no-TF	5
UNG	no-TF	5
USP39	no-TF	5
USP7	co-TF	5
VAV1	no-TF	5
VEGFA	no-TF	5
VGLL1	co-TF	3
VGLL2	co-TF	5
VGLL3	co-TF	5
VHLL	no-TF	5
VPS72	no-TF	5
WFS1	no-TF	5
WNT1	no-TF	5
WNT10B	no-TF	5
WNT2	no-TF	5
WNT3A	no-TF	5
WNT5A	no-TF	5
WNT8B	no-TF	5
WRN	no-TF	5
WWOX	co-TF	5
WWP2	co-TF	5
WWTR1	co-TF	3
XCL1	no-TF	5
YOD1	no-TF	5
ZBED6CL	no-TF	4
ZDHHC11	no-TF	5
ZDHHC19	no-TF	5
ZNF185	no-TF	5
ZNF638	co-TF	5
ZRANB2	co-TF	5
ZFAND5	no-TF	5
2001	no-TF	4
6934	no-TF	4
5324	no-TF	4
1482	no-TF	4
4899	no-TF	4
2624	no-TF	4
9314	no-TF	4
6688	no-TF	4
2100	no-TF	4
2353	no-TF	4
7421	no-TF	4
6927	no-TF	4
1958	no-TF	4
4773	no-TF	4
4807	no-TF	4
6736	no-TF	4
8061	no-TF	4
3169	no-TF	4
1050	no-TF	4
5970	no-TF	4
5079	no-TF	4
135935	no-TF	4
2623	no-TF	4
1051	no-TF	4
3091	no-TF	4
1406	no-TF	4
1385	no-TF	4
2313	no-TF	4
6660	no-TF	4
2296	no-TF	4
1879	no-TF	4
3725	no-TF	4
4929	no-TF	4
4800	no-TF	4
1997	no-TF	4
4089	no-TF	4
5076	no-TF	4
860	no-TF	4
93986	no-TF	4
6722	no-TF	4
4087	no-TF	4
2099	no-TF	4
2551	no-TF	4
26298	no-TF	4
10538	no-TF	4
4211	no-TF	4
8626	no-TF	4
6662	no-TF	4
27086	no-TF	4
3642	no-TF	4
4094	no-TF	4
4656	no-TF	4
3170	no-TF	4
2908	no-TF	4
688	no-TF	4
4609	no-TF	4
8928	no-TF	4
3195	no-TF	4
6657	no-TF	4
4780	no-TF	4
579	no-TF	4
3172	no-TF	4
6663	no-TF	4
1820	no-TF	4
6667	no-TF	4
7392	no-TF	4
5978	no-TF	4
64321	no-TF	4
10664	no-TF	4
474	no-TF	4
25988	no-TF	4
3651	no-TF	4
6929	no-TF	4
2297	no-TF	4
6772	no-TF	4
5080	no-TF	4
1959	no-TF	4
5460	no-TF	4
5087	no-TF	4
3659	no-TF	4
2494	no-TF	4
8553	no-TF	4
4602	no-TF	4
4654	no-TF	4
3726	no-TF	4
1874	no-TF	4
604	no-TF	4
7157	no-TF	4
6720	no-TF	4
9421	no-TF	4
4208	no-TF	4
7020	no-TF	4
5468	no-TF	4
4824	no-TF	4
3202	no-TF	4
571	no-TF	4
5078	no-TF	4
7022	no-TF	4
2308	no-TF	4
7376	no-TF	4
2309	no-TF	4
4205	no-TF	4
7528	no-TF	4
6777	no-TF	4
6928	no-TF	4
7391	no-TF	4
4088	no-TF	4
3297	no-TF	4
6596	no-TF	4
2101	no-TF	4
2299	no-TF	4
9935	no-TF	4
10062	no-TF	4
3660	no-TF	4
2672	no-TF	4
1649	no-TF	4
2295	no-TF	4
6774	no-TF	4
2626	no-TF	4
6862	no-TF	4
2625	no-TF	4
6886	no-TF	4
4149	no-TF	4
6938	no-TF	4
27022	no-TF	4
2019	no-TF	4
4779	no-TF	4
861	no-TF	4
1045	no-TF	4
6721	no-TF	4
6256	no-TF	4
367	no-TF	4
405	no-TF	4
196	no-TF	4
4783	no-TF	4
5452	no-TF	4
4782	no-TF	4
7003	no-TF	4
639	no-TF	4
2002	no-TF	4
5966	no-TF	4
4790	no-TF	4
5325	no-TF	4
4784	no-TF	4
406	no-TF	4
344018	no-TF	4
3299	no-TF	4
7490	no-TF	4
60468	no-TF	4
4761	no-TF	4
23316	no-TF	4
429	no-TF	4
84159	no-TF	4
2294	no-TF	4
7067	no-TF	4
4901	no-TF	4
221937	no-TF	4
2004	no-TF	4
51043	no-TF	4
4209	no-TF	4
6659	no-TF	4
4775	no-TF	4
4520	no-TF	4
1054	no-TF	4
5916	no-TF	4
468	no-TF	4
22809	no-TF	4
467	no-TF	4
11016	no-TF	4
2354	no-TF	4
1602	no-TF	4
1761	no-TF	4
8880	no-TF	4
4904	no-TF	4
5453	no-TF	4
2116	no-TF	4
1386	no-TF	4
4774	no-TF	4
25806	no-TF	4
3280	no-TF	4
5465	no-TF	4
6664	no-TF	4
2119	no-TF	4
2627	no-TF	4
8538	no-TF	4
4286	no-TF	4
339488	no-TF	4
4618	no-TF	4
1044	no-TF	4
144455	no-TF	4
30812	no-TF	4
5077	no-TF	4
6670	no-TF	4
5083	no-TF	4
4776	no-TF	4
148327	no-TF	4
4086	no-TF	4
83741	no-TF	4
326	no-TF	4
59348	no-TF	4
6945	no-TF	4
3087	no-TF	4
50674	no-TF	4
7030	no-TF	4
2735	no-TF	4
2737	no-TF	4
140628	no-TF	4
9603	no-TF	4
2852	no-TF	4
138151	no-TF	4
2033	no-TF	4
5885	no-TF	4
CSDA	no-TF	4
BHLHB4	no-TF	4
BHLHB2	no-TF	4
MIZF	no-TF	4
ZNF238	no-TF	4
BHLHB8	no-TF	4
BHLHB5	no-TF	4
ZNF322A	no-TF	4
LBXCOR1	no-TF	4
ZNF322B	no-TF	4
ZFP161	no-TF	4
MYCL2	no-TF	4
CREBL1	no-TF	4
ZFP112	no-TF	4
EVI1	no-TF	4
BHLHB3	no-TF	4
ZNF137	no-TF	4
ZNF193	no-TF	4
ZNF434	no-TF	4
LASS3	no-TF	4
C14orf43	no-TF	4
ZNF509	no-TF	4
ZNF295	no-TF	4
ZNF285A	no-TF	4
ZNF643	no-TF	4
ZNF642	no-TF	4
ZNF167	no-TF	4
ZNF252	no-TF	4
ZNF498	no-TF	4
ZNF187	no-TF	4
ZNF323	no-TF	4
ZNF734	no-TF	4
ZNF192	no-TF	4
ZNF409	no-TF	4
GRLF1	no-TF	4
CRAMP1L	no-TF	4
ZFP106	no-TF	4
MLL	no-TF	4
C11orf9	no-TF	4
C14orf106	no-TF	4
PRKRIR	no-TF	4
C5orf41	no-TF	4
KIAA0415	no-TF	4
MLL2	no-TF	4
ZNF834	no-TF	4
LASS6	no-TF	4
ZNF725	no-TF	4
ZNF321	no-TF	4
ZNF733	no-TF	4
ZNF833	no-TF	4
ZNF828	no-TF	4
FAM44A	no-TF	4
DEPDC2	no-TF	4
MLL3	no-TF	4
MYST3	no-TF	4
LASS4	no-TF	4
HMG2L1	no-TF	4
MYST1	no-TF	4
LARP5	no-TF	4
TADA2L	no-TF	4
PIP5K3	no-TF	4
C1orf25	no-TF	4
HMG1L1	no-TF	4
ZFYVE20	no-TF	4
LIN28	no-TF	4
PRB4	no-TF	5
MYST2	no-TF	4
LARP2	no-TF	4
LASS5	no-TF	4
LASS2	no-TF	4
DEPDC6	no-TF	4
MYST4	no-TF	4
C12orf28	no-TF	4
ZNF826	no-TF	4
C10orf140	no-TF	4
KIAA1618	no-TF	4
LENG9	no-TF	5
HILS1	no-TF	4
GPR123	no-TF	4
PTCHD2	no-TF	4
MBD3L4	no-TF	4
MBD3L3	no-TF	5
MBD3L5	no-TF	4
TERT	no-TF	5
KDM6B	co-TF	5
TBL1X	co-TF	3
H2AFY	no-TF	4
ACTL6A	co-TF	5
APP	no-TF	5
H2AFZ	co-TF	4
HSPD1	no-TF	5
XRCC6	no-TF	5
MUC1	co-TF	5
NCL	co-TF	5
HNRNPA2B1	co-TF	5
SNCA	co-TF	5
RBMX	co-TF	5
MMP12	no-TF	5
YAP1	co-TF	3
SARS	no-TF	4
SARNP	no-TF	5
H3F3B	co-TF	4
DHX9	no-TF	5
RBBP4	co-TF	3
ORC2	co-TF	5
CDK13	co-TF	5
RBBP5	co-TF	3
CRY1	no-TF	5
SNAPC1	no-TF	5
CRY2	no-TF	5
AKNAD1	no-TF	4
BEND3	co-TF	5
STOX1	no-TF	5
SETX	no-TF	5
PCGF5	no-TF	5
CARM1	co-TF	5
PHF6	no-TF	5
ERCC6	no-TF	3
RNF10	co-TF	5
SNAPC3	no-TF	5
WBP2	no-TF	5
MED8	co-TF	5
WDR77	co-TF	5
IER2	no-TF	5
TBL1XR1	co-TF	5
VRTN	no-TF	5
ELL3	co-TF	5
SLTM	co-TF	5
H2AFY2	co-TF	4
CALCOCO1	co-TF	5
AGO2	co-TF	1
AGO1	co-TF	5
RUVBL2	co-TF	5
CHCHD2	co-TF	5
USP3	no-TF	5
AA125825	no-TF	4
AA634818	no-TF	4
ABT1	no-TF	5
AF020591	no-TF	4
AF093680	no-TF	4
AF5Q31	no-TF	4
AI022870	no-TF	4
AI352508	no-TF	4
AI569906	no-TF	4
AI808690	no-TF	4
ALF	no-TF	4
ALY	no-TF	4
ANP32A	co-TF	5
APA1	no-TF	4
Apg4B	no-TF	4
ARC	no-TF	5
ARIH2	no-TF	5
ARIX	no-TF	4
ASH1	no-TF	4
ATBF1	no-TF	4
AW451453	no-TF	4
AW875035	no-TF	4
AWP1	no-TF	4
BAPX1	no-TF	4
BAZ1A	co-TF	5
BAZ1B	co-TF	5
BG199677	no-TF	4
BNC	no-TF	4
BRD1	no-TF	5
BRD2	co-TF	5
BRD3	co-TF	5
BRDT	no-TF	5
BRPF3	no-TF	5
BS69	no-TF	4
BTBD3	no-TF	5
BTEB1	no-TF	4
BTF	no-TF	4
BTF3	co-TF	5
BTF3L1	no-TF	4
BTF3L2	no-TF	4
BTF3L3	no-TF	4
C11orf13	no-TF	4
C14orf101	no-TF	4
C1orf2	no-TF	4
C20orf174	no-TF	4
C21orf18	no-TF	4
C5orf7	no-TF	4
CART1	no-TF	4
CBF2	no-TF	4
CBFA2T1	no-TF	4
CBX1	co-TF	5
CBX3	co-TF	3
CBX4	co-TF	5
CBX5	co-TF	3
CBX6	co-TF	5
CBX7	co-TF	5
CBX8	co-TF	5
CCT4	no-TF	5
CDR2	no-TF	5
CECR6	no-TF	4
CERD4	no-TF	4
CEZANNE	no-TF	4
CG9879	no-TF	4
CGI-149	no-TF	4
CGI-85	no-TF	4
CGI-99	no-TF	4
CHD1L	no-TF	5
CHD5	no-TF	5
CHES1	no-TF	4
CHX10	no-TF	4
CIAO1	no-TF	5
CIR	no-TF	4
COPEB	no-TF	4
COPS5	co-TF	5
CORO1A	no-TF	5
CREG	no-TF	4
CRIP1	no-TF	5
CRIP2	no-TF	5
CROC4	no-TF	4
CRSP2	no-TF	4
CRSP3	no-TF	4
CRSP6	no-TF	4
CRSP7	no-TF	4
CRSP8	no-TF	4
CRSP9	no-TF	4
CSEN	no-TF	4
CSRP1	no-TF	5
CSRP2	no-TF	5
CSRP3	co-TF	5
CUTL1	no-TF	4
CUTL2	no-TF	4
CXorf6	no-TF	4
DACH	no-TF	4
DAT1	no-TF	4
DATF1	no-TF	4
DKFZP434B0335	no-TF	4
DKFZP434B195	no-TF	4
DKFZp434G043	no-TF	4
DKFZP434P1750	no-TF	4
DKFZp564D0472	no-TF	4
DRIL1	no-TF	4
DRIL2	no-TF	4
DRPLA	no-TF	4
DSIPI	no-TF	4
DTX2	no-TF	5
DXYS155E	no-TF	4
EBF	no-TF	4
EGLN2	co-TF	5
ELD/OSA1	no-TF	4
EPLIN	no-TF	4
ERCC2	no-TF	3
ETR101	no-TF	4
EYA1	co-TF	3
EYA2	co-TF	3
EYA3	co-TF	5
EYA4	co-TF	5
EZF-2	no-TF	4
FALZ	no-TF	4
FBI1	no-TF	4
FEM1A	no-TF	5
FEZL	no-TF	4
FHL1	no-TF	5
FHL5	co-TF	5
FHX	no-TF	4
FKHL18	no-TF	4
FLJ10211	no-TF	4
FLJ10251	no-TF	4
FLJ10298	no-TF	4
FLJ10697	no-TF	4
FLJ10759	no-TF	4
FLJ10891	no-TF	4
FLJ11191	no-TF	4
FLJ11780	no-TF	4
FLJ12517	no-TF	4
FLJ12525	no-TF	4
FLJ12581	no-TF	4
FLJ12606	no-TF	4
FLJ12644	no-TF	4
FLJ13479	no-TF	4
FLJ13590	no-TF	4
FLJ13659	no-TF	4
FLJ14129	no-TF	4
FLJ14549	no-TF	4
FLJ20043	no-TF	4
FLJ20244	no-TF	4
FLJ20321	no-TF	4
FLJ20531	no-TF	4
FLJ20557	no-TF	4
FLJ20573	no-TF	4
FLJ20729	no-TF	4
FLJ21603	no-TF	4
FLJ22301	no-TF	4
FLJ22332	no-TF	4
FLJ22487	no-TF	4
FLJ23309	no-TF	4
FLJ34231	no-TF	4
FLJ36155	no-TF	4
FMR2	no-TF	4
FOXE2	no-TF	4
FOXG1B	no-TF	4
FOXO1A	no-TF	4
FOXO3A	no-TF	4
GAS41	no-TF	4
GASC1	no-TF	4
GCMA	no-TF	4
GCMB	no-TF	4
GCN5L1	no-TF	4
GCN5L2	no-TF	4
GIOT-1	no-TF	4
GIOT-2	no-TF	4
GLI	no-TF	4
GSCL	no-TF	4
GSH1	no-TF	4
GSH2	no-TF	4
GTF2E1	co-TF	5
GTF3C3	no-TF	5
GTF3C4	no-TF	5
GTF3C5	no-TF	5
H-plk	no-TF	4
HBOA	no-TF	4
HCF2	no-TF	4
HCNGP	no-TF	4
HIS1	no-TF	4
HKR2	no-TF	4
HKR3	no-TF	4
HLX1	no-TF	4
HLXB9	no-TF	4
HMGN2	no-TF	5
HOP	no-TF	4
HRIHFB2122	no-TF	4
HRY	no-TF	4
HS747E2A	no-TF	4
HSA275986	no-TF	4
HSAJ2425	no-TF	4
HSF2BP	no-TF	5
HSFY	no-TF	4
HSGT1	no-TF	4
HSHPX5	no-TF	4
HSPC018	no-TF	4
HSPC189	no-TF	4
HSPX153	no-TF	4
HSU79252	no-TF	4
HSZFP36	no-TF	4
HTATIP	no-TF	4
HTLF	no-TF	4
HYPH	no-TF	4
ICSBP1	no-TF	4
IGHMBP2	no-TF	5
ILF1	no-TF	4
ILF2	no-TF	5
ILF3	no-TF	5
IPF1	no-TF	4
IRLB	no-TF	4
IRX1	DbTF	4
ISGF3G	no-TF	4
JMJ	no-TF	4
KIAA0014	no-TF	4
KIAA0040	no-TF	5
KIAA0173	no-TF	4
KIAA0194	no-TF	4
KIAA0211	no-TF	4
KIAA0222	no-TF	4
KIAA0237	no-TF	4
KIAA0296	no-TF	4
KIAA0326	no-TF	4
KIAA0352	no-TF	4
KIAA0441	no-TF	4
KIAA0469	no-TF	4
KIAA0478	no-TF	4
KIAA0602	no-TF	4
KIAA0669	no-TF	4
KIAA0798	no-TF	4
KIAA0961	no-TF	4
KIAA0972	no-TF	4
KIAA0998	no-TF	4
KIAA1041	no-TF	4
KIAA1190	no-TF	4
KIAA1321	no-TF	4
KIAA1442	no-TF	4
KIAA1542	no-TF	4
KIAA1668	no-TF	4
KLHL5	no-TF	5
KR18	no-TF	4
L3MBTL	no-TF	4
LAF4	no-TF	4
LARP	no-TF	4
LDB1	co-TF	5
LDB2	co-TF	5
LDOC1	no-TF	5
LIM	no-TF	4
LISCH7	no-TF	4
LMO1	co-TF	5
LMO6	no-TF	4
LMO7	no-TF	5
LOC113655	no-TF	4
LOC151162	no-TF	4
LOC51036	no-TF	4
LOC51042	no-TF	4
LOC51045	no-TF	4
LOC51058	no-TF	4
LOC51123	no-TF	4
LOC51186	no-TF	4
LOC51193	no-TF	4
LOC51270	no-TF	4
LOC51290	no-TF	4
LOC55893	no-TF	4
LOC56270	no-TF	4
LOC56930	no-TF	4
LOC57209	no-TF	4
LOC57801	no-TF	4
LOC58500	no-TF	4
LOC65243	no-TF	4
LOC86614	no-TF	4
LOC90322	no-TF	4
LOC90462	no-TF	4
LOC90987	no-TF	4
LOC91120	no-TF	4
LOC91614	no-TF	4
LW-1	no-TF	4
LZLP	no-TF	4
M96	no-TF	4
MAD	no-TF	4
MADH1	no-TF	4
MADH2	no-TF	4
MADH3	no-TF	4
MADH4	no-TF	4
MADH5	no-TF	4
MADH6	no-TF	4
MADH7	no-TF	4
MADH9	no-TF	4
MAPK8IP1	co-TF	5
MDS032	no-TF	4
MDS1	no-TF	4
MEFV	no-TF	5
METTL3	no-TF	5
MGC10772	no-TF	4
MGC11349	no-TF	4
MGC13105	no-TF	4
MGC15716	no-TF	4
MGC16733	no-TF	4
MGC20700	no-TF	4
MGC2508	no-TF	4
MGC45866	no-TF	4
MHC2TA	no-TF	4
MI-ER1	no-TF	4
MID1	no-TF	5
MILD1	no-TF	4
MIZ1	no-TF	4
MLL4	no-TF	4
MLLT2	no-TF	4
MLLT7	no-TF	4
MNDA	no-TF	5
MONDOA	no-TF	4
MORF	no-TF	4
MORF4	no-TF	4
MORF4L1	co-TF	5
MORF4L2	co-TF	5
MRF-1	no-TF	4
MRF2	no-TF	4
MRG2	no-TF	4
MTA1L1	no-TF	4
MYCLK1	no-TF	4
MYT2	no-TF	4
NAB1	co-TF	3
NCALD	no-TF	5
NCYM	no-TF	4
NEUD4	no-TF	4
NFKBIL2	no-TF	4
NMI	co-TF	5
NRF	no-TF	4
NSEP1	no-TF	4
NY-REN-34	no-TF	4
OAZ	no-TF	4
OG2x	no-TF	4
OPTN	no-TF	5
OTX3	no-TF	4
p100	no-TF	4
P1P373C6	no-TF	4
P38IP	no-TF	4
PAXIP1L	no-TF	4
PC4	no-TF	4
PCAR	no-TF	4
PCQAP	no-TF	4
PDEF	no-TF	4
PEGASUS	no-TF	4
PFDN5	co-TF	5
PHC1	no-TF	5
PHD3	no-TF	4
PIG7	no-TF	4
PILB	no-TF	4
PLRG1	no-TF	5
PMF1	co-TF	3
PMX1	no-TF	4
PMX2B	no-TF	4
PPARBP	no-TF	4
PPARGC1	no-TF	4
PRX2	no-TF	4
PSIP1	co-TF	5
PTTG1IP	no-TF	5
R28830_2	no-TF	4
R32184_3	no-TF	4
RAI	no-TF	4
RAI15	no-TF	4
RBAF600	no-TF	4
RBBP9	no-TF	5
RBPSUH	no-TF	4
RBPSUHL	no-TF	4
RCOR	no-TF	4
RCV1	no-TF	4
REQ	no-TF	4
RFP	no-TF	4
RFP2	no-TF	4
RGC32	no-TF	4
RIP60	no-TF	4
RNF12	no-TF	4
RNF13	no-TF	5
RNF144	no-TF	4
RNF24	no-TF	5
RNF3	no-TF	4
RNF8	co-TF	5
RPF-1	no-TF	4
SAP18	co-TF	3
SAP30	no-TF	3
SART3	no-TF	5
SBB103	no-TF	4
SBLF	no-TF	4
SCA2	no-TF	4
SCAND2	no-TF	4
SDCCAG33	no-TF	4
SEI1	no-TF	4
SF1	co-TF	5
SHARP	no-TF	4
SIAH1	no-TF	5
SIAH2	co-TF	3
SLB	no-TF	4
SMARCA3	no-TF	4
SMCX	no-TF	4
SNFT	no-TF	4
SOX22	no-TF	4
SRA1	co-TF	3
SSX2	co-TF	5
SSX3	co-TF	5
SSX4	co-TF	3
SSX5	co-TF	5
SSX6	no-TF	4
SSX7	no-TF	5
SSX8	no-TF	4
SSX9	no-TF	4
SUPT3H	no-TF	5
SURB7	no-TF	4
TADA3L	no-TF	4
TAF15	no-TF	5
TCERG1	co-TF	5
TCF-3	no-TF	4
TCF1	no-TF	4
TCF2	no-TF	4
TCF8	no-TF	4
TCFL1	no-TF	4
TCFL4	no-TF	4
TEL2	no-TF	4
TEX27	no-TF	4
TFAP2BL1	no-TF	4
TFCP2L2	no-TF	4
TGIF	no-TF	4
THG-1	no-TF	4
THRAP4	no-TF	4
TIEG	no-TF	4
TIEG2	no-TF	4
TIF1	no-TF	4
TIMELESS	co-TF	5
TIP120A	no-TF	4
TITF1	no-TF	4
TIX1	no-TF	4
TNRC11	no-TF	4
TNRC17	no-TF	4
TNRC18	co-TF	5
TNRC21	no-TF	4
TNRC3	no-TF	4
TNRC4	no-TF	4
TNRC5	no-TF	4
TNRC6	no-TF	4
TNRC8	no-TF	4
TNRC9	no-TF	4
TONDU	no-TF	4
TRAP150	no-TF	4
TRAP95	no-TF	4
TRIM10	no-TF	5
TRIP-Br2	no-TF	4
TRIP10	no-TF	5
TRIP13	co-TF	5
TRIP15	no-TF	4
TRIP4	co-TF	5
TRIP6	co-TF	5
TSC22	no-TF	4
TWIST	no-TF	4
TZFP	no-TF	4
VENTX2	no-TF	4
WBSCR14	no-TF	4
WHN	no-TF	4
YAF2	co-TF	3
ZAR1	no-TF	5
ZDHHC1	no-TF	5
ZF	no-TF	4
ZF5128	no-TF	4
ZFD25	no-TF	4
ZFHX1B	no-TF	4
ZFP	no-TF	4
ZFP100	no-TF	4
ZFP103	no-TF	4
ZFP26	no-TF	4
ZFP289	no-TF	4
ZFP29	no-TF	4
ZFP318	no-TF	4
ZFP67	no-TF	4
ZFP95	no-TF	4
ZID	no-TF	4
ZNF-kaiso	no-TF	4
ZNF-U69274	no-TF	4
ZNF11A	no-TF	4
ZNF11B	no-TF	4
ZNF123	no-TF	4
ZNF125	no-TF	4
ZNF126	no-TF	4
ZNF144	no-TF	4
ZNF145	no-TF	4
ZNF147	no-TF	4
ZNF151	no-TF	4
ZNF15L1	no-TF	4
ZNF161	no-TF	4
ZNF179	no-TF	4
ZNF183	no-TF	4
ZNF21	no-TF	4
ZNF216	no-TF	4
ZNF220	no-TF	4
ZNF228	no-TF	4
ZNF237	no-TF	4
ZNF255	no-TF	4
ZNF258	no-TF	4
ZNF259	no-TF	4
ZNF261	no-TF	4
ZNF262	no-TF	4
ZNF265	no-TF	4
ZNF272	no-TF	4
ZNF278	no-TF	4
ZNF286	no-TF	4
ZNF288	no-TF	4
ZNF29	no-TF	4
ZNF294	no-TF	4
ZNF297	no-TF	4
ZNF297B	no-TF	4
ZNF305	no-TF	4
ZNF306	no-TF	4
ZNF31	no-TF	4
ZNF313	no-TF	4
ZNF325	no-TF	4
ZNF36	no-TF	4
ZNF361	no-TF	4
ZNF364	no-TF	4
ZNF38	no-TF	4
ZNF42	no-TF	4
ZNF46	no-TF	4
ZNF6	no-TF	4
ZNF9	no-TF	4
ZNFN1A1	no-TF	4
ZNFN1A2	no-TF	4
ZNFN1A3	no-TF	4
AB002296	no-TF	4
AB058701	no-TF	4
AB075831	no-TF	4
AK024238	no-TF	4
AK056369	no-TF	4
AK057375	no-TF	4
AK074366	no-TF	4
AK074859	no-TF	4
AK092811	no-TF	4
AK096221	no-TF	4
AK096288	no-TF	4
AK098183	no-TF	4
AK122874	no-TF	4
AK126753	no-TF	4
AK128361	no-TF	4
AKAP9	no-TF	5
AMOT	no-TF	5
AY026053	no-TF	4
BA044953	no-TF	4
BAGE2	no-TF	4
BC006361	no-TF	4
BC012905	no-TF	4
BC015765	no-TF	4
BC017109	no-TF	4
BC033211	no-TF	4
BC046415	no-TF	4
BC046449	no-TF	4
BC052269	no-TF	4
BC052625	no-TF	4
BHC80	no-TF	4
BIA2	no-TF	4
BTBD1	no-TF	5
BTBD14A	no-TF	4
BTBD14B	no-TF	4
BTBD2	no-TF	5
BTBD4	no-TF	4
BTBD5	no-TF	4
BTBD6	no-TF	5
BX538183	no-TF	4
BX648737	no-TF	4
C16orf44	no-TF	4
C3IP1	no-TF	4
CDK5	co-TF	5
DKFZp547B0714	no-TF	4
DKFZp686B0797	no-TF	4
DKFZp686B2197	no-TF	4
DKFZp761B128	no-TF	4
DKFZp762I137	no-TF	4
EHZF	no-TF	4
EME2	no-TF	5
ENC1	no-TF	5
ESX1L	no-TF	4
FLJ10300	no-TF	4
FLJ10876	no-TF	4
FLJ11078	no-TF	4
FLJ11637	no-TF	4
FLJ12586	no-TF	4
FLJ12587	no-TF	4
FLJ12700	no-TF	4
FLJ12895	no-TF	4
FLJ12985	no-TF	4
FLJ14260	no-TF	4
FLJ14297	no-TF	4
FLJ14299	no-TF	4
FLJ14345	no-TF	4
FLJ14486	no-TF	4
FLJ14768	no-TF	4
FLJ14779	no-TF	4
FLJ20079	no-TF	4
FLJ20344	no-TF	4
FLJ20582	no-TF	4
FLJ20626	no-TF	4
FLJ21628	no-TF	4
FLJ21941	no-TF	4
FLJ22059	no-TF	4
FLJ23233	no-TF	4
FLJ23436	no-TF	4
FLJ23506	no-TF	4
FLJ23614	no-TF	4
FLJ23765	no-TF	4
FLJ25169	no-TF	4
FLJ30663	no-TF	4
FLJ30726	no-TF	4
FLJ30921	no-TF	4
FLJ30927	no-TF	4
FLJ30932	no-TF	4
FLJ31030	no-TF	4
FLJ31100	no-TF	4
FLJ31295	no-TF	4
FLJ31413	no-TF	4
FLJ31751	no-TF	4
FLJ31875	no-TF	4
FLJ31986	no-TF	4
FLJ32053	no-TF	4
FLJ32130	no-TF	4
FLJ32191	no-TF	4
FLJ32932	no-TF	4
FLJ33071	no-TF	4
FLJ34817	no-TF	4
FLJ34917	no-TF	4
FLJ35107	no-TF	4
FLJ35863	no-TF	4
FLJ35867	no-TF	4
FLJ35954	no-TF	4
FLJ36040	no-TF	4
FLJ36666	no-TF	4
FLJ37970	no-TF	4
FLJ39963	no-TF	4
FLJ40160	no-TF	4
FLJ90396	no-TF	4
FREQ	no-TF	4
GREB1	no-TF	5
HATH6	no-TF	4
HPCA	no-TF	5
HPCAL1	no-TF	5
HSPC059	no-TF	4
HSPC063	no-TF	4
HSRNAFEV	no-TF	4
HUMPPA	no-TF	4
HZF12	no-TF	4
ID2B	no-TF	4
IVNS1ABP	no-TF	5
Jade-1	no-TF	4
JARID1A	no-TF	4
JARID1B	no-TF	4
JARID1D	no-TF	4
JMJD1	no-TF	4
JMJD2	no-TF	4
JMJD2B	no-TF	4
KBTBD10	no-TF	4
KBTBD5	no-TF	4
KBTBD7	no-TF	5
KCNIP1	no-TF	5
KCNIP2	no-TF	5
KCNIP4	no-TF	5
KIAA0339	no-TF	4
KIAA0390	no-TF	4
KIAA0431	no-TF	4
KIAA0445	no-TF	4
KIAA0543	no-TF	4
KIAA0628	no-TF	4
KIAA0924	no-TF	4
KIAA1076	no-TF	4
KIAA1285	no-TF	4
KIAA1309	no-TF	4
KIAA1340	no-TF	4
KIAA1384	no-TF	4
KIAA1441	no-TF	4
KIAA1474	no-TF	4
KIAA1862	no-TF	4
KLHL1	no-TF	5
KLHL3	no-TF	5
KLHL4	no-TF	5
KLHL6	no-TF	5
KLHL8	no-TF	5
KRBO3	no-TF	4
LOC115468	no-TF	4
LOC115509	no-TF	4
LOC115950	no-TF	4
LOC126295	no-TF	4
LOC146542	no-TF	4
LOC148213	no-TF	4
LOC152485	no-TF	4
LOC168850	no-TF	4
LOC169270	no-TF	4
LOC199692	no-TF	4
LOC201292	no-TF	4
LOC201514	no-TF	4
LOC220992	no-TF	4
LOC283248	no-TF	4
LOC284346	no-TF	4
LOC285346	no-TF	4
LOC286103	no-TF	4
LOC51333	no-TF	4
LOC90589	no-TF	4
LOC91464	no-TF	4
LOC91661	no-TF	4
M-RIP	no-TF	4
MGC10561	no-TF	4
MGC10715	no-TF	4
MGC12466	no-TF	4
MGC13138	no-TF	4
MGC15631	no-TF	4
MGC17986	no-TF	4
MGC23143	no-TF	4
MGC2629	no-TF	4
MGC26707	no-TF	4
MGC26914	no-TF	4
MGC27466	no-TF	4
MGC30156	no-TF	4
MGC32104	no-TF	4
MGC33414	no-TF	4
MGC34079	no-TF	4
MGC4054	no-TF	4
MGC41917	no-TF	4
MGC4400	no-TF	4
MGC45380	no-TF	4
MGC45408	no-TF	4
MGC45586	no-TF	4
MGC4618	no-TF	4
MGC4728	no-TF	4
MGC48625	no-TF	4
MGC5384	no-TF	4
NT_004350:88	no-TF	4
NT_004525:23	no-TF	4
NT_004525:75	no-TF	4
NT_005034:87	no-TF	4
NT_005370:482	no-TF	4
NT_005403:3	no-TF	4
NT_005403:380	no-TF	4
NT_005416:99	no-TF	4
NT_005825:232	no-TF	4
NT_006519:17	no-TF	4
NT_007299:265	no-TF	4
NT_007592:1641	no-TF	4
NT_007592:1721	no-TF	4
NT_007592:1743	no-TF	4
NT_007592:1790	no-TF	4
NT_007758:1041	no-TF	4
NT_007758:1071	no-TF	4
NT_007758:1316	no-TF	4
NT_007758:175	no-TF	4
NT_007758:246	no-TF	4
NT_007758:49	no-TF	4
NT_007758:68	no-TF	4
NT_007758:970	no-TF	4
NT_007819:476	no-TF	4
NT_007819:839	no-TF	4
NT_007914:787	no-TF	4
NT_007914:794	no-TF	4
NT_007933:2507	no-TF	4
NT_007933:56	no-TF	4
NT_008413:570	no-TF	4
NT_008413:741	no-TF	4
NT_008476:127	no-TF	4
NT_008705:419	no-TF	4
NT_008818:505	no-TF	4
NT_009952:480	no-TF	4
NT_010404:40	no-TF	4
NT_010478:365	no-TF	4
NT_010552:854	no-TF	4
NT_010799:327	no-TF	4
NT_010874:45	no-TF	4
NT_011104:174	no-TF	4
NT_011104:197	no-TF	4
NT_011104:361	no-TF	4
NT_011104:8	no-TF	4
NT_011104:89	no-TF	4
NT_011109:1294	no-TF	4
NT_011109:1299	no-TF	4
NT_011109:1305	no-TF	4
NT_011109:1313	no-TF	4
NT_011109:1351	no-TF	4
NT_011109:1446	no-TF	4
NT_011109:1451	no-TF	4
NT_011109:69	no-TF	4
NT_011148:38	no-TF	4
NT_011148:51	no-TF	4
NT_011150:9	no-TF	4
NT_011176:127	no-TF	4
NT_011176:150	no-TF	4
NT_011176:217	no-TF	4
NT_011176:469	no-TF	4
NT_011176:470	no-TF	4
NT_011192:122	no-TF	4
NT_011192:143	no-TF	4
NT_011192:34	no-TF	4
NT_011196:503	no-TF	4
NT_011196:510	no-TF	4
NT_011233:28	no-TF	4
NT_011250:146	no-TF	4
NT_011250:154	no-TF	4
NT_011295:596	no-TF	4
NT_011333:191	no-TF	4
NT_011387:2065	no-TF	4
NT_011520:1624	no-TF	4
NT_011568:205	no-TF	4
NT_011568:220	no-TF	4
NT_011735:1	no-TF	4
NT_015805:343	no-TF	4
NT_017568:1168	no-TF	4
NT_017568:142	no-TF	4
NT_021937:180	no-TF	4
NT_022052:1	no-TF	4
NT_022135:81	no-TF	4
NT_022184:625	no-TF	4
NT_022396:136	no-TF	4
NT_022665:49	no-TF	4
NT_023684:87	no-TF	4
NT_024397:58	no-TF	4
NT_025920:29	no-TF	4
NT_026437:3411	no-TF	4
NT_028392:557	no-TF	4
NT_029256:2	no-TF	4
NT_029991:365	no-TF	4
NT_029998:4	no-TF	4
NT_030828:357	no-TF	4
NT_031730:53	no-TF	4
NT_031818:137	no-TF	4
NT_031818:172	no-TF	4
NT_031818:32	no-TF	4
NT_033216:4	no-TF	4
NT_033276:184	no-TF	4
NT_033299:111	no-TF	4
NT_033317:19	no-TF	4
NT_033985:117	no-TF	4
NT_033985:38	no-TF	4
NT_034483:65	no-TF	4
NT_034886:16	no-TF	4
NT_035081:14	no-TF	4
NT_035089:9	no-TF	4
NT_035218:11	no-TF	4
NT_035360:17	no-TF	4
NT_035362:75	no-TF	4
NT_035560:142	no-TF	4
NT_035560:2	no-TF	4
NT_035560:27	no-TF	4
NT_035560:33	no-TF	4
ODD	no-TF	4
OTEX	no-TF	4
PCAF	no-TF	4
PHF15	no-TF	4
PHF16	no-TF	4
PIASY	no-TF	4
PRKCBP1	no-TF	4
PRO1257	no-TF	4
PSMC2	co-TF	5
RFPL3	no-TF	5
RIN3	no-TF	5
RIPX	no-TF	4
RNF135	no-TF	5
RNF137	no-TF	4
RNF18	no-TF	4
RNF36	no-TF	4
SBZF3	no-TF	4
SLC2A4RG	DbTF	4
SOLH	no-TF	4
SOM	no-TF	4
SSA1	no-TF	4
SZF1	no-TF	4
SZFP41	no-TF	4
TFCP2L3	no-TF	4
TIZ	no-TF	4
TP53BP2	no-TF	5
TRIM16	no-TF	5
TRIM17	no-TF	5
TRIM35	no-TF	5
TRIM39	no-TF	5
TRIM4	no-TF	5
TRIM41	no-TF	5
TRIM47	no-TF	5
TRIM48	no-TF	5
TRIM50A	no-TF	4
TRIM56	no-TF	5
TRIM6	co-TF	5
TRIM9	no-TF	5
TRIP8	no-TF	4
URF2	no-TF	4
VIK	no-TF	4
ZFH4	no-TF	4
ZFP276	no-TF	4
ZNF183L1	no-TF	4
ZNF336	no-TF	4
ZNF339	no-TF	4
ZNF342	no-TF	4
ZNF406	no-TF	4
ZNF435	no-TF	4
ZNF481	no-TF	4
ZNF494	no-TF	4
ZNF495	no-TF	4
ZNF75	no-TF	4
ZNFN1A4	no-TF	4
ZNRF1	no-TF	5
ZYX	no-TF	5
CCDC160	no-TF	5
HDGF	no-TF	5
EHMT2	co-TF	5
RIT2	no-TF	5
Rhox13	no-TF	4
Hoxa5	no-TF	4
Hoxa6	no-TF	4
Zfp239	no-TF	4
Msx3	no-TF	4
Sry	no-TF	4
Hdx	no-TF	4
Zic4	no-TF	4
Glis3	no-TF	4
P2rx2	no-TF	4
Rpf2	no-TF	4
Ylpm1	no-TF	4
9130023H24Rik	no-TF	4
Aff2	no-TF	4
Bmyc	no-TF	4
Ccdc79	no-TF	4
Dmrtc1c1	no-TF	4
Dmrtc1c2	no-TF	4
Etv3l	no-TF	4
Gm13154	no-TF	4
Gm22	no-TF	4
Gm4944	no-TF	4
Gm5581	no-TF	4
Gm6712	no-TF	4
Gm8008	no-TF	4
Hkr1	no-TF	4
Hmgxb3	no-TF	4
Hsf3	no-TF	4
Hsfy2	no-TF	4
Jund2	no-TF	4
Lmyc2	no-TF	4
Mllt4	no-TF	4
Nr1h5	no-TF	4
Prkrir	no-TF	4
Rex2	no-TF	4
Rhox1	no-TF	4
Rhox10	no-TF	4
Rhox11	no-TF	4
Rhox12	no-TF	4
Rhox2a	no-TF	4
Rhox2b	no-TF	4
Rhox2c	no-TF	4
Rhox2d	no-TF	4
Rhox2e	no-TF	4
Rhox3e	no-TF	4
Rhox3f	no-TF	4
Rhox3h	no-TF	4
Rhox4a	no-TF	4
Rhox4b	no-TF	4
Rhox4c	no-TF	4
Rhox4d	no-TF	4
Rhox4e	no-TF	4
Rhox4f	no-TF	4
Rhox4g	no-TF	4
Rhox2g	no-TF	4
Rhox4a2	no-TF	4
Rhox2f	no-TF	4
Rhox2h	no-TF	4
Rhox5	no-TF	4
Rhox6	no-TF	4
Rhox7a	no-TF	4
Rhox8	no-TF	4
Rhox9	no-TF	4
Rsl1	no-TF	4
Sox16	no-TF	4
T2	no-TF	4
Tgif2lx2	no-TF	4
Thap6	no-TF	4
Thap8	no-TF	4
Tsc22d4	no-TF	4
Tshz1	no-TF	4
Tshz2	no-TF	4
Whsc1	no-TF	4
Zbed6	no-TF	4
Zcchc11	no-TF	4
Zcchc6	no-TF	4
Zfp11	no-TF	4
Zfp128	no-TF	4
Zfp141	no-TF	4
Zfp260	no-TF	4
Zfp273	no-TF	4
Zfp300	no-TF	4
Zfp354c	no-TF	4
Zfp386	no-TF	4
Zfp397	no-TF	4
Zfp429	no-TF	4
Zfp455	no-TF	4
Zfp456	no-TF	4
Zfp458	no-TF	4
Zfp474	no-TF	4
Zfp493	no-TF	4
Zfp51	no-TF	4
Zfp524	no-TF	4
Zfp53	no-TF	4
Zfp560	no-TF	4
Zfp563	no-TF	4
Zfp58	no-TF	4
Zfp580	no-TF	4
Zfp583	no-TF	4
Zfp595	no-TF	4
Zfp607	no-TF	4
Zfp616	no-TF	4
Zfp622	no-TF	4
Zfp65	no-TF	4
Zfp658	no-TF	4
Zfp667	no-TF	4
Zfp677	no-TF	4
Zfp68	no-TF	4
Zfp706	no-TF	4
Zfp708	no-TF	4
Zfp709	no-TF	4
Zfp715	no-TF	4
Zfp72	no-TF	4
Zfp735	no-TF	4
Zfp748	no-TF	4
Zfp759	no-TF	4
Zfp768	no-TF	4
Zfp773	no-TF	4
Zfp788	no-TF	4
Zfp791	no-TF	4
Zfp799	no-TF	4
Zfp810	no-TF	4
Zfp819	no-TF	4
Zfp84	no-TF	4
Zfp846	no-TF	4
Zfp867	no-TF	4
Zfp87	no-TF	4
Zfp872	no-TF	4
Zfp874a	no-TF	4
Zfp874b	no-TF	4
Zfp93	no-TF	4
Zfp940	no-TF	4
Zfp941	no-TF	4
Zfp945	no-TF	4
Zfp953	no-TF	4
Zfp957	no-TF	4
Zfp958	no-TF	4
Zfp960	no-TF	4
Zfp961	no-TF	4
Zfpm2	no-TF	4
Zfy1	no-TF	4
Zfy2	no-TF	4
Zim1	no-TF	4
Zkscan7	no-TF	4
Znf729	no-TF	4
Zscan29	no-TF	4
Zscan30	no-TF	4
Zscan4a	no-TF	4
Zscan4e	no-TF	4
Zufsp	no-TF	4
Zxda	no-TF	4
Zfp568	no-TF	4
Zfp932	no-TF	4
Zfp809	no-TF	4
Tnf	no-TF	4
Myrfl	no-TF	4
Zfp120	no-TF	4
Gm5294	no-TF	4
Zfp870	no-TF	4
Gm28168	no-TF	4
Gm28363	no-TF	4
Gm10226	no-TF	4
AC113536.1	no-TF	4
Zfp459	no-TF	4
Gm9045	no-TF	4
Dux	no-TF	4
Gm2004	no-TF	4
Gm10139	no-TF	4
Gm9048	no-TF	4
Zfp442	no-TF	4
Zfp943	no-TF	4
Gm14443	no-TF	4
Gm11007	no-TF	4
CT573016.1	no-TF	4
Rhox3a	no-TF	4
Duxf3	no-TF	4
Zfp54	no-TF	4
Gm44973	no-TF	4
Zfp352	no-TF	4
Zfp936	no-TF	4
Zfp772	no-TF	4
Rhox3g	no-TF	4
Zfp866	no-TF	4
Zfp663	no-TF	4
Zfp869	no-TF	4
Zfp600	no-TF	4
Zfp994	no-TF	4
Gm35315	no-TF	4
Zfp868	no-TF	4
Zfp61	no-TF	4
4930522L14Rik	no-TF	4
Gm10772	no-TF	4
Gm5141	no-TF	4
AW146154	no-TF	4
Zfp966	no-TF	4
Gm14308	no-TF	4
Gm21836	no-TF	4
2810021J22Rik	no-TF	4
Gm9040	no-TF	4
Gm9376	no-TF	4
Zfp808	no-TF	4
AC166164	no-TF	4
Zfp758	no-TF	4
Gm14296	no-TF	4
5430403G16Rik	no-TF	4
Zfp985	no-TF	4
Gm6020	no-TF	4
Gm3854	no-TF	4
Gm17655	no-TF	4
Duxbl1	no-TF	4
Gm14418	no-TF	4
Obox8	no-TF	4
Zfp949	no-TF	4
Zfp969	no-TF	4
Zfp980	no-TF	4
Gm9772	no-TF	4
Zfp472	no-TF	4
Gm4881	no-TF	4
Zfp993	no-TF	4
Zfp433	no-TF	4
Setdb2	no-TF	4
Zfp871	no-TF	4
Zfp970	no-TF	4
Zfp988	no-TF	4
Gm3055	no-TF	4
Zfp850	no-TF	4
AI854703	no-TF	4
Zfp995	no-TF	4
Gm21060	no-TF	4
Gm14393	no-TF	4
Zfp992	no-TF	4
Gm3604	no-TF	4
AU041133	no-TF	4
Zfp944	no-TF	4
Gm14401	no-TF	4
Cphx1	no-TF	4
Zfp964	no-TF	4
Zfp990	no-TF	4
Obox3	no-TF	4
LO018689.4	no-TF	4
Gm14403	no-TF	4
Gm32717	no-TF	4
Zfp157	no-TF	4
2610044O15Rik8	no-TF	4
Zfp938	no-TF	4
2410141K09Rik	no-TF	4
Zfp109	no-TF	4
Gm14419	no-TF	4
Gm12258	no-TF	4
Gm5767	no-TF	4
Zfp81	no-TF	4
Zfp683	no-TF	4
Zfp989	no-TF	4
Gm15446	no-TF	4
Zfp947	no-TF	4
Gm28557	no-TF	4
Gm14406	no-TF	4
Gm14434	no-TF	4
Zfp950	no-TF	4
Cphx2	no-TF	4
Gm4767	no-TF	4
Gm13212	no-TF	4
2210418O10Rik	no-TF	4
Zfp976	no-TF	4
LO018689.1	no-TF	4
Gm10509	no-TF	4
Zfp987	no-TF	4
Gm10770	no-TF	4
Gm28360	no-TF	4
Zfp956	no-TF	4
Gm14412	no-TF	4
Gm21994	no-TF	4
Gm9049	no-TF	4
Zfp984	no-TF	4
Zfp882	no-TF	4
Zfp946	no-TF	4
Gm14139	no-TF	4
Zfp963	no-TF	4
D130040H23Rik	no-TF	4
Zscan4-ps1	no-TF	4
Gm14322	no-TF	4
Zfp968	no-TF	4
Zfp977	no-TF	4
Zfp967	no-TF	4
Gm2026	no-TF	4
Gm45871	no-TF	4
Zfp973	no-TF	4
Zfp101	no-TF	4
Zfp983	no-TF	4
Cphx3	no-TF	4
Zfp931	no-TF	4
Gm32802	no-TF	4
Zfp534	no-TF	4
Zfp991	no-TF	4
Gm28047	no-TF	4
Zfp825	no-TF	4
Gm4724	no-TF	4
Crxos	no-TF	4
Zfp97	no-TF	4
Gm9805	no-TF	4
Gm14410	no-TF	4
Zfp760	no-TF	4
Zfp52	no-TF	4
Zfp948	no-TF	4
Zfp119b	no-TF	4
BC024063	no-TF	4
Gm14399	no-TF	4
Gm14409	no-TF	4
Gm9044	no-TF	4
Obox6	no-TF	4
Zfp955a	no-TF	4
Zfp955b	no-TF	4
Zfp975	no-TF	4
AL590629.4	no-TF	4
Zfp978	no-TF	4
2610008E11Rik	no-TF	4
AL590629.2	no-TF	4
AC170751.2	no-TF	4
Obox7	no-TF	4
Zfp982	no-TF	4
Zfp986	no-TF	4
A430033K04Rik	no-TF	4
Zfp35	no-TF	4
9130019O22Rik	no-TF	4
AI987944	no-TF	4
Gm20939	no-TF	4
Zfp942	no-TF	4
Gm14325	no-TF	4
Zfp959	no-TF	4
Gm14408	no-TF	4
Zfp763	no-TF	4
Zscan4-ps2	no-TF	4
5730507C01Rik	no-TF	4
B020011L13Rik	no-TF	4
Zfp40	no-TF	4
Gm20422	no-TF	4
Hmga1b	no-TF	4
Zscan4-ps3	no-TF	4
Gm14124	no-TF	4
Zfp345	no-TF	4
Zfp951	no-TF	4
CAAA01180111	no-TF	4
Zfp937	no-TF	4
Zfp820	no-TF	4
Gm32687	no-TF	4
Zfp119a	no-TF	4
2610021A01Rik	no-TF	4
Gm6710	no-TF	4
Zfp981	no-TF	4
Rhox3a2	no-TF	4
Zfp934	no-TF	4
Zfp965	no-TF	4
BC025920	no-TF	4
Obox1	no-TF	4
Rhox7b	no-TF	4
Rslcan18	no-TF	4
Zfp979	no-TF	4
Zfp954	no-TF	4
Gm29106	no-TF	4
Gm19965	no-TF	4
Zfp599	no-TF	4
Zfp971	no-TF	4
Zfp930	no-TF	4
Zfp972	no-TF	4
Gm2007	no-TF	4
Zfp617	no-TF	4
Gm7145	no-TF	4
Gm4631	no-TF	4
Gm14326	no-TF	4
Gm12845	no-TF	4
Rhox3c	no-TF	4
Obox5	no-TF	4
Gm14305	no-TF	4
Platr25	no-TF	4
4932411N23Rik	no-TF	4
Gm9046	no-TF	4
Gm4924	no-TF	4
D3Ertd254e	no-TF	4
2010315B03Rik	no-TF	4
Gm14444	no-TF	4
Zfp811	no-TF	4
Gm10778	no-TF	4
Gm17067	no-TF	4
Zfp873	no-TF	4
AL593853.1	no-TF	4
Zfp933	no-TF	4
Gm2381	no-TF	4
Zfp85	no-TF	4
Gm11009	no-TF	4
Zfp952	no-TF	4
Zfp229	no-TF	4
Zfp935	no-TF	4
Gm6871	no-TF	4
AABR07045786.1	no-TF	4
AABR07035107.1	no-TF	4
AABR07060287.1	no-TF	4
AABR07002885.1	no-TF	4
AABR07001099.1	no-TF	4
AABR07029613.1	no-TF	4
AABR07005779.3	no-TF	4
AABR07025825.1	no-TF	4
RGD1564836	no-TF	4
LOC102554913	no-TF	4
AABR07003056.1	no-TF	4
AABR07002868.1	no-TF	4
AABR07001926.1	no-TF	4
AABR07055826.1	no-TF	4
AABR07001910.1	no-TF	4
Zfp267	no-TF	4
AABR07002623.1	no-TF	4
AC120712.4	no-TF	4
Gm14391	no-TF	4
AABR07002774.4	no-TF	4
AABR07002870.1	no-TF	4
AABR07040480.1	no-TF	4
LOC100362783	no-TF	4
AABR07067274.1	no-TF	4
Zfp707l1	no-TF	4
LOC102555183	no-TF	4
Znf442	no-TF	4
AC130232.2	no-TF	4
AABR07009106.1	no-TF	4
AABR07056503.1	no-TF	4
LOC691030	no-TF	4
AABR07049821.2	no-TF	4
LOC691661	no-TF	4
Rbpjl2	no-TF	4
AABR07040266.1	no-TF	4
AABR07001905.2	no-TF	4
AABR07059679.1	no-TF	4
AC126572.1	no-TF	4
AABR07031756	no-TF	4
Nf1x	no-TF	4
AABR07073021.3	no-TF	4
AABR07055919.1	no-TF	4
LOC108349189	no-TF	4
AABR07002893.1	no-TF	4
AABR07049184.1	no-TF	4
LOC100911511	no-TF	4
AABR07002774.1	no-TF	4
LOC108349258	no-TF	4
Giot1	no-TF	4
AABR07040430.1	no-TF	4
AABR07006860.1	no-TF	4
RGD1565622	no-TF	4
AABR07055917.1	no-TF	4
AABR07002775.1	no-TF	4
LOC501406	no-TF	4
AC109942.1	no-TF	4
AABR07027925.1	no-TF	4
AABR07040695.1	no-TF	4
AABR07009373.1	no-TF	4
LOC680200	no-TF	4
AC127605.1	no-TF	4
AABR07002774.2	no-TF	4
AABR07054723.1	no-TF	4
AABR07048419.2	no-TF	4
AC115666.1	no-TF	4
RGD1566225	no-TF	4
LOC108348302	no-TF	4
AABR07035375.1	no-TF	4
AABR07002065.1	no-TF	4
AABR07066826.2	no-TF	4
AABR07002784.1	no-TF	4
AC099444.1	no-TF	4
AC123471.1	no-TF	4
AC118165.1	no-TF	4
Rhox3	no-TF	4
AABR07002896.1	no-TF	4
AABR07001923.1	no-TF	4
AABR07041586.2	no-TF	4
AC128967.2	no-TF	4
AABR07039806.1	no-TF	4
LOC500584	no-TF	4
Zfp773-ps1	no-TF	4
Rab24	no-TF	4
AABR07025074.1	no-TF	4
AABR07068728.1	no-TF	4
Rhox2	no-TF	4
AABR07060585.1	no-TF	4
AC129395.1	no-TF	4
AABR07003616.1	no-TF	4
AABR07002351.2	no-TF	4
Ybx1-ps3	no-TF	4
RGD1564236	no-TF	4
AABR07008242.1	no-TF	4
AABR07027925.2	no-TF	4
AC126572.3	no-TF	4
Rhoxf10	no-TF	4
AABR07035218.1	no-TF	4
LOC691254	no-TF	4
AABR07055776.1	no-TF	4
AABR07054578.1	no-TF	4
LOC103694517	no-TF	4
AABR07001926.3	no-TF	4
AABR07049728.1	no-TF	4
AABR07006487.1	no-TF	4
AC108595.1	no-TF	4
AABR07036019.1	no-TF	4
AABR07031494.1	no-TF	4
AABR07033023.1	no-TF	4
AABR07055834.1	no-TF	4
RGD1564807	no-TF	4
LOC103690028	no-TF	4
AABR07054358.1	no-TF	4
AABR07002870.2	no-TF	4
AABR07019870.1	no-TF	4
AABR07007130.1	no-TF	4
AC094217.2	no-TF	4
RGD1560585	no-TF	4
LOC103694516	no-TF	4
AABR07002247.1	no-TF	4
LOC681067	no-TF	4
AABR07071891.1	no-TF	4
AABR07050399.2	no-TF	4
AABR07001896.1	no-TF	4
AABR07001905.1	no-TF	4
AC120291.4	no-TF	4
AABR07015743.1	no-TF	4
AABR07060165.1	no-TF	4
LOC108350839	no-TF	4
AABR07069371.2	no-TF	4
AABR07024534.1	no-TF	4
AABR07042454.1	no-TF	4
LOC499407	no-TF	4
AABR07030543.1	no-TF	4
AABR07054355.1	no-TF	4
AABR07002134.1	no-TF	4
LOC100364002	no-TF	4
RGD1561558	no-TF	4
AABR07054367.1	no-TF	4
LOC102547412	no-TF	4
AABR07053681.1	no-TF	4
AABR07045684.1	no-TF	4
