protein_id,protein_class,cluster_id
A0A024QZB2,None,2
A0A024QZC7,None,2
A0A024QZC8,None,2
A0A024R8B7,None,2
A0A0A0N0L4,None,2
A0A0G2JMD5,None,1
A0A0U1RQI7,DbTF,5
A0A1B0GTS1,DbTF,4
A0A1B0GVZ6,None,2
A0A1B0GWH4,DbTF,4
A0A1W2PPF3,DbTF,4
A0A1W2PPM1,DbTF,4
A0A2Z4LIS9,DbTF,2
A0A5F9ZHS7,DbTF,2
A0AVK6,DbTF,4
A0JLT2,coTF,2
A0PJY2,DbTF,4
A1A519,None,2
A1YPR0,DbTF,5
A2AJT9,coTF,2
A2RRD8,DbTF,5
A2RU54,DbTF,4
A3QJZ6,None,1
A3QJZ7,None,1
A4D1E1,None,2
A4GXA9,None,2
A5HJR3,None,2
A5PL33,None,2
A5YKK6,None,2
A6H8Y1,None,2
A6NCS4,DbTF,4
A6ND36,None,2
A6NDZ8,None,2
A6NE82,None,2
A6NFC5,None,2
A6NFD8,DbTF,4
A6NFI3,DbTF,4
A6NFQ7,DbTF,4
A6NGH7,None,2
A6NGN4,None,1
A6NHJ4,DbTF,5
A6NHT5,DbTF,4
A6NI15,Both,4
A6NIX2,None,2
A6NJ08,None,2
A6NJ46,DbTF,4
A6NJG6,DbTF,4
A6NJL1,DbTF,5
A6NJT0,DbTF,4
A6NK06,None,2
A6NK53,DbTF,5
A6NK75,DbTF,8
A6NKF2,coTF,2
A6NLW8,DbTF,4
A6NM28,DbTF,5
A6NMK7,None,2
A6NMT0,DbTF,4
A6NN14,DbTF,6
A6NNA5,DbTF,4
A6NNF4,DbTF,5
A6NP11,DbTF,8
A8K0R7,None,2
A8K8V0,DbTF,7
A8MQ14,DbTF,6
A8MT65,DbTF,7
A8MT69,None,2
A8MTJ6,DbTF,4
A8MTQ0,DbTF,4
A8MUV8,DbTF,8
A8MUZ8,DbTF,7
A8MV65,None,2
A8MWA4,DbTF,7
A8MXY4,DbTF,6
A8MYZ6,DbTF,4
A8MZ59,DbTF,4
A9YTQ3,DbTF,4
B1APH4,DbTF,7
B1Q2B0,None,2
B2CW77,None,2
B2RD01,None,2
B2RXF5,DbTF,4
B2RXH2,None,2
B2RXH8,None,2
B4DU55,DbTF,5
B4DX44,DbTF,8
B4DXR9,DbTF,8
B5ME19,None,2
B7Z6K7,DbTF,6
C0SQ93,None,2
C4PGM0,None,2
C9JBD0,None,2
C9JCN9,None,2
C9JLR9,None,2
C9JN71,DbTF,4
C9JSJ3,None,2
D5K9S7,None,2
D5K9W5,None,2
D6RGH6,None,2
E7ETH6,DbTF,7
E9PAV3,None,2
E9PGG2,DbTF,4
F1D8P8,None,2
F1D8P9,None,2
G4VV16,None,2
L8B7P7,None,6
O00110,DbTF,5
O00141,None,2
O00151,None,2
O00165,None,2
O00167,coTF,2
O00170,coTF,2
O00182,None,2
O00206,None,2
O00213,coTF,2
O00221,None,2
O00231,None,3
O00232,None,3
O00233,None,3
O00237,None,2
O00255,coTF,2
O00257,coTF,2
O00267,coTF,2
O00268,None,2
O00287,None,2
O00291,None,2
O00294,None,2
O00295,None,2
O00308,coTF,2
O00321,DbTF,4
O00327,DbTF,4
O00358,DbTF,4
O00401,None,2
O00409,DbTF,4
O00411,None,2
O00422,coTF,2
O00458,None,2
O00459,None,2
O00463,None,2
O00470,Both,4
O00472,None,2
O00478,None,2
O00482,Both,4
O00488,None,2
O00499,coTF,2
O00512,None,2
O00541,None,2
O00570,Both,4
O00571,coTF,2
O00625,coTF,2
O00635,None,2
O00712,DbTF,4
O00716,DbTF,4
O00744,None,2
O14495,None,2
O14497,None,2
O14503,DbTF,4
O14529,DbTF,4
O14545,None,2
O14593,coTF,2
O14607,None,2
O14627,DbTF,4
O14628,DbTF,4
O14640,None,2
O14641,None,2
O14646,None,2
O14647,coTF,2
O14682,None,2
O14686,coTF,2
O14709,DbTF,6
O14744,coTF,2
O14746,None,2
O14753,DbTF,5
O14757,None,2
O14770,Both,4
O14771,DbTF,5
O14776,coTF,2
O14777,None,2
O14788,None,2
O14802,coTF,2
O14813,DbTF,4
O14862,None,2
O14867,DbTF,4
O14896,DbTF,4
O14901,DbTF,4
O14907,None,2
O14920,None,2
O14929,coTF,2
O14936,None,2
O14948,DbTF,4
O14974,None,2
O14978,DbTF,4
O14979,None,2
O14980,None,2
O14981,coTF,2
O15014,None,2
O15015,DbTF,8
O15016,None,2
O15031,None,2
O15047,coTF,2
O15054,None,2
O15055,None,2
O15060,DbTF,4
O15062,DbTF,4
O15078,None,2
O15090,DbTF,8
O15105,None,2
O15111,None,2
O15119,DbTF,4
O15151,None,2
O15156,Both,4
O15162,DbTF,2
O15164,coTF,2
O15169,coTF,2
O15178,DbTF,4
O15198,DbTF,4
O15209,DbTF,4
O15226,DbTF,2
O15231,None,2
O15245,None,2
O15265,None,2
O15266,DbTF,4
O15294,None,2
O15303,None,2
O15304,None,2
O15318,coTF,2
O15344,None,2
O15347,None,2
O15350,Both,4
O15353,DbTF,4
O15360,None,2
O15370,DbTF,4
O15379,coTF,2
O15391,DbTF,5
O15392,None,1
O15405,coTF,2
O15409,DbTF,4
O15417,coTF,2
O15455,None,2
O15496,None,2
O15499,DbTF,4
O15504,None,2
O15516,Both,4
O15519,None,2
O15522,DbTF,4
O15525,DbTF,4
O15527,None,2
O15530,None,2
O15534,None,2
O15535,DbTF,5
O15541,None,2
O15550,None,2
O15553,None,2
O43147,None,2
O43151,None,2
O43157,None,2
O43159,None,2
O43167,DbTF,4
O43172,None,2
O43186,DbTF,4
O43187,None,2
O43189,coTF,2
O43245,None,2
O43248,DbTF,4
O43251,coTF,2
O43255,None,2
O43283,None,2
O43290,None,2
O43293,coTF,2
O43294,coTF,2
O43296,DbTF,5
O43298,DbTF,4
O43299,None,2
O43309,DbTF,5
O43313,DbTF,4
O43316,DbTF,4
O43318,None,2
O43345,DbTF,6
O43353,None,2
O43361,DbTF,7
O43364,DbTF,4
O43365,DbTF,4
O43422,None,2
O43435,DbTF,4
O43439,None,2
O43462,None,2
O43463,coTF,2
O43474,Both,4
O43513,None,2
O43524,DbTF,4
O43541,coTF,2
O43542,None,2
O43566,None,2
O43567,None,2
O43593,coTF,2
O43623,DbTF,7
O43638,DbTF,4
O43660,None,2
O43670,None,2
O43679,coTF,2
O43680,Both,4
O43707,None,2
O43709,coTF,2
O43711,DbTF,4
O43719,None,2
O43763,DbTF,4
O43812,DbTF,4
O43815,None,2
O43823,coTF,2
O43829,DbTF,4
O43889,Both,4
O43900,None,2
O43918,coTF,2
O60216,coTF,2
O60224,None,2
O60225,None,2
O60244,coTF,2
O60248,Both,4
O60260,coTF,2
O60264,None,2
O60281,DbTF,4
O60284,DbTF,4
O60290,None,2
O60296,None,2
O60304,DbTF,4
O60315,DbTF,4
O60341,coTF,2
O60353,None,2
O60356,coTF,2
O60381,DbTF,4
O60393,DbTF,4
O60422,DbTF,4
O60469,None,2
O60479,Both,4
O60481,DbTF,4
O60486,None,2
O60504,coTF,2
O60519,DbTF,4
O60543,None,2
O60548,DbTF,4
O60563,coTF,2
O60565,None,1
O60583,coTF,2
O60603,None,2
O60662,None,2
O60663,DbTF,4
O60674,coTF,2
O60675,DbTF,4
O60678,None,2
O60682,DbTF,4
O60684,None,2
O60711,coTF,2
O60716,None,2
O60765,DbTF,4
O60806,DbTF,4
O60809,None,1
O60810,None,1
O60811,None,1
O60813,None,1
O60828,None,2
O60829,None,2
O60858,None,2
O60861,None,2
O60869,None,2
O60870,None,2
O60885,coTF,2
O60902,DbTF,4
O60907,coTF,2
O60925,None,2
O60930,None,2
O75030,Both,4
O75031,None,2
O75051,None,2
O75081,None,2
O75123,DbTF,5
O75132,DbTF,4
O75140,None,2
O75151,coTF,2
O75152,None,2
O75157,None,2
O75164,None,2
O75175,None,2
O75177,coTF,2
O75182,coTF,2
O75197,None,2
O75290,DbTF,5
O75312,None,2
O75333,DbTF,4
O75346,DbTF,8
O75360,DbTF,4
O75362,DbTF,8
O75364,DbTF,4
O75367,None,2
O75373,DbTF,8
O75376,coTF,2
O75381,None,2
O75382,None,2
O75386,None,2
O75398,DbTF,7
O75410,None,2
O75417,coTF,2
O75419,coTF,2
O75437,DbTF,5
O75444,DbTF,4
O75446,coTF,2
O75448,coTF,2
O75460,None,2
O75461,DbTF,4
O75467,DbTF,5
O75469,DbTF,4
O75475,coTF,2
O75478,coTF,2
O75486,None,2
O75494,None,2
O75496,coTF,2
O75506,None,2
O75525,None,2
O75528,None,2
O75529,None,2
O75530,coTF,2
O75531,None,2
O75534,None,2
O75541,DbTF,4
O75564,None,2
O75581,None,2
O75582,None,2
O75586,coTF,2
O75592,None,2
O75593,Both,4
O75603,DbTF,5
O75604,None,2
O75607,coTF,2
O75626,Both,4
O75629,None,2
O75676,None,2
O75679,None,2
O75716,None,2
O75717,coTF,2
O75800,None,2
O75808,None,2
O75820,DbTF,5
O75832,coTF,3
O75840,DbTF,4
O75884,None,2
O75909,None,2
O75916,None,2
O75925,coTF,2
O75928,coTF,2
O75953,None,2
O75971,None,2
O76024,None,2
O76064,coTF,2
O76071,None,2
O76080,None,2
O76081,None,2
O94762,None,2
O94763,coTF,2
O94776,coTF,2
O94805,coTF,2
O94810,None,2
O94822,None,2
O94842,None,2
O94850,None,2
O94864,coTF,2
O94874,coTF,2
O94875,None,2
O94880,coTF,2
O94892,DbTF,4
O94900,coTF,2
O94906,None,2
O94916,Both,4
O94953,None,2
O94972,coTF,2
O94983,coTF,2
O94992,None,2
O94993,DbTF,4
O95076,DbTF,4
O95096,Both,4
O95125,DbTF,5
O95159,None,2
O95163,None,2
O95201,DbTF,4
O95218,None,2
O95231,DbTF,4
O95238,DbTF,4
O95243,None,2
O95251,coTF,2
O95271,coTF,2
O95343,DbTF,4
O95361,None,2
O95365,Both,5
O95376,None,2
O95398,None,2
O95402,coTF,2
O95409,DbTF,4
O95416,Both,4
O95459,None,2
O95475,DbTF,4
O95503,coTF,2
O95521,None,1
O95522,None,1
O95551,None,2
O95600,DbTF,4
O95619,None,2
O95625,DbTF,8
O95626,None,2
O95628,None,2
O95639,None,2
O95644,Both,4
O95677,None,2
O95696,coTF,2
O95704,coTF,2
O95718,Both,4
O95751,None,2
O95780,DbTF,8
O95785,Both,4
O95786,None,2
O95789,None,2
O95861,None,2
O95863,DbTF,7
O95905,coTF,2
O95931,coTF,2
O95935,DbTF,4
O95936,DbTF,5
O95947,DbTF,4
O95948,DbTF,4
O95983,coTF,2
O95996,None,2
O95997,None,2
O95999,coTF,2
O96004,Both,4
O96006,Both,4
O96017,None,2
O96019,coTF,2
O96028,coTF,2
P00374,None,2
P00519,None,2
P00533,coTF,2
P01019,None,2
P01100,Both,4
P01106,Both,4
P01112,None,2
P01116,None,1
P01137,None,1
P01270,None,2
P01308,None,2
P01375,None,2
P01574,None,2
P01584,None,2
P01889,None,2
P01911,None,2
P01920,None,2
P02545,None,2
P02788,None,2
P02810,None,2
P03372,Both,4
P03971,None,2
P04040,None,2
P04049,None,2
P04053,None,2
P04054,None,2
P04150,Both,4
P04156,None,2
P04198,DbTF,4
P04234,None,2
P04626,None,2
P04628,None,1
P04629,None,2
P04637,Both,4
P05067,coTF,2
P05107,None,2
P05109,None,2
P05112,None,1
P05113,None,2
P05114,coTF,2
P05204,coTF,2
P05230,None,2
P05231,None,2
P05305,None,2
P05362,None,2
P05412,Both,4
P05455,None,2
P05538,None,2
P05546,None,2
P05549,Both,4
P05771,coTF,2
P06213,None,2
P06280,None,2
P06400,coTF,2
P06401,DbTF,4
P06493,None,2
P06702,None,2
P06727,None,2
P06733,DbTF,2
P06746,None,2
P06748,coTF,2
P07199,coTF,2
P07305,None,2
P07550,None,2
P07737,None,2
P07910,None,2
P07988,None,2
P08047,Both,4
P08048,DbTF,4
P08151,Both,4
P08235,DbTF,4
P08246,None,2
P08567,None,2
P08581,None,2
P08621,None,2
P08631,None,2
P08651,DbTF,4
P08F94,None,2
P09016,DbTF,4
P09017,DbTF,4
P09038,None,2
P09067,DbTF,4
P09086,DbTF,4
P09234,None,2
P09429,coTF,2
P09430,None,2
P09467,None,2
P09525,None,2
P09544,None,2
P09601,None,2
P09629,DbTF,4
P09630,DbTF,4
P09651,None,2
P09874,coTF,2
P09884,coTF,2
P0C0S5,None,2
P0C6A0,DbTF,2
P0C7M4,DbTF,4
P0C7V6,coTF,2
P0C7X2,DbTF,7
P0C7X5,DbTF,5
P0C860,None,2
P0CB33,DbTF,8
P0CB47,None,2
P0CF97,None,2
P0CG00,DbTF,5
P0CG23,DbTF,5
P0CG24,DbTF,5
P0CG31,DbTF,5
P0CG32,None,2
P0CG40,DbTF,5
P0CG47,None,2
P0CG48,None,2
P0CH99,DbTF,7
P0CI00,DbTF,7
P0CI25,None,2
P0CJ78,DbTF,4
P0CJ79,DbTF,5
P0DI81,coTF,2
P0DKX0,DbTF,5
P0DME0,coTF,2
P0DMV8,coTF,2
P0DMV9,coTF,2
P0DMW2,None,2
P0DP91,None,2
P0DPD5,DbTF,8
P10070,Both,4
P10071,Both,4
P10072,DbTF,7
P10073,DbTF,5
P10074,DbTF,4
P10075,DbTF,8
P10153,None,2
P10163,None,2
P10242,DbTF,8
P10243,DbTF,8
P10244,DbTF,4
P10275,Both,4
P10276,Both,4
P10412,None,2
P10588,DbTF,4
P10589,DbTF,4
P10599,None,2
P10721,None,2
P10745,None,2
P10809,coTF,2
P10826,DbTF,4
P10827,Both,4
P10828,DbTF,4
P10909,None,2
P10914,DbTF,4
P11021,None,2
P11142,None,2
P11161,Both,4
P11308,Both,4
P11309,coTF,2
P11362,None,2
P11387,coTF,2
P11388,coTF,2
P11473,DbTF,4
P11474,DbTF,4
P11487,None,2
P11831,Both,4
P12004,coTF,2
P12270,coTF,2
P12429,None,2
P12524,DbTF,4
P12643,coTF,2
P12644,None,1
P12755,Both,8
P12757,Both,8
P12814,None,2
P12931,None,2
P12956,None,2
P12980,DbTF,4
P13010,None,2
P13051,None,2
P13056,Both,4
P13349,DbTF,4
P13378,DbTF,4
P13631,Both,4
P13646,None,2
P13682,DbTF,4
P13984,None,2
P14316,DbTF,4
P14317,None,2
P14373,None,2
P14618,None,2
P14651,DbTF,4
P14652,DbTF,4
P14653,DbTF,4
P14859,DbTF,4
P14866,None,2
P14921,Both,4
P14923,None,2
P15036,DbTF,4
P15090,None,2
P15172,Both,4
P15173,DbTF,4
P15311,None,2
P15313,None,2
P15336,Both,4
P15407,DbTF,4
P15408,Both,4
P15498,None,2
P15621,DbTF,4
P15622,DbTF,5
P15692,None,1
P15822,DbTF,4
P15863,DbTF,4
P15884,DbTF,4
P15918,coTF,2
P15923,Both,4
P15924,None,2
P15927,None,2
P15941,coTF,2
P15976,Both,4
P16220,Both,4
P16298,None,2
P16333,None,2
P16383,None,2
P16401,coTF,2
P16402,None,2
P16403,None,2
P16415,DbTF,4
P16455,None,2
P16591,None,2
P16671,None,2
P16989,None,2
P17010,DbTF,2
P17014,DbTF,4
P17017,DbTF,4
P17019,DbTF,8
P17020,DbTF,4
P17021,DbTF,5
P17022,DbTF,5
P17023,DbTF,7
P17024,DbTF,7
P17025,DbTF,5
P17026,DbTF,4
P17027,DbTF,5
P17028,DbTF,4
P17029,DbTF,5
P17030,DbTF,7
P17031,DbTF,5
P17032,DbTF,4
P17035,DbTF,5
P17036,DbTF,7
P17038,DbTF,6
P17039,DbTF,5
P17040,DbTF,5
P17041,DbTF,5
P17096,coTF,2
P17097,DbTF,5
P17098,DbTF,4
P17275,Both,4
P17480,coTF,2
P17481,DbTF,4
P17482,DbTF,4
P17483,DbTF,4
P17509,DbTF,4
P17535,Both,4
P17542,Both,4
P17544,Both,4
P17676,Both,4
P17813,None,2
P17844,coTF,2
P17861,DbTF,4
P17947,Both,4
P17980,None,3
P18074,None,2
P18075,None,2
P18124,None,2
P18146,Both,4
P18583,None,2
P18615,coTF,2
P18846,DbTF,4
P18847,DbTF,4
P18848,DbTF,4
P18850,DbTF,4
P18858,None,2
P19338,None,2
P19388,None,2
P19419,Both,4
P19447,coTF,2
P19474,None,2
P19484,DbTF,4
P19525,None,2
P19532,DbTF,4
P19544,DbTF,4
P19622,DbTF,4
P19784,None,2
P19793,DbTF,4
P19838,Both,4
P20226,coTF,2
P20248,None,2
P20264,DbTF,4
P20265,DbTF,4
P20290,None,2
P20393,DbTF,4
P20585,None,2
P20618,None,3
P20719,DbTF,4
P20749,coTF,2
P20794,None,2
P20807,None,2
P20823,DbTF,4
P20929,None,2
P21127,None,2
P21291,None,2
P21333,coTF,2
P21359,None,2
P21506,DbTF,7
P21580,None,2
P21675,coTF,2
P21802,None,2
P22301,None,2
P22392,None,2
P22415,Both,4
P22492,None,2
P22626,None,2
P22670,DbTF,4
P22681,None,2
P22736,DbTF,4
P23025,None,2
P23193,None,2
P23246,coTF,2
P23297,None,2
P23409,DbTF,4
P23497,Both,4
P23510,None,2
P23511,DbTF,4
P23759,DbTF,4
P23760,DbTF,4
P23769,Both,4
P23771,Both,4
P24278,DbTF,4
P24385,coTF,2
P24468,DbTF,4
P24522,None,2
P24723,None,2
P24863,None,2
P24864,None,2
P24928,None,2
P24941,None,2
P25205,None,2
P25208,DbTF,4
P25440,coTF,2
P25490,Both,5
P25685,None,2
P25789,None,3
P25791,None,2
P25800,None,2
P25942,None,2
P25963,coTF,2
P26358,coTF,2
P26367,Both,4
P26368,None,2
P26371,None,2
P26583,coTF,2
P26599,None,2
P26651,coTF,2
P27361,None,2
P27540,Both,4
P27694,None,2
P27695,None,2
P27797,None,2
P27986,coTF,2
P28069,DbTF,4
P28070,None,3
P28324,Both,4
P28328,None,2
P28347,DbTF,4
P28356,DbTF,4
P28358,Both,4
P28360,Both,4
P28370,coTF,2
P28482,coTF,2
P28698,DbTF,4
P28702,DbTF,4
P28749,coTF,2
P29083,None,2
P29084,None,2
P29122,None,2
P29372,None,2
P29373,None,2
P29374,None,2
P29375,coTF,2
P29558,None,2
P29590,coTF,2
P29965,None,2
P30044,None,2
P30048,None,1
P30153,None,2
P30876,coTF,2
P31146,None,2
P31249,DbTF,4
P31260,Both,4
P31267,DbTF,4
P31268,Both,4
P31269,DbTF,4
P31270,DbTF,4
P31271,DbTF,4
P31273,DbTF,4
P31274,DbTF,4
P31275,DbTF,4
P31276,Both,4
P31277,DbTF,4
P31314,DbTF,4
P31350,None,2
P31483,None,2
P31629,DbTF,4
P31749,None,2
P31751,None,2
P31941,None,2
P31946,coTF,2
P32121,None,2
P32242,DbTF,4
P32243,DbTF,4
P32248,None,2
P32314,DbTF,4
P32519,DbTF,4
P32780,coTF,2
P32929,None,2
P33076,None,2
P33992,None,2
P33993,None,2
P35222,coTF,2
P35226,None,2
P35227,None,2
P35232,coTF,2
P35243,None,2
P35244,None,2
P35251,None,2
P35269,coTF,2
P35398,Both,4
P35452,DbTF,4
P35453,Both,4
P35548,DbTF,4
P35555,None,2
P35609,None,2
P35637,coTF,2
P35638,Both,4
P35659,coTF,2
P35680,DbTF,4
P35711,DbTF,4
P35712,DbTF,4
P35713,DbTF,4
P35716,DbTF,4
P35789,DbTF,4
P35813,None,2
P35869,Both,4
P35968,None,2
P35998,None,3
P36402,DbTF,4
P36406,None,2
P36507,None,2
P36508,DbTF,5
P36894,coTF,2
P36956,Both,4
P37198,coTF,2
P37231,Both,4
P37235,None,2
P37275,DbTF,4
P37840,coTF,2
P38159,coTF,2
P38398,coTF,2
P38935,coTF,2
P38936,None,4
P39687,coTF,2
P39748,None,2
P39880,DbTF,4
P39900,None,2
P40305,None,2
P40337,coTF,2
P40424,Both,4
P40425,Both,4
P40426,DbTF,4
P40763,Both,4
P40879,None,2
P41134,coTF,2
P41143,None,2
P41161,DbTF,4
P41162,DbTF,4
P41182,Both,4
P41212,DbTF,4
P41218,None,2
P41221,None,2
P41223,None,2
P41225,DbTF,4
P41229,None,2
P41235,Both,4
P41440,None,2
P41743,None,2
P41970,DbTF,4
P42224,Both,4
P42226,DbTF,4
P42229,DbTF,4
P42345,None,2
P42568,coTF,2
P42681,None,2
P42685,None,2
P42694,None,2
P42704,None,2
P42771,None,2
P42772,None,2
P43146,None,2
P43243,None,2
P43246,coTF,2
P43268,DbTF,4
P43354,DbTF,4
P43355,coTF,2
P43356,coTF,2
P43405,None,2
P43489,None,2
P43686,None,3
P43694,Both,4
P43699,Both,4
P45973,coTF,2
P45983,coTF,2
P45984,coTF,2
P46063,None,2
P46087,None,2
P46100,coTF,2
P46108,None,2
P46527,None,2
P46531,None,2
P46734,None,2
P46937,coTF,2
P46940,None,2
P47902,DbTF,4
P47928,None,2
P47974,None,2
P47992,None,2
P48378,DbTF,4
P48380,DbTF,4
P48382,DbTF,4
P48431,Both,4
P48436,Both,4
P48443,DbTF,4
P48552,coTF,2
P48742,DbTF,4
P48788,None,2
P49023,coTF,2
P49116,DbTF,4
P49335,DbTF,4
P49336,None,2
P49407,coTF,2
P49450,coTF,2
P49454,coTF,2
P49591,None,2
P49639,DbTF,4
P49640,DbTF,4
P49643,None,2
P49711,DbTF,4
P49715,Both,4
P49716,DbTF,4
P49750,None,2
P49758,None,2
P49768,None,2
P49773,None,2
P49789,None,2
P49802,None,2
P49815,None,2
P49841,coTF,2
P49848,None,2
P49910,DbTF,5
P49916,None,2
P49918,None,2
P50219,DbTF,4
P50221,Both,4
P50222,DbTF,4
P50238,None,2
P50458,DbTF,4
P50461,None,2
P50539,DbTF,4
P50548,DbTF,4
P50549,DbTF,4
P50553,Both,4
P50570,None,2
P50607,None,2
P50613,None,2
P50616,coTF,2
P50748,None,2
P50750,coTF,2
P50876,None,2
P50991,None,2
P51397,None,2
P51449,DbTF,4
P51504,DbTF,4
P51508,DbTF,5
P51522,DbTF,5
P51523,DbTF,4
P51530,None,2
P51531,coTF,2
P51532,coTF,2
P51587,None,2
P51608,coTF,2
P51610,coTF,2
P51617,None,2
P51668,None,2
P51692,Both,4
P51786,DbTF,5
P51805,None,2
P51812,None,2
P51814,DbTF,5
P51815,DbTF,4
P51816,None,2
P51825,None,2
P51826,None,2
P51843,coTF,2
P51858,coTF,2
P51946,None,2
P51948,None,2
P51991,None,2
P52434,None,2
P52435,None,2
P52564,None,2
P52630,DbTF,4
P52655,coTF,2
P52657,coTF,2
P52701,coTF,2
P52736,DbTF,7
P52737,DbTF,5
P52738,DbTF,5
P52739,DbTF,4
P52740,DbTF,5
P52741,DbTF,4
P52742,DbTF,5
P52744,DbTF,8
P52746,DbTF,4
P52747,DbTF,4
P52756,None,2
P52824,None,2
P52926,coTF,2
P52943,None,2
P52945,Both,4
P52948,None,2
P52951,DbTF,4
P52952,Both,4
P52954,DbTF,4
P53004,None,2
P53350,None,2
P53539,Both,4
P53567,Both,4
P53778,None,2
P53779,None,2
P53801,coTF,2
P53803,None,2
P53805,None,2
P53999,None,4
P54098,coTF,2
P54132,coTF,2
P54198,coTF,2
P54252,None,2
P54259,None,2
P54274,None,2
P54277,None,2
P54368,None,2
P54646,coTF,2
P54756,None,2
P54821,DbTF,4
P54845,DbTF,4
P55055,DbTF,4
P55196,None,2
P55197,coTF,2
P55198,coTF,2
P55199,None,2
P55201,coTF,2
P55265,None,2
P55316,DbTF,4
P55317,Both,4
P55318,Both,4
P55345,coTF,2
P55347,Both,4
P55771,DbTF,4
P56177,Both,4
P56178,DbTF,4
P56179,DbTF,4
P56270,DbTF,5
P56524,coTF,2
P56545,coTF,2
P56645,None,2
P56693,Both,4
P56704,None,2
P56705,None,1
P56915,DbTF,4
P57059,None,2
P57071,DbTF,6
P57073,Both,4
P57078,None,2
P57082,DbTF,4
P57086,None,2
P57682,DbTF,4
P57721,None,2
P57723,None,2
P57740,None,2
P58012,DbTF,4
P58215,None,2
P58304,DbTF,7
P58317,DbTF,5
P58546,None,2
P58753,None,2
P59046,None,2
P59817,DbTF,8
P59923,Both,6
P60002,None,2
P60484,None,2
P60709,None,2
P60900,None,3
P61077,None,2
P61086,None,2
P61088,None,2
P61129,None,2
P61201,None,2
P61221,None,2
P61244,DbTF,4
P61296,Both,4
P61371,DbTF,5
P61457,None,2
P61586,None,2
P61601,None,2
P61925,None,2
P61956,None,2
P61964,coTF,2
P61968,coTF,2
P61978,None,2
P62166,None,2
P62191,None,3
P62195,coTF,3
P62263,None,2
P62324,coTF,2
P62333,None,3
P62380,None,2
P62424,None,2
P62508,DbTF,4
P62633,None,2
P62826,coTF,2
P62837,None,2
P62875,None,2
P62877,coTF,2
P62979,None,2
P62987,None,2
P63010,None,2
P63098,None,2
P63146,None,2
P63165,coTF,2
P63167,None,2
P63272,coTF,2
P63279,coTF,2
P67775,None,2
P67809,None,2
P68036,None,2
P68104,None,2
P68400,None,2
P78317,coTF,2
P78325,None,2
P78332,None,2
P78337,DbTF,4
P78347,DbTF,2
P78364,coTF,2
P78367,DbTF,4
P78395,None,1
P78396,None,2
P78411,DbTF,4
P78412,DbTF,4
P78413,DbTF,4
P78414,DbTF,4
P78415,DbTF,4
P78424,DbTF,4
P78426,Both,4
P78509,None,2
P78527,coTF,2
P78537,None,2
P78543,None,2
P78545,DbTF,4
P79483,None,2
P79522,None,2
P80511,None,2
P80723,None,2
P81133,DbTF,4
P81408,None,2
P81877,None,2
P82094,None,2
P82979,None,2
P83881,None,2
P83916,coTF,2
P84022,Both,4
P84074,None,2
P84243,None,2
P84550,Both,8
P85037,DbTF,4
P86452,DbTF,4
P98082,coTF,2
P98161,None,2
P98168,coTF,2
P98169,coTF,2
P98170,None,2
P98174,None,2
P98175,None,2
P98177,Both,4
P98182,None,2
Q00056,DbTF,4
Q00059,coTF,2
Q00403,coTF,2
Q00444,DbTF,4
Q00535,coTF,2
Q00577,Both,4
Q00604,None,2
Q00613,DbTF,4
Q00653,DbTF,4
Q00839,coTF,2
Q00978,DbTF,4
Q00987,coTF,2
Q01081,None,2
Q01085,None,2
Q01094,Both,4
Q01101,Both,4
Q01105,coTF,2
Q01130,None,2
Q01167,DbTF,4
Q01196,Both,4
Q01201,DbTF,4
Q01538,DbTF,4
Q01543,Both,4
Q01658,None,2
Q01664,Both,4
Q01826,Both,4
Q01831,None,2
Q01844,coTF,2
Q01850,None,2
Q01851,Both,4
Q01860,Both,4
Q01892,DbTF,4
Q01954,DbTF,2
Q01959,None,2
Q02040,None,2
Q02078,Both,4
Q02080,Both,4
Q02086,Both,4
Q02297,coTF,2
Q02363,None,2
Q02386,DbTF,4
Q02446,DbTF,4
Q02447,Both,4
Q02535,coTF,2
Q02539,None,2
Q02548,DbTF,4
Q02556,DbTF,4
Q02575,DbTF,4
Q02577,DbTF,4
Q02750,None,2
Q02779,None,2
Q02833,None,2
Q02880,coTF,2
Q02930,DbTF,5
Q02962,Both,4
Q03014,Both,4
Q03052,DbTF,4
Q03060,DbTF,4
Q03111,None,2
Q03112,DbTF,4
Q03164,None,2
Q03181,Both,4
Q03701,None,2
Q03828,DbTF,4
Q03923,DbTF,8
Q03924,DbTF,4
Q03933,DbTF,4
Q03936,DbTF,4
Q03938,DbTF,4
Q03989,coTF,2
Q04118,None,2
Q04206,Both,4
Q04695,None,2
Q04721,None,2
Q04724,coTF,2
Q04725,None,2
Q04726,None,2
Q04727,None,2
Q04741,DbTF,4
Q04743,DbTF,4
Q04759,None,2
Q04864,DbTF,4
Q04912,None,2
Q05066,Both,4
Q05086,None,2
Q05195,DbTF,4
Q05215,DbTF,4
Q05481,DbTF,4
Q05513,None,2
Q05516,DbTF,6
Q05823,None,2
Q05925,DbTF,4
Q05BQ5,coTF,2
Q05D32,None,2
Q06187,None,2
Q06265,None,2
Q06330,Both,4
Q06413,Both,4
Q06416,DbTF,4
Q06455,None,2
Q06546,Both,4
Q06547,None,2
Q06587,coTF,2
Q06609,coTF,2
Q06710,DbTF,4
Q06730,DbTF,4
Q06732,DbTF,6
Q06889,DbTF,4
Q06945,DbTF,4
Q07021,coTF,2
Q07352,None,2
Q07666,None,2
Q07687,Both,4
Q07869,Both,4
Q08050,DbTF,4
Q08117,None,2
Q08209,None,2
Q08211,coTF,2
Q08752,coTF,2
Q08945,coTF,2
Q08999,coTF,2
Q08AG5,DbTF,4
Q08AN1,DbTF,5
Q08ER8,DbTF,5
Q09028,coTF,2
Q09472,coTF,2
Q09FC8,DbTF,5
Q0D2J5,DbTF,4
Q0D2K3,None,2
Q0VG99,DbTF,4
Q0VGE8,DbTF,5
Q10571,None,2
Q10586,DbTF,4
Q10587,DbTF,4
Q12766,None,2
Q12772,DbTF,4
Q12774,None,2
Q12778,Both,4
Q12789,None,2
Q12796,None,2
Q12800,Both,4
Q12824,coTF,2
Q12830,coTF,4
Q12837,Both,4
Q12857,Both,4
Q12870,DbTF,4
Q12872,None,2
Q12873,None,2
Q12874,None,2
Q12888,coTF,2
Q12891,None,2
Q12899,None,2
Q12901,DbTF,5
Q12905,None,2
Q12906,None,2
Q12933,None,2
Q12946,DbTF,4
Q12947,Both,4
Q12948,Both,4
Q12950,DbTF,4
Q12951,DbTF,4
Q12952,DbTF,4
Q12962,coTF,2
Q12968,Both,4
Q12983,None,2
Q12986,DbTF,7
Q13015,None,2
Q13017,None,2
Q13029,Both,7
Q13033,None,2
Q13045,None,2
Q13049,None,2
Q13064,None,2
Q13077,None,2
Q13084,None,2
Q13105,Both,4
Q13106,DbTF,5
Q13112,coTF,2
Q13114,None,2
Q13118,DbTF,4
Q13127,Both,4
Q13129,DbTF,4
Q13131,coTF,2
Q13133,DbTF,4
Q13148,None,2
Q13156,None,2
Q13163,None,2
Q13164,None,2
Q13185,coTF,2
Q13188,None,2
Q13207,DbTF,4
Q13216,None,2
Q13227,None,2
Q13263,coTF,2
Q13285,Both,4
Q13287,coTF,2
Q13315,None,2
Q13330,coTF,2
Q13342,DbTF,4
Q13351,DbTF,4
Q13352,None,2
Q13360,DbTF,7
Q13363,coTF,2
Q13395,None,2
Q13398,DbTF,5
Q13401,None,2
Q13404,None,2
Q13416,None,2
Q13418,None,2
Q13422,Both,4
Q13426,None,2
Q13461,DbTF,4
Q13469,Both,4
Q13485,Both,4
Q13487,None,2
Q13490,None,2
Q13492,None,2
Q13495,None,2
Q13501,None,2
Q13503,coTF,2
Q13506,coTF,2
Q13516,DbTF,4
Q13526,None,2
Q13535,None,2
Q13536,None,2
Q13546,None,2
Q13547,coTF,2
Q13557,None,2
Q13562,Both,4
Q13568,DbTF,4
Q13569,coTF,2
Q13573,coTF,2
Q13616,None,2
Q13617,None,2
Q13618,None,2
Q13619,None,2
Q13620,None,2
Q13625,coTF,2
Q13627,None,2
Q13635,None,2
Q13642,None,2
Q13643,coTF,2
Q13761,DbTF,4
Q13769,None,2
Q13772,None,2
Q13838,None,2
Q13886,DbTF,4
Q13887,DbTF,4
Q13888,None,2
Q13889,None,2
Q13901,None,2
Q13950,DbTF,4
Q13951,None,2
Q13952,Both,4
Q14004,None,2
Q14005,None,2
Q14012,None,2
Q14103,coTF,2
Q14106,None,2
Q14114,None,2
Q14119,DbTF,4
Q14134,coTF,2
Q14135,None,2
Q14140,None,2
Q14142,None,2
Q14145,coTF,2
Q14147,None,2
Q14149,None,2
Q14151,None,2
Q14186,Both,4
Q14188,Both,4
Q14190,DbTF,4
Q14191,coTF,2
Q14192,coTF,2
Q14202,None,2
Q14207,coTF,2
Q14209,Both,4
Q14258,None,2
Q14332,None,2
Q14393,None,1
Q14469,Both,4
Q14494,DbTF,4
Q14498,None,2
Q14526,Both,4
Q14527,coTF,2
Q14541,DbTF,4
Q14549,DbTF,4
Q14565,None,2
Q14582,DbTF,4
Q14584,DbTF,7
Q14585,DbTF,6
Q14586,DbTF,6
Q14587,DbTF,4
Q14588,DbTF,5
Q14590,DbTF,5
Q14592,DbTF,8
Q14593,DbTF,8
Q14653,DbTF,4
Q14678,None,2
Q14679,None,2
Q14684,None,2
Q14686,coTF,2
Q14693,None,2
Q14765,DbTF,4
Q14774,DbTF,4
Q14781,coTF,2
Q14789,None,2
Q147U1,DbTF,7
Q14814,Both,4
Q14839,coTF,2
Q14863,DbTF,4
Q14865,None,2
Q14872,Both,4
Q14894,None,2
Q14919,None,2
Q14929,DbTF,7
Q14934,Both,4
Q14938,DbTF,4
Q14966,None,2
Q14978,None,2
Q14994,DbTF,4
Q14995,DbTF,4
Q149N8,None,2
Q14CW9,None,2
Q15014,None,2
Q15020,coTF,2
Q15022,coTF,2
Q15025,None,2
Q15047,coTF,2
Q15048,None,2
Q15053,None,2
Q15059,coTF,2
Q15063,None,2
Q15072,DbTF,4
Q15075,None,2
Q15078,None,2
Q15109,None,2
Q15139,None,2
Q15170,None,2
Q15173,None,2
Q15233,coTF,2
Q15270,DbTF,4
Q15291,None,2
Q15303,None,2
Q15306,Both,4
Q15319,DbTF,4
Q15326,coTF,2
Q15327,coTF,2
Q15329,Both,4
Q15361,coTF,2
Q15365,None,2
Q15366,None,2
Q15369,None,2
Q15370,None,2
Q15397,None,2
Q15406,DbTF,4
Q15418,None,2
Q15424,coTF,2
Q15428,None,2
Q15465,None,1
Q15466,coTF,2
Q15475,Both,4
Q15528,coTF,2
Q15532,None,2
Q15542,None,2
Q15543,None,2
Q15544,coTF,2
Q15545,coTF,2
Q15554,None,2
Q15560,None,2
Q15561,DbTF,4
Q15562,DbTF,4
Q15572,None,2
Q15573,None,2
Q15583,DbTF,4
Q15596,coTF,2
Q15628,None,2
Q15631,None,2
Q15637,None,2
Q15642,None,2
Q15643,None,2
Q15645,coTF,2
Q15648,coTF,2
Q15650,coTF,2
Q15651,coTF,2
Q15652,coTF,2
Q15653,None,2
Q15654,None,2
Q15672,Both,4
Q15678,coTF,2
Q15696,None,2
Q15697,DbTF,4
Q15699,DbTF,4
Q15714,None,2
Q15723,DbTF,4
Q15742,coTF,2
Q15744,DbTF,4
Q15750,None,2
Q15759,None,2
Q15776,DbTF,5
Q15784,DbTF,4
Q15788,coTF,2
Q15796,Both,4
Q15797,DbTF,4
Q15834,None,2
Q15843,None,2
Q15853,DbTF,4
Q15906,coTF,2
Q15910,coTF,2
Q15911,DbTF,4
Q15915,DbTF,5
Q15916,DbTF,4
Q15928,DbTF,8
Q15929,None,7
Q15935,DbTF,7
Q15937,DbTF,7
Q15942,None,2
Q15973,DbTF,7
Q16204,None,2
Q16236,DbTF,4
Q16254,Both,4
Q16342,None,2
Q16384,None,2
Q16385,None,2
Q16512,coTF,2
Q16513,coTF,2
Q16514,coTF,2
Q16520,DbTF,4
Q16526,coTF,2
Q16527,None,2
Q16531,None,2
Q16533,None,2
Q16534,DbTF,4
Q16539,None,2
Q16559,DbTF,4
Q16566,None,2
Q16576,None,2
Q16587,DbTF,4
Q16594,coTF,2
Q16600,DbTF,5
Q16621,DbTF,4
Q16629,None,2
Q16633,coTF,2
Q16635,None,2
Q16647,None,2
Q16649,DbTF,4
Q16650,DbTF,4
Q16656,DbTF,4
Q16665,Both,4
Q16666,coTF,2
Q16670,DbTF,4
Q16676,DbTF,4
Q16678,None,2
Q16832,None,2
Q17R98,None,2
Q17RH7,None,2
Q17RP2,None,2
Q17RS7,None,2
Q1PSX1,None,4
Q1XH10,DbTF,2
Q27J81,None,2
Q2KHR2,DbTF,4
Q2L4T1,None,2
Q2M1K9,DbTF,8
Q2M1V0,DbTF,4
Q2M218,DbTF,5
Q2M3W8,DbTF,5
Q2M3X9,DbTF,7
Q2QGD7,coTF,2
Q2TAL8,None,2
Q2TB10,DbTF,2
Q2TBA0,None,2
Q2VWA4,Both,8
Q2VY69,DbTF,8
Q30154,None,2
Q32M78,DbTF,5
Q32MQ0,DbTF,6
Q32MZ4,DbTF,4
Q32NB8,None,2
Q33E94,DbTF,4
Q3B7T1,None,2
Q3B8N5,DbTF,4
Q3C1V8,DbTF,4
Q3KNS6,DbTF,5
Q3KNV8,None,2
Q3KNW1,DbTF,8
Q3KP31,DbTF,4
Q3KQV3,DbTF,5
Q3L8U1,coTF,2
Q3MIS6,DbTF,5
Q3MJ62,DbTF,5
Q3SXZ3,DbTF,8
Q3SY52,DbTF,5
Q3SY56,DbTF,5
Q3SYB3,DbTF,4
Q3T8J9,coTF,2
Q3V6T2,None,2
Q3ZCT1,DbTF,4
Q3ZCX4,DbTF,5
Q3ZLR7,coTF,2
Q460N3,None,2
Q460N5,None,2
Q494X3,DbTF,7
Q499Z4,DbTF,4
Q49A26,coTF,2
Q49A33,DbTF,8
Q49AA0,DbTF,7
Q49AG3,None,4
Q49AM1,None,2
Q49AN0,None,2
Q4FZB7,coTF,2
Q4G0J3,None,2
Q4G112,DbTF,4
Q4LE39,coTF,2
Q4VC44,None,2
Q4VCS5,None,2
Q4VXU2,None,2
Q4W5G0,None,2
Q4ZG55,None,2
Q52LR7,None,2
Q52M93,DbTF,6
Q53EL6,None,2
Q53EQ6,None,2
Q53ET0,coTF,2
Q53G59,None,2
Q53GI3,DbTF,5
Q53GL7,None,2
Q53GS9,None,2
Q53H80,coTF,2
Q53HV7,None,2
Q53QV2,None,2
Q53S33,None,2
Q53T94,None,2
Q53TQ3,None,2
Q569K4,coTF,2
Q56P03,None,2
Q56P42,None,2
Q58F21,coTF,2
Q58WW2,None,2
Q5BKZ1,None,2
Q5CZA5,DbTF,5
Q5D1E8,coTF,2
Q5EBL2,DbTF,8
Q5EBM4,DbTF,5
Q5F1R6,None,2
Q5FWF6,DbTF,4
Q5H9I0,coTF,2
Q5H9K5,None,2
Q5H9L2,None,2
Q5H9L4,None,2
Q5HY98,DbTF,2
Q5HYK2,None,2
Q5HYK9,DbTF,4
Q5HYM0,None,2
Q5HYR2,None,2
Q5JNZ3,DbTF,5
Q5JPB2,None,2
Q5JT82,DbTF,4
Q5JUK2,DbTF,4
Q5JUW0,None,2
Q5JVG2,DbTF,6
Q5JVG8,DbTF,8
Q5JVS0,None,2
Q5MCW4,DbTF,5
Q5PRF9,None,2
Q5PSV4,coTF,2
Q5QJE6,None,2
Q5S007,None,2
Q5SQQ9,DbTF,4
Q5SSJ5,None,2
Q5SVQ8,DbTF,5
Q5SVZ6,None,2
Q5SWL7,None,1
Q5SWL8,None,1
Q5SXM1,DbTF,8
Q5SXM2,None,2
Q5SZJ8,coTF,2
Q5SZQ8,None,2
Q5T0B9,DbTF,4
Q5T0F9,DbTF,4
Q5T1N1,None,2
Q5T1R4,DbTF,5
Q5T200,None,2
Q5T230,None,2
Q5T3J3,None,2
Q5T481,None,2
Q5T4F7,None,2
Q5T4S7,None,2
Q5T5D7,DbTF,7
Q5T5X7,None,2
Q5T619,DbTF,8
Q5T6S3,coTF,2
Q5T7W0,Both,2
Q5T8P6,None,2
Q5TA31,None,2
Q5TA89,Both,4
Q5TAX3,None,2
Q5TB30,None,2
Q5TC79,DbTF,4
Q5TC82,None,2
Q5TD97,coTF,2
Q5TEA3,None,2
Q5TEC3,DbTF,5
Q5TF21,None,2
Q5TGJ6,coTF,2
Q5TGS1,Both,4
Q5TGY3,None,2
Q5THR3,None,2
Q5TKA1,None,2
Q5TYW1,DbTF,6
Q5TYX0,None,1
Q5TZA2,None,2
Q5U623,None,2
Q5VIY5,DbTF,5
Q5VT98,None,1
Q5VTA0,None,1
Q5VTD9,Both,5
Q5VTR2,coTF,2
Q5VUA4,None,2
Q5VUG0,coTF,2
Q5VV16,DbTF,4
Q5VV52,DbTF,4
Q5VV67,coTF,2
Q5VVH5,None,2
Q5VVJ2,coTF,2
Q5VVQ6,None,2
Q5VWG9,coTF,2
Q5VWI1,coTF,2
Q5VWM3,None,1
Q5VWM4,None,1
Q5VWM5,None,1
Q5VWM6,None,1
Q5VWP3,None,2
Q5VWQ8,None,2
Q5VWX1,None,2
Q5VXH4,None,1
Q5VXH5,None,1
Q5VY09,None,2
Q5VYV0,DbTF,4
Q5VZB9,DbTF,5
Q5VZF2,None,2
Q5VZL5,None,2
Q5W0B1,coTF,2
Q5XKL5,None,2
Q5XKR4,DbTF,7
Q63HK3,DbTF,5
Q63HK5,Both,4
Q658N3,None,2
Q659A1,None,2
Q659C4,None,2
Q66K41,None,2
Q66K89,DbTF,4
Q68CJ9,DbTF,4
Q68CP9,None,2
Q68D60,None,2
Q68DB7,None,4
Q68DE3,DbTF,2
Q68DI1,DbTF,5
Q68DK2,None,2
Q68DY1,DbTF,8
Q68DY9,DbTF,5
Q68EA5,DbTF,4
Q68G74,DbTF,4
Q69YI7,None,2
Q6AHZ1,Both,4
Q6AI39,None,2
Q6AW86,DbTF,5
Q6AZW8,DbTF,4
Q6AZZ1,coTF,2
Q6B0B8,None,2
Q6B0I6,None,2
Q6BEB4,DbTF,5
Q6DD87,DbTF,5
Q6DJT9,DbTF,4
Q6ECI4,DbTF,4
Q6EKJ0,DbTF,2
Q6EMB2,None,2
Q6FHJ7,None,2
Q6FIF0,None,2
Q6GMV2,None,2
Q6GYQ0,None,2
Q6IA17,None,2
Q6IA86,None,2
Q6IAN0,None,2
Q6ICG8,None,2
Q6IE81,None,2
Q6IQ21,DbTF,6
Q6IQ32,DbTF,4
Q6ISB3,DbTF,4
Q6IV72,DbTF,7
Q6K0P9,None,2
Q6KC79,coTF,2
Q6L8H4,None,2
Q6LBK7,None,2
Q6LD48,None,2
Q6MZP7,None,2
Q6MZZ4,None,2
Q6N021,None,2
Q6N043,DbTF,8
Q6N069,None,2
Q6NS38,None,2
Q6NSI8,None,2
Q6NSW7,DbTF,4
Q6NSZ9,DbTF,5
Q6NT04,None,2
Q6NT76,None,4
Q6NUN9,DbTF,4
Q6NX45,DbTF,5
Q6NX49,DbTF,6
Q6NYC1,None,2
Q6NZI2,None,2
Q6P0N0,None,2
Q6P158,None,2
Q6P1J9,None,2
Q6P1K2,None,2
Q6P1K8,None,2
Q6P1L6,DbTF,7
Q6P1N0,DbTF,4
Q6P1S2,None,2
Q6P1X5,coTF,2
Q6P280,DbTF,7
Q6P2C8,None,2
Q6P2D0,DbTF,5
Q6P3V2,DbTF,6
Q6P4R8,None,2
Q6P995,None,2
Q6P9A1,DbTF,5
Q6P9A3,DbTF,5
Q6P9F0,None,2
Q6P9F5,None,2
Q6P9G9,DbTF,5
Q6PCT2,coTF,2
Q6PD62,None,2
Q6PDB4,DbTF,5
Q6PEW1,None,2
Q6PF04,DbTF,4
Q6PG37,DbTF,5
Q6PI77,None,2
Q6PI98,None,2
Q6PIL6,None,2
Q6PIV2,DbTF,4
Q6PJG2,None,2
Q6PJQ5,DbTF,4
Q6PJT7,None,2
Q6PK81,DbTF,5
Q6PKG0,None,2
Q6PL18,coTF,2
Q6PML9,coTF,2
Q6QHK4,Both,4
Q6R2W3,None,2
Q6RI45,None,2
Q6RSH7,None,2
Q6S9Z5,None,2
Q6SA08,None,2
Q6SJ96,None,2
Q6STE5,coTF,2
Q6U7Q0,DbTF,4
Q6U841,None,2
Q6UUV7,None,2
Q6UUV9,None,2
Q6UW60,None,2
Q6UWU4,None,2
Q6UXV1,None,2
Q6V9R5,DbTF,8
Q6VB84,DbTF,4
Q6VMQ6,None,2
Q6VUC0,DbTF,4
Q6W2J9,coTF,2
Q6WCQ1,None,2
Q6XD76,DbTF,4
Q6XYB7,DbTF,4
Q6ZMG9,None,2
Q6ZMI0,None,2
Q6ZMS4,DbTF,5
Q6ZMS7,DbTF,4
Q6ZMT4,coTF,2
Q6ZMU5,None,2
Q6ZMV8,DbTF,8
Q6ZMW2,DbTF,6
Q6ZMY9,DbTF,4
Q6ZN01,coTF,2
Q6ZN06,DbTF,5
Q6ZN08,DbTF,8
Q6ZN11,DbTF,5
Q6ZN17,None,2
Q6ZN18,coTF,4
Q6ZN19,DbTF,6
Q6ZN28,None,2
Q6ZN30,None,2
Q6ZN32,DbTF,4
Q6ZN55,DbTF,6
Q6ZN57,DbTF,5
Q6ZN79,DbTF,7
Q6ZNA1,DbTF,6
Q6ZNA4,coTF,2
Q6ZNB6,DbTF,4
Q6ZNC4,DbTF,4
Q6ZNG0,DbTF,7
Q6ZNG1,DbTF,6
Q6ZNG2,DbTF,4
Q6ZNG9,None,2
Q6ZNH5,DbTF,4
Q6ZQN5,DbTF,4
Q6ZQV5,None,2
Q6ZR52,DbTF,6
Q6ZRS2,coTF,2
Q6ZS27,DbTF,4
Q6ZSB9,Both,4
Q6ZSS3,DbTF,5
Q6ZSZ6,DbTF,4
Q6ZTZ1,None,2
Q6ZU67,None,2
Q6ZV50,DbTF,4
Q6ZVD7,DbTF,2
Q6ZW49,None,2
Q6ZXV5,None,2
Q6ZYL4,None,2
Q70CQ2,None,2
Q70SY1,DbTF,4
Q70YC5,None,2
Q70Z35,None,2
Q719H9,coTF,2
Q71F23,None,2
Q71F56,coTF,2
Q71RC2,None,2
Q71SY5,coTF,2
Q71UI9,None,2
Q75N03,None,2
Q76I76,None,2
Q76KX8,DbTF,5
Q7KZ85,coTF,2
Q7KZF4,coTF,2
Q7L190,coTF,2
Q7L2R6,DbTF,5
Q7L3S4,DbTF,5
Q7L775,None,2
Q7L945,DbTF,4
Q7LBC6,coTF,2
Q7LC44,None,2
Q7LFL8,coTF,2
Q7RTR2,None,2
Q7RTS1,DbTF,4
Q7RTS3,Both,4
Q7RTS5,None,2
Q7RTT5,None,2
Q7RTU0,DbTF,4
Q7RTU1,DbTF,4
Q7RTU3,DbTF,4
Q7RTU4,DbTF,4
Q7RTU5,DbTF,4
Q7RTU7,DbTF,4
Q7RTV0,None,2
Q7RTV3,DbTF,4
Q7Z2E3,coTF,2
Q7Z2F6,None,2
Q7Z2T5,None,2
Q7Z2W4,None,2
Q7Z2X4,None,2
Q7Z2Y5,None,2
Q7Z333,None,2
Q7Z340,DbTF,5
Q7Z353,DbTF,4
Q7Z398,DbTF,7
Q7Z3A3,None,2
Q7Z3E1,None,2
Q7Z3F1,None,2
Q7Z3H0,None,2
Q7Z3I7,DbTF,4
Q7Z3K3,None,2
Q7Z3K6,coTF,2
Q7Z3V5,DbTF,5
Q7Z401,None,2
Q7Z417,None,2
Q7Z434,None,2
Q7Z4G1,None,2
Q7Z4L5,None,2
Q7Z4V0,DbTF,4
Q7Z4V5,coTF,2
Q7Z570,None,2
Q7Z589,coTF,2
Q7Z591,None,2
Q7Z5D8,DbTF,4
Q7Z5J4,None,2
Q7Z5J8,None,2
Q7Z5L9,None,2
Q7Z5Q5,None,2
Q7Z6K1,None,2
Q7Z6M4,None,2
Q7Z6R9,DbTF,4
Q7Z7C8,None,2
Q7Z7J5,coTF,2
Q7Z7K2,DbTF,5
Q7Z7L9,DbTF,4
Q7Z7M0,None,2
Q86SE8,coTF,2
Q86SE9,None,2
Q86SH2,None,2
Q86SQ6,None,2
Q86T24,DbTF,4
Q86T29,DbTF,5
Q86TJ2,coTF,2
Q86TJ5,DbTF,7
Q86TU7,None,2
Q86U42,coTF,2
Q86U44,None,2
Q86U70,coTF,2
Q86U86,coTF,2
Q86UD4,DbTF,4
Q86UE3,DbTF,5
Q86UE4,coTF,2
Q86UK7,None,2
Q86UP3,DbTF,4
Q86UP8,DbTF,2
Q86UQ0,DbTF,7
Q86UQ8,coTF,2
Q86UU0,None,2
Q86UW9,None,2
Q86UZ6,DbTF,4
Q86V15,DbTF,2
Q86V71,DbTF,5
Q86V81,None,2
Q86VE0,DbTF,4
Q86VK4,coTF,2
Q86VM9,None,2
Q86VN1,None,2
Q86VP1,None,2
Q86VP3,None,2
Q86VP6,None,2
Q86VX2,None,2
Q86VZ6,None,2
Q86W11,DbTF,5
Q86WI1,None,2
Q86WI3,None,2
Q86WJ1,None,2
Q86WP2,None,2
Q86WT6,None,2
Q86WV1,None,2
Q86WZ6,DbTF,6
Q86X02,None,2
Q86X29,None,2
Q86X55,coTF,2
Q86X95,coTF,2
Q86XF7,DbTF,5
Q86XK3,None,2
Q86XN6,DbTF,5
Q86XT4,None,2
Q86XU0,DbTF,5
Q86Y01,None,2
Q86Y25,DbTF,4
Q86Y34,None,2
Q86Y97,coTF,2
Q86YD1,None,2
Q86YE8,DbTF,5
Q86YF9,None,2
Q86YH2,DbTF,8
Q86YN6,coTF,2
Q86YP4,None,2
Q86YS3,None,2
Q86YW9,coTF,2
Q86Z02,None,2
Q8HWS3,DbTF,4
Q8IU81,coTF,2
Q8IU85,None,2
Q8IU89,None,2
Q8IUC6,None,2
Q8IUD2,None,2
Q8IUD6,None,2
Q8IUE0,DbTF,4
Q8IUE1,DbTF,4
Q8IUF8,None,2
Q8IUM7,DbTF,4
Q8IUQ4,None,2
Q8IUR6,DbTF,4
Q8IUX7,DbTF,2
Q8IV32,None,2
Q8IV76,None,2
Q8IVC4,DbTF,5
Q8IVH2,DbTF,4
Q8IVP9,DbTF,5
Q8IVW6,None,2
Q8IW36,DbTF,8
Q8IWA0,None,2
Q8IWF9,None,2
Q8IWI9,DbTF,4
Q8IWR0,None,2
Q8IWS0,coTF,2
Q8IWV8,None,2
Q8IWY8,DbTF,5
Q8IWZ4,None,2
Q8IWZ6,None,2
Q8IX03,None,2
Q8IX07,coTF,2
Q8IX12,None,2
Q8IX15,DbTF,4
Q8IXF0,DbTF,4
Q8IXH7,None,2
Q8IXJ6,coTF,2
Q8IXJ9,coTF,2
Q8IXM2,coTF,2
Q8IXQ6,coTF,2
Q8IXT2,DbTF,5
Q8IXW5,None,2
Q8IXZ2,None,2
Q8IXZ3,DbTF,5
Q8IY51,None,2
Q8IY57,coTF,2
Q8IYA7,DbTF,4
Q8IYB9,DbTF,5
Q8IYH5,None,2
Q8IYI8,DbTF,7
Q8IYM9,None,2
Q8IYN0,DbTF,8
Q8IYN2,None,2
Q8IYW5,coTF,2
Q8IYX0,DbTF,8
Q8IYX4,None,2
Q8IYY4,None,2
Q8IZ13,None,2
Q8IZ20,DbTF,4
Q8IZ26,DbTF,4
Q8IZ40,None,2
Q8IZA3,None,2
Q8IZC7,DbTF,4
Q8IZD2,None,2
Q8IZL2,None,2
Q8IZL8,coTF,2
Q8IZM8,DbTF,4
Q8IZP6,None,2
Q8IZQ8,coTF,2
Q8IZX4,coTF,2
Q8N0Y2,DbTF,5
Q8N0Z2,None,2
Q8N100,DbTF,4
Q8N108,coTF,2
Q8N122,None,2
Q8N123,None,2
Q8N140,None,2
Q8N141,DbTF,5
Q8N143,DbTF,4
Q8N163,None,2
Q8N184,DbTF,4
Q8N187,DbTF,4
Q8N196,DbTF,4
Q8N1B3,None,2
Q8N1G0,DbTF,2
Q8N1G1,None,2
Q8N1H7,None,2
Q8N1L9,DbTF,4
Q8N1W2,DbTF,4
Q8N228,coTF,2
Q8N2C3,None,2
Q8N2I2,DbTF,7
Q8N2R0,DbTF,7
Q8N2W9,coTF,2
Q8N2Z9,coTF,2
Q8N344,coTF,2
Q8N371,coTF,2
Q8N393,DbTF,6
Q8N3C0,None,2
Q8N3F8,None,2
Q8N3J9,DbTF,8
Q8N3S3,None,2
Q8N3X6,coTF,2
Q8N3Y7,coTF,2
Q8N446,None,2
Q8N488,coTF,2
Q8N4C8,None,2
Q8N4N3,None,2
Q8N4W9,DbTF,6
Q8N554,None,2
Q8N587,DbTF,5
Q8N594,coTF,2
Q8N5A5,DbTF,4
Q8N5B7,None,2
Q8N5C8,None,2
Q8N5D0,coTF,2
Q8N5F7,coTF,2
Q8N5J4,DbTF,4
Q8N5P1,DbTF,2
Q8N5U6,None,2
Q8N5Y2,None,2
Q8N653,None,2
Q8N668,None,2
Q8N680,DbTF,4
Q8N693,DbTF,7
Q8N6I1,coTF,2
Q8N6T7,coTF,2
Q8N720,DbTF,5
Q8N782,DbTF,5
Q8N7E2,None,2
Q8N7G0,DbTF,4
Q8N7H5,coTF,2
Q8N7K0,DbTF,4
Q8N7M2,DbTF,5
Q8N7Q3,DbTF,8
Q8N7U7,DbTF,4
Q8N823,DbTF,5
Q8N859,DbTF,8
Q8N883,DbTF,7
Q8N884,coTF,2
Q8N895,DbTF,4
Q8N8C0,DbTF,2
Q8N8D1,None,2
Q8N8E2,None,2
Q8N8G2,None,2
Q8N8H1,None,2
Q8N8J6,DbTF,6
Q8N8K9,None,2
Q8N8L2,DbTF,7
Q8N8U2,None,2
Q8N8Y5,DbTF,4
Q8N8Z8,DbTF,4
Q8N972,DbTF,4
Q8N988,DbTF,7
Q8N9B5,None,2
Q8N9F8,DbTF,5
Q8N9K5,DbTF,5
Q8N9L1,DbTF,5
Q8N9N2,None,2
Q8N9N5,coTF,2
Q8N9R8,None,2
Q8N9Z0,DbTF,5
Q8NA19,coTF,2
Q8NA31,None,2
Q8NA42,DbTF,4
Q8NA92,None,2
Q8NAF0,DbTF,2
Q8NAM6,DbTF,5
Q8NAP3,DbTF,8
Q8NAP8,DbTF,4
Q8NB12,None,2
Q8NB15,DbTF,4
Q8NB42,DbTF,5
Q8NB50,DbTF,6
Q8NB78,coTF,2
Q8NBB4,DbTF,5
Q8NBF1,DbTF,5
Q8NBZ0,None,2
Q8NC24,None,2
Q8NC26,DbTF,8
Q8NCA9,DbTF,6
Q8NCF5,None,2
Q8NCK3,DbTF,6
Q8NCN2,DbTF,4
Q8NCP5,None,2
Q8NCY6,None,2
Q8ND25,None,2
Q8ND82,DbTF,8
Q8NDN9,coTF,2
Q8NDP4,DbTF,7
Q8NDQ6,DbTF,4
Q8NDT2,None,2
Q8NDV7,None,2
Q8NDW4,DbTF,7
Q8NDX6,DbTF,4
Q8NDY6,DbTF,4
Q8NE65,None,2
Q8NEA6,DbTF,5
Q8NEF9,None,2
Q8NEK5,DbTF,5
Q8NEM0,None,2
Q8NEM1,DbTF,8
Q8NEM7,coTF,2
Q8NEP9,DbTF,7
Q8NET5,None,2
Q8NEY8,None,2
Q8NEZ4,coTF,2
Q8NF22,None,2
Q8NF64,None,2
Q8NF99,DbTF,5
Q8NFC6,None,2
Q8NFD5,None,2
Q8NFH5,None,2
Q8NFJ8,DbTF,4
Q8NFU7,coTF,2
Q8NFW5,DbTF,4
Q8NFZ5,None,2
Q8NG04,None,2
Q8NHM5,coTF,4
Q8NHV9,DbTF,4
Q8NHW3,DbTF,4
Q8NHY6,DbTF,5
Q8NHZ7,None,2
Q8NI08,None,2
Q8NI17,None,2
Q8NI38,None,2
Q8NI51,Both,4
Q8TA94,DbTF,4
Q8TAD8,None,2
Q8TAF7,DbTF,5
Q8TAI7,None,2
Q8TAK5,None,2
Q8TAK6,DbTF,4
Q8TAP4,None,2
Q8TAQ2,coTF,2
Q8TAQ5,DbTF,4
Q8TAU0,DbTF,4
Q8TAU3,DbTF,5
Q8TAW3,DbTF,4
Q8TAX0,DbTF,7
Q8TB24,None,2
Q8TB45,None,2
Q8TB69,DbTF,8
Q8TBB0,None,2
Q8TBC4,None,2
Q8TBC5,DbTF,5
Q8TBE0,coTF,2
Q8TBJ5,Both,6
Q8TBK2,None,2
Q8TBZ5,DbTF,8
Q8TBZ8,DbTF,4
Q8TC21,DbTF,7
Q8TC84,None,2
Q8TCN5,None,2
Q8TCP9,None,2
Q8TCU6,None,2
Q8TD17,DbTF,7
Q8TD23,DbTF,4
Q8TD26,coTF,2
Q8TD94,Both,5
Q8TDD1,None,2
Q8TDD2,DbTF,6
Q8TDI0,None,2
Q8TDQ0,None,2
Q8TDR4,None,2
Q8TDY2,None,2
Q8TE12,DbTF,4
Q8TE56,None,2
Q8TE59,None,2
Q8TE77,None,2
Q8TE85,DbTF,4
Q8TEK3,coTF,2
Q8TEY5,DbTF,4
Q8TF20,DbTF,6
Q8TF32,Both,8
Q8TF39,DbTF,5
Q8TF45,DbTF,5
Q8TF47,DbTF,7
Q8TF50,DbTF,5
Q8TF61,None,2
Q8TF68,DbTF,6
Q8WTR7,DbTF,6
Q8WTS6,coTF,2
Q8WTT2,coTF,2
Q8WTV1,None,2
Q8WTX9,None,2
Q8WU68,None,2
Q8WU90,None,2
Q8WUA4,None,2
Q8WUB8,coTF,2
Q8WUF5,coTF,2
Q8WUH1,None,2
Q8WUI4,None,2
Q8WUM0,None,2
Q8WUQ7,None,2
Q8WUU4,Both,4
Q8WUU5,coTF,2
Q8WUY9,None,2
Q8WV37,DbTF,4
Q8WV44,None,2
Q8WVC0,None,2
Q8WVD3,None,2
Q8WVD5,None,2
Q8WVJ9,DbTF,4
Q8WVL7,None,2
Q8WVM0,None,2
Q8WVM7,coTF,2
Q8WVV9,None,2
Q8WVZ1,None,2
Q8WVZ9,None,2
Q8WW32,None,2
Q8WW38,coTF,2
Q8WWB3,None,2
Q8WWB7,None,2
Q8WWI1,None,2
Q8WWQ0,None,2
Q8WWY6,None,2
Q8WX92,None,2
Q8WXB4,DbTF,6
Q8WXC3,None,2
Q8WXF1,None,2
Q8WXI9,None,2
Q8WXS4,None,2
Q8WXT5,DbTF,4
Q8WXX7,coTF,2
Q8WY36,DbTF,4
Q8WY91,None,2
Q8WYA1,DbTF,4
Q8WYB5,coTF,2
Q8WYH8,coTF,2
Q8WYK2,Both,4
Q8WYL5,None,2
Q8WYN3,DbTF,4
Q8WYP5,None,2
Q8WYR3,None,2
Q8WZ60,None,2
Q8WZA2,None,2
Q92466,None,2
Q92481,Both,4
Q92499,coTF,2
Q92522,None,2
Q92539,None,2
Q92541,None,2
Q92565,None,2
Q92570,DbTF,4
Q92585,None,2
Q92598,None,2
Q92600,None,2
Q92610,DbTF,2
Q92613,None,2
Q92615,None,2
Q92618,DbTF,8
Q92664,None,2
Q92688,coTF,2
Q92731,DbTF,4
Q92748,None,2
Q92750,None,2
Q92753,Both,4
Q92754,DbTF,4
Q92759,None,2
Q92766,DbTF,6
Q92769,coTF,2
Q92782,coTF,2
Q92784,coTF,2
Q92785,coTF,2
Q92786,DbTF,4
Q92793,coTF,2
Q92794,coTF,2
Q92800,coTF,2
Q92802,None,2
Q92804,coTF,2
Q92826,DbTF,4
Q92830,coTF,2
Q92831,coTF,2
Q92833,coTF,2
Q92838,None,2
Q92841,None,2
Q92858,DbTF,4
Q92886,Both,4
Q92889,None,2
Q92905,None,2
Q92908,Both,4
Q92922,coTF,2
Q92925,None,2
Q92945,None,2
Q92949,DbTF,4
Q92966,None,2
Q92974,coTF,2
Q92985,DbTF,4
Q92988,DbTF,4
Q92993,coTF,2
Q92994,None,2
Q92997,None,2
Q93009,coTF,2
Q93034,None,2
Q93052,None,2
Q93062,None,2
Q93074,coTF,2
Q93098,None,2
Q969E4,None,2
Q969G2,DbTF,4
Q969G3,coTF,2
Q969H0,None,2
Q969J2,DbTF,4
Q969P6,None,2
Q969R5,coTF,2
Q969S3,None,2
Q969S8,coTF,2
Q969T9,None,2
Q969V6,None,2
Q969W8,DbTF,7
Q969X6,None,2
Q96A37,None,2
Q96A47,DbTF,4
Q96A56,None,2
Q96A61,None,2
Q96AE4,None,2
Q96AH8,None,2
Q96AP4,None,2
Q96AQ6,None,2
Q96AV8,DbTF,4
Q96AY2,None,2
Q96B54,None,2
Q96B70,None,2
Q96BA8,Both,4
Q96BD5,coTF,2
Q96BF6,Both,4
Q96BH1,None,2
Q96BN2,None,2
Q96BN8,None,2
Q96BR1,None,2
Q96BR6,DbTF,7
Q96BR9,DbTF,4
Q96BS2,None,2
Q96BT3,None,2
Q96BV0,DbTF,5
Q96C00,DbTF,4
Q96C28,DbTF,4
Q96C55,DbTF,4
Q96CJ1,None,2
Q96CK0,coTF,2
Q96CS4,DbTF,5
Q96CT7,None,2
Q96CV9,None,2
Q96CX3,DbTF,4
Q96D98,None,2
Q96DB2,coTF,2
Q96DN6,coTF,2
Q96DT0,None,2
Q96DT7,DbTF,2
Q96E11,None,2
Q96E29,None,2
Q96E39,None,2
Q96EB1,None,2
Q96EB6,coTF,2
Q96ED9,None,2
Q96EG3,DbTF,5
Q96EI5,None,2
Q96EK2,None,2
Q96EK4,DbTF,4
Q96EP0,None,2
Q96EQ8,coTF,2
Q96ES7,None,2
Q96EY1,coTF,2
Q96EZ8,None,2
Q96F24,None,2
Q96F44,coTF,2
Q96F45,None,2
Q96FA3,None,2
Q96FA7,None,2
Q96FI4,None,2
Q96G23,None,2
Q96G25,coTF,2
Q96G46,None,2
Q96GC6,Both,5
Q96GD3,coTF,2
Q96GD4,coTF,2
Q96GE5,DbTF,4
Q96GM5,coTF,2
Q96GM8,None,2
Q96GN5,None,2
Q96H12,None,2
Q96H40,DbTF,8
Q96H86,DbTF,7
Q96HA7,coTF,2
Q96HQ0,DbTF,5
Q96HR3,coTF,2
Q96HY6,None,1
Q96HZ4,Both,4
Q96I24,None,2
Q96I25,None,2
Q96I27,DbTF,4
Q96IF1,coTF,2
Q96IK5,None,2
Q96IQ9,DbTF,4
Q96IR2,DbTF,6
Q96IS3,DbTF,4
Q96IT1,DbTF,5
Q96IU2,DbTF,4
Q96IZ0,None,2
Q96J02,None,2
Q96JB3,DbTF,4
Q96JB5,None,2
Q96JC4,DbTF,8
Q96JC9,None,2
Q96JF6,DbTF,6
Q96JG9,DbTF,2
Q96JK9,None,2
Q96JL9,DbTF,5
Q96JM2,coTF,2
Q96JM3,None,2
Q96JM7,coTF,2
Q96JN0,coTF,2
Q96JP5,None,4
Q96JS3,DbTF,5
Q96JY0,None,2
Q96K30,None,2
Q96K58,DbTF,6
Q96K62,DbTF,4
Q96K75,DbTF,5
Q96K76,None,2
Q96K80,None,2
Q96K83,DbTF,6
Q96KC8,None,2
Q96KE9,None,2
Q96KG9,None,2
Q96KM6,DbTF,2
Q96KN3,DbTF,4
Q96KP1,None,2
Q96KQ7,coTF,2
Q96KR1,None,2
Q96KS0,None,2
Q96L73,coTF,2
Q96L91,coTF,2
Q96L96,None,2
Q96LA8,coTF,2
Q96LB3,coTF,2
Q96LD4,None,2
Q96LI5,None,2
Q96LI6,DbTF,4
Q96LU7,DbTF,2
Q96LW1,Both,5
Q96LW4,coTF,2
Q96LW9,DbTF,5
Q96LX7,None,2
Q96LX8,DbTF,6
Q96MA1,DbTF,5
Q96ME7,DbTF,2
Q96MH2,None,2
Q96MM3,DbTF,5
Q96MN9,None,2
Q96MR9,DbTF,7
Q96MU6,DbTF,7
Q96MW7,None,2
Q96MX3,DbTF,6
Q96N20,DbTF,7
Q96N22,DbTF,5
Q96N38,DbTF,8
Q96N58,DbTF,5
Q96N77,DbTF,4
Q96N95,DbTF,5
Q96NB3,None,2
Q96NC0,None,2
Q96ND8,DbTF,5
Q96NG5,DbTF,7
Q96NG8,DbTF,7
Q96NI8,DbTF,5
Q96NJ3,DbTF,5
Q96NJ6,DbTF,4
Q96NK8,DbTF,4
Q96NL3,DbTF,7
Q96NM4,None,2
Q96NU1,coTF,2
Q96NX9,DbTF,4
Q96NY9,None,2
Q96NZ1,Both,4
Q96NZ9,None,2
Q96P16,None,2
Q96P20,coTF,2
Q96PE6,DbTF,5
Q96PK6,None,2
Q96PM9,coTF,2
Q96PN7,coTF,2
Q96PQ6,DbTF,5
Q96PQ7,None,2
Q96PT3,DbTF,4
Q96PT4,DbTF,4
Q96PU4,coTF,2
Q96PU5,None,2
Q96PY5,None,2
Q96Q05,None,2
Q96QC0,None,2
Q96QD5,None,2
Q96QH2,None,2
Q96QR8,Both,4
Q96QS3,Both,4
Q96QT6,coTF,2
Q96RE7,Both,4
Q96RE9,DbTF,4
Q96RI1,DbTF,4
Q96RJ6,DbTF,4
Q96RK0,DbTF,4
Q96RK1,None,2
Q96RL1,coTF,2
Q96RN5,coTF,2
Q96RS0,None,2
Q96RT1,None,2
Q96RU7,None,2
Q96RU8,coTF,2
Q96RY5,coTF,2
Q96S42,None,2
Q96S55,None,2
Q96S65,DbTF,4
Q96SC8,DbTF,5
Q96SE7,DbTF,5
Q96SF7,DbTF,4
Q96SK3,DbTF,5
Q96SL8,None,2
Q96SQ5,DbTF,5
Q96SQ7,DbTF,4
Q96SR6,DbTF,4
Q96ST3,coTF,2
Q96SZ4,DbTF,4
Q96T23,coTF,2
Q96T25,DbTF,5
Q96T37,None,2
Q96T58,None,2
Q96T60,None,2
Q96T68,None,2
Q96T76,None,2
Q96T88,coTF,2
Q96T92,DbTF,4
Q96TA1,None,2
Q99081,Both,4
Q99417,None,2
Q99453,DbTF,4
Q99459,DbTF,4
Q99466,None,2
Q99471,None,2
Q99490,None,2
Q99496,coTF,2
Q99497,coTF,2
Q99502,None,2
Q99504,None,2
Q99527,coTF,2
Q99543,coTF,2
Q99549,coTF,2
Q99551,None,2
Q99576,None,2
Q99578,coTF,2
Q99581,DbTF,4
Q99583,Both,4
Q99592,DbTF,4
Q99593,Both,4
Q99594,DbTF,4
Q99598,None,2
Q99607,DbTF,4
Q99608,None,2
Q99612,DbTF,4
Q99613,None,2
Q99623,None,2
Q99626,DbTF,4
Q99653,None,2
Q99676,DbTF,4
Q99684,DbTF,4
Q99687,DbTF,4
Q99697,Both,4
Q99700,None,2
Q99708,None,2
Q99717,DbTF,4
Q99729,None,2
Q99732,None,6
Q99741,None,2
Q99742,DbTF,4
Q99743,DbTF,4
Q99750,coTF,2
Q99788,None,2
Q99801,Both,4
Q99811,DbTF,4
Q99814,Both,4
Q99816,None,2
Q99828,None,2
Q99835,None,2
Q99836,None,2
Q99853,DbTF,4
Q99856,coTF,2
Q99873,coTF,2
Q99909,None,2
Q99929,DbTF,4
Q99932,None,2
Q99933,None,2
Q99941,DbTF,4
Q99958,DbTF,4
Q99966,coTF,2
Q99967,coTF,2
Q99990,None,2
Q99996,None,2
Q9BPY8,None,2
Q9BQ15,None,2
Q9BQ70,None,2
Q9BQ87,None,2
Q9BQA1,None,2
Q9BQA5,Both,4
Q9BQG0,coTF,2
Q9BQI4,None,2
Q9BQI9,None,2
Q9BQK8,None,2
Q9BQW3,DbTF,5
Q9BQY4,DbTF,4
Q9BR39,DbTF,2
Q9BR84,DbTF,7
Q9BRG1,None,2
Q9BRH9,DbTF,5
Q9BRJ9,DbTF,4
Q9BRP0,Both,5
Q9BRQ0,coTF,2
Q9BRR0,Both,4
Q9BRS8,None,2
Q9BRU2,None,2
Q9BRZ2,None,2
Q9BS31,DbTF,4
Q9BS34,DbTF,5
Q9BSG1,DbTF,4
Q9BSK1,DbTF,5
Q9BSK4,None,2
Q9BSM1,None,2
Q9BT09,None,2
Q9BT40,None,2
Q9BT43,None,2
Q9BT49,coTF,2
Q9BT78,None,2
Q9BT81,DbTF,4
Q9BTA9,coTF,2
Q9BTC0,None,2
Q9BTC8,coTF,2
Q9BTK6,None,2
Q9BTL4,None,2
Q9BTP6,DbTF,4
Q9BTP7,coTF,2
Q9BTT0,coTF,2
Q9BTT4,coTF,2
Q9BU19,DbTF,4
Q9BUE0,coTF,2
Q9BUG6,DbTF,5
Q9BUI4,None,2
Q9BUJ2,None,2
Q9BUP3,None,2
Q9BUY5,DbTF,5
Q9BUZ4,None,2
Q9BV47,coTF,2
Q9BV97,None,2
Q9BVG3,None,2
Q9BVI0,None,2
Q9BVI4,None,2
Q9BVP2,None,2
Q9BVS4,None,2
Q9BW11,DbTF,4
Q9BW27,None,2
Q9BWE0,None,2
Q9BWG4,None,2
Q9BWM5,DbTF,5
Q9BWW4,None,2
Q9BWW7,DbTF,7
Q9BWX5,DbTF,4
Q9BX63,coTF,2
Q9BX70,None,2
Q9BX82,DbTF,5
Q9BXA9,DbTF,5
Q9BXB1,None,2
Q9BXF3,None,2
Q9BXG8,DbTF,2
Q9BXI2,None,2
Q9BXJ9,None,2
Q9BXK1,DbTF,5
Q9BXL6,None,2
Q9BXL7,None,2
Q9BXM7,None,2
Q9BXP5,None,2
Q9BXQ6,None,2
Q9BXW9,None,2
Q9BXX3,None,2
Q9BY12,None,2
Q9BY31,DbTF,6
Q9BY41,coTF,2
Q9BY66,None,2
Q9BYE0,Both,4
Q9BYE7,None,2
Q9BYH8,None,2
Q9BYJ4,None,2
Q9BYK8,None,2
Q9BYM8,None,2
Q9BYN7,DbTF,8
Q9BYP9,None,2
Q9BYU1,DbTF,4
Q9BYV9,DbTF,4
Q9BYW2,None,2
Q9BZ95,None,2
Q9BZB8,None,2
Q9BZE0,DbTF,4
Q9BZE3,DbTF,4
Q9BZI1,DbTF,4
Q9BZK7,coTF,2
Q9BZL6,None,2
Q9BZM3,DbTF,4
Q9BZR9,None,2
Q9BZS1,Both,4
Q9BZY9,None,2
Q9C005,None,2
Q9C009,DbTF,4
Q9C019,None,2
Q9C026,None,2
Q9C030,coTF,2
Q9C035,None,2
Q9C037,None,2
Q9C056,DbTF,4
Q9C086,None,2
Q9C0A1,DbTF,4
Q9C0B0,None,2
Q9C0C6,None,2
Q9C0C9,None,2
Q9C0D4,Both,4
Q9C0F3,DbTF,7
Q9C0G0,None,2
Q9C0H6,None,2
Q9C0J9,Both,4
Q9C0K0,DbTF,4
Q9C0K3,None,2
Q9GZN1,None,2
Q9GZN2,DbTF,4
Q9GZQ3,None,2
Q9GZR2,None,2
Q9GZS3,None,2
Q9GZT8,coTF,2
Q9GZT9,None,2
Q9GZU2,DbTF,7
Q9GZU7,None,2
Q9GZV1,None,2
Q9GZV5,None,2
Q9GZV8,None,7
Q9GZW5,DbTF,4
Q9GZX5,DbTF,4
Q9GZZ0,DbTF,4
Q9H000,None,2
Q9H009,None,2
Q9H015,None,2
Q9H063,None,2
Q9H0A0,None,2
Q9H0A8,None,2
Q9H0B3,None,2
Q9H0C5,None,2
Q9H0D2,None,2
Q9H0D6,None,2
Q9H0E3,None,2
Q9H0E9,None,2
Q9H0J9,None,2
Q9H0M0,None,2
Q9H0M5,DbTF,4
Q9H0N5,None,2
Q9H0W7,None,2
Q9H116,DbTF,8
Q9H147,None,2
Q9H161,DbTF,4
Q9H165,Both,4
Q9H171,None,2
Q9H175,DbTF,4
Q9H1B7,None,2
Q9H1D9,None,2
Q9H1E3,coTF,2
Q9H1I8,None,2
Q9H1K0,None,2
Q9H204,None,2
Q9H2A3,DbTF,4
Q9H2C1,DbTF,4
Q9H2D6,None,2
Q9H2F5,None,2
Q9H2G4,coTF,2
Q9H2G9,None,2
Q9H2H0,None,2
Q9H2P0,DbTF,4
Q9H2S9,DbTF,4
Q9H2U1,coTF,2
Q9H2W2,DbTF,4
Q9H2X6,coTF,2
Q9H2Y7,None,2
Q9H2Z4,DbTF,4
Q9H305,None,2
Q9H334,DbTF,4
Q9H3D4,Both,4
Q9H3H1,None,2
Q9H3H9,None,2
Q9H3K6,None,2
Q9H3M7,None,2
Q9H3M9,None,2
Q9H3P2,None,2
Q9H3R0,coTF,2
Q9H3S1,None,2
Q9H422,None,2
Q9H4B4,coTF,2
Q9H4B6,coTF,2
Q9H4I2,DbTF,4
Q9H4L7,coTF,2
Q9H4M7,None,2
Q9H4P4,None,2
Q9H4Q3,None,2
Q9H4Q4,coTF,2
Q9H4R4,coTF,2
Q9H4S2,DbTF,4
Q9H4T2,DbTF,5
Q9H4W6,DbTF,5
Q9H4X1,None,2
Q9H4Z2,None,2
Q9H501,None,2
Q9H582,DbTF,5
Q9H583,None,2
Q9H5H4,DbTF,4
Q9H5I1,None,2
Q9H5J0,DbTF,5
Q9H5J8,None,2
Q9H5L6,None,2
Q9H5Q4,coTF,2
Q9H5V7,DbTF,7
Q9H609,DbTF,4
Q9H6B1,None,2
Q9H6E5,None,2
Q9H6I2,Both,4
Q9H6R0,None,2
Q9H6U6,coTF,2
Q9H6W3,None,2
Q9H6Z9,None,2
Q9H707,DbTF,5
Q9H7B4,None,4
Q9H7E2,coTF,2
Q9H7L9,coTF,2
Q9H7R0,DbTF,4
Q9H7R5,DbTF,5
Q9H7S9,None,2
Q9H7X3,DbTF,4
Q9H7Z6,coTF,2
Q9H808,None,2
Q9H869,coTF,2
Q9H898,None,2
Q9H8G1,DbTF,8
Q9H8H0,None,2
Q9H8M2,coTF,2
Q9H8N7,DbTF,4
Q9H8U3,None,2
Q9H8X9,None,2
Q9H8Y1,None,2
Q9H8Y5,None,2
Q9H930,DbTF,4
Q9H944,None,2
Q9H963,DbTF,2
Q9H981,None,2
Q9H9A5,None,2
Q9H9B1,coTF,2
Q9H9D4,DbTF,5
Q9H9E1,coTF,2
Q9H9F9,None,2
Q9H9L4,None,2
Q9H9L7,coTF,2
Q9H9P5,None,2
Q9H9S0,DbTF,4
Q9H9T3,None,2
Q9H9Y6,None,2
Q9H9Z2,None,2
Q9HA38,None,2
Q9HA82,None,2
Q9HAF1,None,2
Q9HAH1,DbTF,7
Q9HAJ7,coTF,2
Q9HAK2,Both,5
Q9HAP2,DbTF,4
Q9HAU4,coTF,2
Q9HAV4,None,2
Q9HAV5,None,2
Q9HAW0,None,2
Q9HAZ2,Both,6
Q9HB31,DbTF,2
Q9HB58,DbTF,4
Q9HB65,None,2
Q9HB75,None,2
Q9HBD1,None,2
Q9HBE1,Both,4
Q9HBH7,None,2
Q9HBM6,None,2
Q9HBT7,DbTF,5
Q9HBT8,DbTF,5
Q9HBU1,DbTF,4
Q9HBZ2,DbTF,4
Q9HC16,None,2
Q9HC29,None,2
Q9HC44,None,2
Q9HC52,None,2
Q9HC62,None,2
Q9HC77,None,2
Q9HC78,DbTF,4
Q9HCC6,Both,4
Q9HCD5,coTF,2
Q9HCE3,DbTF,2
Q9HCE7,None,2
Q9HCG1,DbTF,5
Q9HCK0,DbTF,4
Q9HCK8,coTF,2
Q9HCL3,DbTF,5
Q9HCM2,None,2
Q9HCM3,None,2
Q9HCM9,None,2
Q9HCS4,Both,4
Q9HCU5,None,2
Q9HCU9,coTF,2
Q9HCX3,Both,5
Q9HCZ1,DbTF,5
Q9HD15,None,2
Q9HD42,None,2
Q9HD90,DbTF,4
Q9NP08,DbTF,4
Q9NP62,Both,4
Q9NP66,coTF,2
Q9NP71,Both,4
Q9NP77,None,2
Q9NP87,None,2
Q9NPA8,coTF,2
Q9NPC7,DbTF,4
Q9NPC8,Both,4
Q9NPF5,None,2
Q9NPG3,None,2
Q9NPH3,None,2
Q9NPI1,coTF,2
Q9NPI6,None,2
Q9NPJ4,None,2
Q9NPJ6,coTF,2
Q9NPP4,None,2
Q9NQ03,DbTF,7
Q9NQ33,DbTF,4
Q9NQ35,None,2
Q9NQ48,None,2
Q9NQ66,None,2
Q9NQ69,DbTF,4
Q9NQ87,Both,4
Q9NQ92,coTF,2
Q9NQB0,Both,4
Q9NQC1,None,2
Q9NQC7,None,2
Q9NQG5,None,2
Q9NQL9,DbTF,5
Q9NQR1,coTF,2
Q9NQU5,None,2
Q9NQV5,coTF,2
Q9NQV6,None,2
Q9NQV7,None,2
Q9NQV8,None,2
Q9NQW5,None,2
Q9NQX0,coTF,2
Q9NQX1,DbTF,4
Q9NQX6,DbTF,4
Q9NQZ8,DbTF,6
Q9NR11,DbTF,5
Q9NR22,None,2
Q9NR33,None,2
Q9NR48,coTF,2
Q9NR55,DbTF,4
Q9NR56,None,2
Q9NR64,None,2
Q9NR83,DbTF,4
Q9NR96,None,2
Q9NRC8,coTF,2
Q9NRE2,DbTF,4
Q9NRF9,None,2
Q9NRG0,None,2
Q9NRG4,coTF,2
Q9NRJ4,None,2
Q9NRL2,None,2
Q9NRM2,None,2
Q9NRP7,coTF,2
Q9NRR1,None,2
Q9NRR4,coTF,2
Q9NRW4,None,2
Q9NRY4,None,2
Q9NRZ9,coTF,2
Q9NS37,DbTF,4
Q9NS56,None,2
Q9NS61,None,2
Q9NS86,None,2
Q9NS87,None,2
Q9NSA3,None,2
Q9NSC2,DbTF,4
Q9NSD4,DbTF,5
Q9NSD9,None,2
Q9NSI6,coTF,2
Q9NSU2,None,2
Q9NT68,None,2
Q9NTG7,None,2
Q9NTI5,None,2
Q9NTW7,None,2
Q9NU39,DbTF,4
Q9NU63,Both,7
Q9NUA8,DbTF,5
Q9NUK0,None,2
Q9NUQ3,coTF,2
Q9NUW8,None,2
Q9NUX5,None,2
Q9NV56,None,2
Q9NV72,DbTF,5
Q9NVC6,coTF,2
Q9NVD3,None,2
Q9NVM4,coTF,2
Q9NVP2,coTF,2
Q9NVV9,DbTF,4
Q9NVW2,None,2
Q9NW07,DbTF,4
Q9NW64,None,2
Q9NWA0,coTF,2
Q9NWB6,None,2
Q9NWH9,None,2
Q9NWS0,coTF,2
Q9NWS9,DbTF,5
Q9NWT6,None,2
Q9NWT8,None,2
Q9NX08,None,2
Q9NX24,None,2
Q9NX45,DbTF,4
Q9NX58,None,2
Q9NX63,None,2
Q9NX65,DbTF,5
Q9NX70,coTF,2
Q9NX78,None,2
Q9NXA8,None,2
Q9NXH9,None,2
Q9NXR8,None,2
Q9NXS3,None,2
Q9NXT0,DbTF,5
Q9NY43,DbTF,4
Q9NY61,None,2
Q9NYA1,None,2
Q9NYB0,None,2
Q9NYD6,DbTF,4
Q9NYF0,coTF,2
Q9NYF8,coTF,2
Q9NYJ8,None,2
Q9NYT0,None,2
Q9NYT6,DbTF,6
Q9NYV4,None,2
Q9NYV6,None,2
Q9NYW8,DbTF,4
Q9NZ43,None,2
Q9NZC4,DbTF,4
Q9NZC7,None,2
Q9NZC9,None,2
Q9NZI2,None,2
Q9NZI5,DbTF,4
Q9NZI6,DbTF,4
Q9NZI7,DbTF,4
Q9NZL3,DbTF,6
Q9NZM4,None,2
Q9NZN8,coTF,2
Q9NZR4,DbTF,4
Q9NZU5,None,2
Q9NZV7,DbTF,7
Q9P000,None,2
Q9P016,None,2
Q9P031,None,2
Q9P086,coTF,2
Q9P0J0,None,2
Q9P0J7,None,2
Q9P0K8,DbTF,4
Q9P0L1,DbTF,5
Q9P0M6,None,2
Q9P0T4,DbTF,4
Q9P0U3,None,2
Q9P0U4,None,2
Q9P0W2,coTF,2
Q9P1U1,None,2
Q9P1Y6,coTF,2
Q9P1Z0,DbTF,8
Q9P1Z2,coTF,2
Q9P215,None,2
Q9P243,DbTF,8
Q9P255,DbTF,8
Q9P267,coTF,2
Q9P281,coTF,2
Q9P2D1,coTF,2
Q9P2E3,None,2
Q9P2F5,DbTF,2
Q9P2F9,DbTF,6
Q9P2G3,None,2
Q9P2G9,None,2
Q9P2J8,DbTF,5
Q9P2K3,None,2
Q9P2K5,None,2
Q9P2K6,None,2
Q9P2K8,None,2
Q9P2K9,None,2
Q9P2N5,None,2
Q9P2N7,None,2
Q9P2R6,coTF,2
Q9P2W1,None,2
Q9P2Y4,DbTF,8
Q9P2Z0,None,2
Q9UBB5,coTF,2
Q9UBC0,Both,4
Q9UBC1,None,2
Q9UBC3,coTF,2
Q9UBD0,DbTF,4
Q9UBE8,coTF,2
Q9UBG7,Both,4
Q9UBI1,None,2
Q9UBK2,coTF,2
Q9UBK9,coTF,2
Q9UBL3,None,2
Q9UBN7,coTF,2
Q9UBP5,Both,4
Q9UBP9,None,2
Q9UBQ5,None,2
Q9UBQ7,None,2
Q9UBR4,DbTF,4
Q9UBS5,None,2
Q9UBS8,None,2
Q9UBT6,None,2
Q9UBU8,None,2
Q9UBW7,None,2
Q9UBX0,Both,4
Q9UBX2,DbTF,4
Q9UBZ9,None,2
Q9UC06,DbTF,4
Q9UC07,DbTF,7
Q9UD57,DbTF,4
Q9UDR5,coTF,2
Q9UDV6,DbTF,4
Q9UDV7,DbTF,7
Q9UDW3,None,2
Q9UDY6,None,2
Q9UDY8,None,2
Q9UEG4,DbTF,6
Q9UER7,coTF,2
Q9UFB7,DbTF,5
Q9UFF9,None,2
Q9UFW8,None,2
Q9UGL1,coTF,2
Q9UGP4,None,2
Q9UGP5,None,2
Q9UGR2,None,2
Q9UGU0,None,2
Q9UGU5,None,2
Q9UH17,None,2
Q9UH73,DbTF,5
Q9UH77,None,2
Q9UH92,Both,4
Q9UHA2,None,2
Q9UHB6,None,2
Q9UHB7,None,2
Q9UHC7,None,2
Q9UHF7,DbTF,7
Q9UHI6,None,2
Q9UHJ3,coTF,2
Q9UHK0,None,2
Q9UHL9,DbTF,4
Q9UHR5,None,2
Q9UHV2,None,2
Q9UHV7,coTF,2
Q9UHX1,None,2
Q9UI36,DbTF,7
Q9UI95,None,2
Q9UID6,DbTF,4
Q9UIE0,DbTF,5
Q9UIF8,None,2
Q9UIF9,coTF,2
Q9UIG0,coTF,2
Q9UIH9,DbTF,4
Q9UII5,DbTF,6
Q9UIL1,None,2
Q9UIS9,None,2
Q9UIU6,DbTF,4
Q9UIV1,coTF,2
Q9UIW0,DbTF,4
Q9UIW2,None,2
Q9UJ78,None,2
Q9UJD0,None,2
Q9UJL9,DbTF,7
Q9UJN7,DbTF,7
Q9UJP4,None,2
Q9UJQ4,Both,4
Q9UJU2,Both,4
Q9UJU3,DbTF,6
Q9UJU5,DbTF,4
Q9UJV3,None,2
Q9UJV8,DbTF,4
Q9UJW3,None,2
Q9UJW7,DbTF,6
Q9UJW8,DbTF,7
Q9UJW9,None,2
Q9UJX6,None,2
Q9UK10,DbTF,6
Q9UK11,DbTF,5
Q9UK12,DbTF,5
Q9UK13,DbTF,8
Q9UK33,DbTF,5
Q9UK39,None,2
Q9UK53,None,2
Q9UK61,coTF,2
Q9UK80,None,2
Q9UKB1,None,2
Q9UKD1,DbTF,4
Q9UKI9,DbTF,4
Q9UKJ3,None,2
Q9UKK9,None,2
Q9UKL0,coTF,2
Q9UKL3,None,2
Q9UKM9,coTF,2
Q9UKN5,Both,5
Q9UKN8,coTF,2
Q9UKS7,DbTF,4
Q9UKT4,None,2
Q9UKT9,Both,4
Q9UKV0,coTF,2
Q9UKV8,None,2
Q9UKW6,DbTF,4
Q9UKY1,DbTF,4
Q9UKZ1,None,2
Q9UKZ4,None,2
Q9UL17,DbTF,4
Q9UL18,None,2
Q9UL36,DbTF,5
Q9UL40,None,2
Q9UL49,DbTF,4
Q9UL58,DbTF,5
Q9UL59,DbTF,4
Q9UL68,DbTF,4
Q9ULD4,coTF,2
Q9ULD5,DbTF,5
Q9ULD9,None,2
Q9ULF5,None,2
Q9ULG1,coTF,2
Q9ULH7,None,2
Q9ULJ3,DbTF,7
Q9ULJ6,coTF,2
Q9ULK4,None,2
Q9ULL4,None,2
Q9ULL5,None,2
Q9ULM2,DbTF,5
Q9ULM3,coTF,2
Q9ULM6,None,2
Q9ULU4,None,2
Q9ULV1,None,2
Q9ULV3,None,2
Q9ULV5,DbTF,4
Q9ULW3,None,2
Q9ULX5,None,2
Q9ULX6,coTF,2
Q9ULX9,DbTF,4
Q9ULZ3,None,2
Q9UM07,coTF,2
Q9UM47,None,2
Q9UM54,None,2
Q9UM63,DbTF,4
Q9UM73,None,2
Q9UMN6,None,2
Q9UMQ3,Both,4
Q9UMR3,DbTF,4
Q9UMS5,None,2
Q9UMX1,coTF,2
Q9UN30,coTF,2
Q9UN79,DbTF,4
Q9UNA4,None,2
Q9UNG2,None,2
Q9UNH7,None,2
Q9UNI6,None,2
Q9UNL4,None,2
Q9UNN4,None,2
Q9UNP9,None,2
Q9UNQ0,None,2
Q9UNS1,None,2
Q9UNS2,None,2
Q9UNY4,None,2
Q9UNY5,DbTF,4
Q9UP38,None,2
Q9UPG8,DbTF,4
Q9UPM6,DbTF,4
Q9UPN3,None,2
Q9UPN9,None,2
Q9UPP1,coTF,2
Q9UPQ4,None,2
Q9UPR6,None,2
Q9UPS6,None,2
Q9UPT8,None,2
Q9UPT9,None,2
Q9UPV9,None,2
Q9UPW0,DbTF,4
Q9UPW6,Both,4
Q9UQ80,None,2
Q9UQ84,coTF,2
Q9UQ88,None,2
Q9UQB3,None,2
Q9UQE7,coTF,2
Q9UQF2,None,2
Q9UQL6,coTF,2
Q9UQM7,None,2
Q9UQR0,coTF,2
Q9UQR1,DbTF,4
Q9Y222,DbTF,4
Q9Y224,None,2
Q9Y225,None,2
Q9Y230,None,2
Q9Y232,coTF,2
Q9Y239,None,2
Q9Y242,None,2
Q9Y250,None,2
Q9Y252,None,2
Q9Y253,None,2
Q9Y261,Both,4
Q9Y265,None,2
Q9Y272,None,2
Q9Y285,None,2
Q9Y294,coTF,2
Q9Y297,None,2
Q9Y2A4,DbTF,4
Q9Y2B9,None,2
Q9Y2C4,None,2
Q9Y2D1,Both,4
Q9Y2D9,DbTF,5
Q9Y2F5,None,2
Q9Y2F9,None,2
Q9Y2G1,DbTF,2
Q9Y2G7,DbTF,5
Q9Y2H8,DbTF,4
Q9Y2I7,None,2
Q9Y2J8,coTF,2
Q9Y2K1,DbTF,4
Q9Y2K7,coTF,2
Q9Y2L8,DbTF,4
Q9Y2M0,None,2
Q9Y2N7,DbTF,4
Q9Y2P0,DbTF,4
Q9Y2P7,DbTF,4
Q9Y2Q1,DbTF,8
Q9Y2T1,None,2
Q9Y2T7,None,2
Q9Y2V2,None,2
Q9Y2V3,DbTF,4
Q9Y2W1,coTF,2
Q9Y2W7,DbTF,2
Q9Y2X0,None,2
Q9Y2X9,DbTF,4
Q9Y2Y0,None,2
Q9Y2Y4,DbTF,4
Q9Y2Y9,DbTF,5
Q9Y330,DbTF,4
Q9Y3C7,coTF,2
Q9Y3D2,None,2
Q9Y3E1,coTF,2
Q9Y3E2,None,2
Q9Y3E7,None,2
Q9Y3F4,None,2
Q9Y3L5,None,2
Q9Y3M2,None,2
Q9Y3M9,DbTF,7
Q9Y3Q8,None,2
Q9Y3R0,None,2
Q9Y3S2,None,2
Q9Y3T9,coTF,2
Q9Y3V2,None,2
Q9Y3Y2,None,2
Q9Y3Y4,None,2
Q9Y458,DbTF,4
Q9Y462,DbTF,2
Q9Y463,None,2
Q9Y466,Both,4
Q9Y467,DbTF,5
Q9Y468,coTF,2
Q9Y473,DbTF,7
Q9Y483,coTF,2
Q9Y4A0,None,2
Q9Y4A5,coTF,2
Q9Y4A8,DbTF,4
Q9Y4B6,None,2
Q9Y4C1,coTF,2
Q9Y4D7,None,2
Q9Y4E5,None,2
Q9Y4E8,coTF,2
Q9Y4I5,None,2
Q9Y4K0,None,2
Q9Y4K3,coTF,2
Q9Y4L5,None,2
Q9Y4X4,DbTF,4
Q9Y4Z2,DbTF,4
Q9Y508,None,2
Q9Y534,coTF,2
Q9Y543,Both,4
Q9Y572,None,2
Q9Y577,None,2
Q9Y5A6,DbTF,8
Q9Y5B0,None,2
Q9Y5B6,coTF,2
Q9Y5B9,None,2
Q9Y5J3,Both,4
Q9Y5K5,None,2
Q9Y5P8,None,2
Q9Y5Q3,Both,4
Q9Y5Q8,None,2
Q9Y5Q9,None,2
Q9Y5R5,DbTF,5
Q9Y5R6,Both,5
Q9Y5T5,coTF,2
Q9Y5V0,None,2
Q9Y5V3,None,2
Q9Y5W3,DbTF,5
Q9Y5X4,DbTF,4
Q9Y5Z7,None,2
Q9Y603,DbTF,7
Q9Y608,None,2
Q9Y613,None,2
Q9Y616,None,2
Q9Y618,coTF,2
Q9Y651,DbTF,4
Q9Y675,None,2
Q9Y692,DbTF,4
Q9Y6A4,None,2
Q9Y6B2,coTF,2
Q9Y6F7,coTF,2
Q9Y6F8,coTF,2
Q9Y6G5,None,2
Q9Y6H1,coTF,2
Q9Y6I4,coTF,2
Q9Y6J9,None,2
Q9Y6K1,coTF,2
Q9Y6K9,None,2
Q9Y6Q2,None,2
Q9Y6Q3,DbTF,7
Q9Y6Q6,None,2
Q9Y6Q9,coTF,2
Q9Y6R6,DbTF,6
Q9Y6X0,None,2
Q9Y6X2,coTF,2
Q9Y6X8,DbTF,4
Q9Y6Y0,None,2
Q9Y6Y1,coTF,2
S0BDY6,None,2
U3KQ54,None,2
V9HW92,None,2
V9HWA7,None,2
V9HWI2,None,2
P0CJ85,DbTF,4
P0CJ86,DbTF,4
P0CJ87,DbTF,4
P0CJ88,DbTF,4
P0CJ89,DbTF,4
P0CJ90,DbTF,4
Q6RFH8,DbTF,4
A0A1W2PQ73,DbTF,4
A0A1W2PRP0,DbTF,4
A6NDR6,DbTF,4
A8K0S8,DbTF,4
P12525,DbTF,4
Q8N7R0,DbTF,4
P52743,DbTF,2
Q9NSJ1,DbTF,5
Q4V348,DbTF,6
A8MVS1,DbTF,7
A8MTY0,DbTF,8
Q15940,DbTF,5
Q92670,DbTF,5
Q6ZRF7,DbTF,5
Q6ZT77,DbTF,8
Q6ZTB9,DbTF,2
A6NDX5,DbTF,6
O60384,DbTF,2
A6NGD5,DbTF,5
A0A1B0GTU1,None,2
A0A1B0GVX0,None,2
A6QL63,None,2
B2RPK0,None,2
P0CB48,None,2
Q14602,None,2
Q5VYS8,None,2
Q8N3U4,coTF,2
Q8WTZ3,None,2
Q8WYA6,None,2
Q96L42,None,2
Q9BWX1,None,2
Q9P1U0,None,2
