protein_id,gene_name,protein_class,cluster_id
A0A024QZB2,MGC13138,None,2
A0A024QZC7,FLJ32130,None,2
A0A024QZC8,FLJ23436,None,2
A0A024R8B7,CRSP8,None,2
A0A0A0N0L4,Klf5,None,2
A0A0G2JMD5,PRAMEF33,None,1
A0A0U1RQI7,KLF18,DbTF,5
A0A1B0GTS1,HSFX4,DbTF,4
A0A1B0GVZ6,MBD3L2B,None,2
A0A1B0GWH4,HSFX3,DbTF,4
A0A1W2PPF3,DUXB,DbTF,4
A0A1W2PPM1,CPHXL,DbTF,4
A0A2Z4LIS9,FOXO3B,DbTF,2
A0A5F9ZHS7,NFILZ,DbTF,2
A0AVK6,E2F8,DbTF,4
A0JLT2,MED19,coTF,2
A0PJY2,FEZF1,DbTF,4
A1A519,FAM170A,None,2
A1YPR0,ZBTB7C,DbTF,5
A2AJT9,BCLAF3,coTF,2
A2RRD8,ZNF320,DbTF,5
A2RU54,HMX2,DbTF,4
A3QJZ6,PRAMEF22,None,1
A3QJZ7,PRAMEF27,None,1
A4D1E1,ZNF804B,None,2
A4GXA9,EME2,None,2
A5HJR3,LOC126295,None,2
A5PL33,KRBA1,None,2
A5YKK6,CNOT1,None,2
A6H8Y1,BDP1,None,2
A6NCS4,NKX2-6,DbTF,4
A6ND36,FAM83G,None,2
A6NDZ8,MBD3L4,None,2
A6NE82,MBD3L3,None,2
A6NFC5,TMEM235,None,2
A6NFD8,HELT,DbTF,4
A6NFI3,ZNF316,DbTF,4
A6NFQ7,DPRX,DbTF,4
A6NGH7,CCDC160,None,2
A6NGN4,PRAMEF25,None,1
A6NHJ4,ZNF860,DbTF,5
A6NHT5,HMX3,DbTF,4
A6NI15,MSGN1,Both,4
A6NIX2,WTIP,None,2
A6NJ08,MBD3L5,None,2
A6NJ46,NKX6-3,DbTF,4
A6NJG6,ARGFX,DbTF,4
A6NJL1,ZSCAN5B,DbTF,5
A6NJT0,UNCX,DbTF,4
A6NK06,ACOD1,None,2
A6NK53,ZNF233,DbTF,5
A6NK75,ZNF98,DbTF,8
A6NKF2,ARID3C,coTF,2
A6NLW8,DUXA,DbTF,4
A6NM28,ZFP92,DbTF,5
A6NMK7,CPSF4L,None,2
A6NMT0,DBX1,DbTF,4
A6NN14,ZNF729,DbTF,6
A6NNA5,DRGX,DbTF,4
A6NNF4,ZNF726,DbTF,5
A6NP11,ZNF716,DbTF,8
A8K0R7,ZNF839,None,2
A8K8V0,ZNF785,DbTF,7
A8MQ14,ZNF850,DbTF,6
A8MT65,ZNF891,DbTF,7
A8MT69,CENPX,None,2
A8MTJ6,FOXI3,DbTF,4
A8MTQ0,NOTO,DbTF,4
A8MUV8,ZNF727,DbTF,8
A8MUZ8,ZNF705G,DbTF,7
A8MV65,VGLL3,None,2
A8MWA4,ZNF705E,DbTF,7
A8MXY4,ZNF99,DbTF,6
A8MYZ6,FOXO6,DbTF,4
A8MZ59,LEUTX,DbTF,4
A9YTQ3,AHRR,DbTF,4
B1APH4,ZNF487,DbTF,7
B1Q2B0,URCC5,None,2
B2CW77,KLLN,None,2
B2RD01,CENPBD1,None,2
B2RXF5,ZBTB42,DbTF,4
B2RXH2,KDM4E,None,2
B2RXH8,HNRNPCL2,None,2
B4DU55,ZNF879,DbTF,5
B4DX44,ZNF736,DbTF,8
B4DXR9,ZNF732,DbTF,8
B5ME19,EIF3CL,None,2
B7Z6K7,ZNF814,DbTF,6
C0SQ93,ERRgamma,None,2
C4PGM0,Sp1,None,2
C9JBD0,KRBOX1,None,2
C9JCN9,HSBP1L1,None,2
C9JLR9,ZFTA,None,2
C9JN71,ZNF878,DbTF,4
C9JSJ3,MEIOSIN,None,2
D5K9S7,POU5F1P3,None,2
D5K9W5,POU5F1P4,None,2
D6RGH6,MCIDAS,None,2
E7ETH6,ZNF587B,DbTF,7
E9PAV3,"NACA",None,2
E9PGG2,ANHX,DbTF,4
F1D8P8,NR1i1,None,2
F1D8P9,NR1i2,None,2
G4VV16,AR8,None,2
L8B7P7,ATL1-alpha,None,6
O00110,OVOL3,DbTF,5
O00141,SGK1,None,2
O00151,PDLIM1,None,2
O00165,HAX1,None,2
O00167,EYA2,coTF,2
O00170,AIP,coTF,2
O00182,LGALS9,None,2
O00206,TLR4,None,2
O00213,APBB1,coTF,2
O00221,NFKBIE,None,2
O00231,PSMD11,None,3
O00232,PSMD12,None,3
O00233,PSMD9,None,3
O00237,RNF103,None,2
O00255,MEN1,coTF,2
O00257,CBX4,coTF,2
O00267,SUPT5H,coTF,2
O00268,TAF4,None,2
O00287,RFXAP,None,2
O00291,HIP1,None,2
O00294,TULP1,None,2
O00295,TULP2,None,2
O00308,WWP2,coTF,2
O00321,ETV2,DbTF,4
O00327,ARNTL,DbTF,4
O00358,FOXE1,DbTF,4
O00401,WASL,None,2
O00409,FOXN3,DbTF,4
O00411,POLRMT,None,2
O00422,SAP18,coTF,2
O00458,IFRD1,None,2
O00459,PIK3R2,None,2
O00463,TRAF5,None,2
O00470,MEIS1,Both,4
O00472,ELL2,None,2
O00478,BTN3A3,None,2
O00482,NR5A2,Both,4
O00488,ZNF593,None,2
O00499,BIN1,coTF,2
O00512,BCL9,None,2
O00541,PES1,None,2
O00570,SOX1,Both,4
O00571,DDX3X,coTF,2
O00625,PIR,coTF,2
O00635,TRIM38,None,2
O00712,NFIB,DbTF,4
O00716,E2F3,DbTF,4
O00744,WNT10B,None,2
O14495,PLPP3,None,2
O14497,ARID1A,None,2
O14503,BHLHE40,DbTF,4
O14529,CUX2,DbTF,4
O14545,TRAFD1,None,2
O14593,RFXANK,coTF,2
O14607,UTY,None,2
O14627,CDX4,DbTF,4
O14628,ZNF195,DbTF,4
O14640,DVL1,None,2
O14641,DVL2,None,2
O14646,CHD1,None,2
O14647,CHD2,coTF,2
O14682,ENC1,None,2
O14686,KMT2D,coTF,2
O14709,ZNF197,DbTF,6
O14744,PRMT5,coTF,2
O14746,TERT,None,2
O14753,OVOL1,DbTF,5
O14757,CHEK1,None,2
O14770,MEIS2,Both,4
O14771,ZNF213,DbTF,5
O14776,TCERG1,coTF,2
O14777,NDC80,None,2
O14788,TNFSF11,None,2
O14802,POLR3A,coTF,2
O14813,PHOX2A,DbTF,4
O14862,AIM2,None,2
O14867,BACH1,DbTF,4
O14896,IRF6,DbTF,4
O14901,KLF11,DbTF,4
O14907,TAX1BP3,None,2
O14920,IKBKB,None,2
O14929,HAT1,coTF,2
O14936,CASK,None,2
O14948,TFEC,DbTF,4
O14974,PPP1R12A,None,2
O14978,ZNF263,DbTF,4
O14979,HNRNPDL,None,2
O14980,XPO1,None,2
O14981,BTAF1,coTF,2
O15014,ZNF609,None,2
O15015,ZNF646,DbTF,8
O15016,TRIM66,None,2
O15031,PLXNB2,None,2
O15047,SETD1A,coTF,2
O15054,KDM6B,None,2
O15055,PER2,None,2
O15060,ZBTB39,DbTF,4
O15062,ZBTB5,DbTF,4
O15078,CEP290,None,2
O15090,ZNF536,DbTF,8
O15105,SMAD7,None,2
O15111,CHUK,None,2
O15119,TBX3,DbTF,4
O15151,MDM4,None,2
O15156,ZBTB7B,Both,4
O15162,PLSCR1,DbTF,2
O15164,TRIM24,coTF,2
O15169,AXIN1,coTF,2
O15178,TBXT,DbTF,4
O15198,SMAD9,DbTF,4
O15209,ZBTB22,DbTF,4
O15226,NKRF,DbTF,2
O15231,ZNF185,None,2
O15245,SLC22A1,None,2
O15265,ATXN7,None,2
O15266,SHOX,DbTF,4
O15294,OGT,None,2
O15303,GRM6,None,2
O15304,SIVA1,None,2
O15318,POLR3G,coTF,2
O15344,MID1,None,2
O15347,HMGB3,None,2
O15350,TP73,Both,4
O15353,FOXN1,DbTF,4
O15360,FANCA,None,2
O15370,SOX12,DbTF,4
O15379,HDAC3,coTF,2
O15391,YY2,DbTF,5
O15392,BIRC5,None,1
O15405,TOX3,coTF,2
O15409,FOXP2,DbTF,4
O15417,TNRC18,coTF,2
O15455,TLR3,None,2
O15496,PLA2G10,None,2
O15499,GSC2,DbTF,4
O15504,NUP42,None,2
O15516,CLOCK,Both,4
O15519,CFLAR,None,2
O15522,NKX2-8,DbTF,4
O15525,MAFG,DbTF,4
O15527,OGG1,None,2
O15530,PDPK1,None,2
O15534,PER1,None,2
O15535,ZSCAN9,DbTF,5
O15541,RNF113A,None,2
O15550,KDM6A,None,2
O15553,MEFV,None,2
O43147,SGSM2,None,2
O43151,TET3,None,2
O43157,PLXNB1,None,2
O43159,RRP8,None,2
O43167,ZBTB24,DbTF,4
O43172,PRPF4,None,2
O43186,CRX,DbTF,4
O43187,IRAK2,None,2
O43189,PHF1,coTF,2
O43245,p65,None,2
O43248,HOXC11,DbTF,4
O43251,RBFOX2,coTF,2
O43255,SIAH2,None,2
O43283,MAP3K13,None,2
O43290,SART1,None,2
O43293,DAPK3,coTF,2
O43294,TGFB1I1,coTF,2
O43296,ZNF264,DbTF,5
O43298,ZBTB43,DbTF,4
O43299,AP5Z1,None,2
O43309,ZSCAN12,DbTF,5
O43313,ATMIN,DbTF,4
O43316,PAX4,DbTF,4
O43318,MAP3K7,None,2
O43345,ZNF208,DbTF,6
O43353,RIPK2,None,2
O43361,ZNF749,DbTF,7
O43364,HOXA2,DbTF,4
O43365,HOXA3,DbTF,4
O43422,THAP12,None,2
O43435,TBX1,DbTF,4
O43439,CBFA2T2,None,2
O43462,MBTPS2,None,2
O43463,SUV39H1,coTF,2
O43474,KLF4,Both,4
O43513,MED7,None,2
O43524,FOXO3,DbTF,4
O43541,SMAD6,coTF,2
O43542,XRCC3,None,2
O43566,RGS14,None,2
O43567,RNF13,None,2
O43593,HR,coTF,2
O43623,SNAI2,DbTF,7
O43638,FOXS1,DbTF,4
O43660,PLRG1,None,2
O43670,ZNF207,None,2
O43679,LDB2,coTF,2
O43680,TCF21,Both,4
O43707,ACTN4,None,2
O43709,BUD23,coTF,2
O43711,TLX3,DbTF,4
O43719,HTATSF1,None,2
O43763,TLX2,DbTF,4
O43812,DUX1,DbTF,4
O43815,STRN,None,2
O43823,AKAP8,coTF,2
O43829,ZBTB14,DbTF,4
O43889,CREB3,Both,4
O43900,PRICKLE3,None,2
O43918,AIRE,coTF,2
O60216,RAD21,coTF,2
O60224,"SSX4,SSX4B",None,2
O60225,SSX5,None,2
O60244,MED14,coTF,2
O60248,SOX15,Both,4
O60260,PRKN,coTF,2
O60264,SMARCA5,None,2
O60281,ZNF292,DbTF,4
O60284,ST18,DbTF,4
O60290,ZNF862,None,2
O60296,TRAK2,None,2
O60304,ZNF500,DbTF,4
O60315,ZEB2,DbTF,4
O60341,KDM1A,coTF,2
O60353,FZD6,None,2
O60356,NUPR1,coTF,2
O60381,HBP1,DbTF,4
O60393,NOBOX,DbTF,4
O60422,ONECUT3,DbTF,4
O60469,DSCAM,None,2
O60479,DLX3,Both,4
O60481,ZIC3,DbTF,4
O60486,PLXNC1,None,2
O60504,SORBS3,coTF,2
O60519,CREBL2,DbTF,4
O60543,CIDEA,None,2
O60548,FOXD2,DbTF,4
O60563,CCNT1,coTF,2
O60565,GREM1,None,1
O60583,CCNT2,coTF,2
O60603,TLR2,None,2
O60662,KLHL41,None,2
O60663,LMX1B,DbTF,4
O60674,JAK2,coTF,2
O60675,MAFK,DbTF,4
O60678,PRMT3,None,2
O60682,MSC,DbTF,4
O60684,KPNA6,None,2
O60711,LPXN,coTF,2
O60716,CTNND1,None,2
O60765,ZNF354A,DbTF,4
O60806,TBX19,DbTF,4
O60809,PRAMEF10,None,1
O60810,PRAMEF4,None,1
O60811,PRAMEF2,None,1
O60813,PRAMEF11,None,1
O60828,PQBP1,None,2
O60829,PAGE4,None,2
O60858,TRIM13,None,2
O60861,GAS7,None,2
O60869,EDF1,None,2
O60870,KIN,None,2
O60885,BRD4,coTF,2
O60902,SHOX2,DbTF,4
O60907,TBL1X,coTF,2
O60925,PFDN1,None,2
O60930,RNASEH1,None,2
O75030,MITF,Both,4
O75031,HSF2BP,None,2
O75051,PLXNA2,None,2
O75081,CBFA2T3,None,2
O75123,ZNF623,DbTF,5
O75132,ZBED4,DbTF,4
O75140,DEPDC5,None,2
O75151,PHF2,coTF,2
O75152,ZC3H11A,None,2
O75157,TSC22D2,None,2
O75164,KDM4A,None,2
O75175,CNOT3,None,2
O75177,SS18L1,coTF,2
O75182,SIN3B,coTF,2
O75197,LRP5,None,2
O75290,ZNF780A,DbTF,5
O75312,ZPR1,None,2
O75333,TBX10,DbTF,4
O75346,ZNF253,DbTF,8
O75360,PROP1,DbTF,4
O75362,ZNF217,DbTF,8
O75364,PITX3,DbTF,4
O75367,MACROH2A1,None,2
O75373,ZNF737,DbTF,8
O75376,NCOR1,coTF,2
O75381,PEX14,None,2
O75382,TRIM3,None,2
O75386,TULP3,None,2
O75398,DEAF1,DbTF,7
O75410,TACC1,None,2
O75417,POLQ,coTF,2
O75419,CDC45,coTF,2
O75437,ZNF254,DbTF,5
O75444,MAF,DbTF,4
O75446,SAP30,coTF,2
O75448,MED24,coTF,2
O75460,ERN1,None,2
O75461,E2F6,DbTF,4
O75467,ZNF324,DbTF,5
O75469,NR1I2,DbTF,4
O75475,PSIP1,coTF,2
O75478,TADA2A,coTF,2
O75486,SUPT3H,None,2
O75494,SRSF10,None,2
O75496,GMNN,coTF,2
O75506,HSBP1,None,2
O75525,KHDRBS3,None,2
O75528,TADA3,None,2
O75529,TAF5L,None,2
O75530,EED,coTF,2
O75531,BANF1,None,2
O75534,CSDE1,None,2
O75541,ZNF821,DbTF,4
O75564,JRK,None,2
O75581,LRP6,None,2
O75582,RPS6KA5,None,2
O75586,MED6,coTF,2
O75592,MYCBP2,None,2
O75593,FOXH1,Both,4
O75603,GCM2,DbTF,5
O75604,USP2,None,2
O75607,NPM3,coTF,2
O75626,PRDM1,Both,4
O75629,CREG1,None,2
O75676,RPS6KA4,None,2
O75679,RFPL3,None,2
O75716,STK16,None,2
O75717,WDHD1,coTF,2
O75800,ZMYND10,None,2
O75808,CAPN15,None,2
O75820,ZNF189,DbTF,5
O75832,PSMD10,coTF,3
O75840,KLF7,DbTF,4
O75884,RBBP9,None,2
O75909,CCNK,None,2
O75916,RGS9,None,2
O75925,PIAS1,coTF,2
O75928,PIAS2,coTF,2
O75953,DNAJB5,None,2
O75971,SNAPC5,None,2
O76024,WFS1,None,2
O76064,RNF8,coTF,2
O76071,CIAO1,None,2
O76080,ZFAND5,None,2
O76081,RGS20,None,2
O94762,RECQL5,None,2
O94763,URI1,coTF,2
O94776,MTA2,coTF,2
O94805,ACTL6B,coTF,2
O94810,RGS11,None,2
O94822,LTN1,None,2
O94842,TOX4,None,2
O94850,DDN,None,2
O94864,SUPT7L,coTF,2
O94874,UFL1,coTF,2
O94875,SORBS2,None,2
O94880,PHF14,coTF,2
O94892,ZNF432,DbTF,4
O94900,TOX,coTF,2
O94906,PRPF6,None,2
O94916,NFAT5,Both,4
O94953,KDM4B,None,2
O94972,TRIM37,coTF,2
O94983,CAMTA2,coTF,2
O94992,HEXIM1,None,2
O94993,SOX30,DbTF,4
O95076,ALX3,DbTF,4
O95096,NKX2-2,Both,4
O95125,ZNF202,DbTF,5
O95159,ZFPL1,None,2
O95163,ELP1,None,2
O95201,ZNF205,DbTF,4
O95218,ZRANB2,None,2
O95231,VENTX,DbTF,4
O95238,SPDEF,DbTF,4
O95243,MBD4,None,2
O95251,KAT7,coTF,2
O95271,TNKS,coTF,2
O95343,SIX3,DbTF,4
O95361,TRIM16,None,2
O95365,ZBTB7A,Both,5
O95376,ARIH2,None,2
O95398,RAPGEF3,None,2
O95402,MED26,coTF,2
O95409,ZIC2,DbTF,4
O95416,SOX14,Both,4
O95459,hic-1,None,2
O95475,SIX6,DbTF,4
O95503,CBX6,coTF,2
O95521,PRAMEF1,None,1
O95522,PRAMEF12,None,1
O95551,TDP2,None,2
O95600,KLF8,DbTF,4
O95619,YEATS4,None,2
O95625,ZBTB11,DbTF,8
O95626,ANP32D,None,2
O95628,CNOT4,None,2
O95639,CPSF4,None,2
O95644,NFATC1,Both,4
O95677,EYA4,None,2
O95696,BRD1,coTF,2
O95704,APBB3,coTF,2
O95718,ESRRB,Both,4
O95751,LDOC1,None,2
O95780,ZNF682,DbTF,8
O95785,WIZ,Both,4
O95786,DDX58,None,2
O95789,ZMYM6,None,2
O95861,BPNT1,None,2
O95863,SNAI1,DbTF,7
O95905,ECD,coTF,2
O95931,CBX7,coTF,2
O95935,TBX18,DbTF,4
O95936,EOMES,DbTF,5
O95947,TBX6,DbTF,4
O95948,ONECUT2,DbTF,4
O95983,MBD3,coTF,2
O95996,APC2,None,2
O95997,PTTG1,None,2
O95999,BCL10,coTF,2
O96004,HAND1,Both,4
O96006,ZBED1,Both,4
O96017,CHEK2,None,2
O96019,ACTL6A,coTF,2
O96028,NSD2,coTF,2
P00374,DHFR,None,2
P00519,ABL1,None,2
P00533,EGFR,coTF,2
P01019,AGT,None,2
P01100,FOS,Both,4
P01106,MYC,Both,4
P01112,HRAS,None,2
P01116,KRAS,None,1
P01137,TGFB1,None,1
P01270,PTH,None,2
P01308,INS,None,2
P01375,TNF,None,2
P01574,IFNB1,None,2
P01584,IL1B,None,2
P01889,HLA-B,None,2
P01911,HLA-DRB1,None,2
P01920,HLA-DQB1,None,2
P02545,LMNA,None,2
P02788,LTF,None,2
P02810,"PRH1,PRH2",None,2
P03372,ESR1,Both,4
P03971,AMH,None,2
P04040,CAT,None,2
P04049,RAF1,None,2
P04053,DNTT,None,2
P04054,PLA2G1B,None,2
P04150,NR3C1,Both,4
P04156,PRNP,None,2
P04198,MYCN,DbTF,4
P04234,CD3D,None,2
P04626,ERBB2,None,2
P04628,WNT1,None,1
P04629,NTRK1,None,2
P04637,TP53,Both,4
P05067,APP,coTF,2
P05107,ITGB2,None,2
P05109,S100A8,None,2
P05112,IL4,None,1
P05113,IL5,None,2
P05114,HMGN1,coTF,2
P05204,HMGN2,coTF,2
P05230,FGF1,None,2
P05231,IL6,None,2
P05305,EDN1,None,2
P05362,ICAM1,None,2
P05412,JUN,Both,4
P05455,SSB,None,2
P05538,HLA-DQB2,None,2
P05546,SERPIND1,None,2
P05549,TFAP2A,Both,4
P05771,PRKCB,coTF,2
P06213,INSR,None,2
P06280,GLA,None,2
P06400,RB1,coTF,2
P06401,PGR,DbTF,4
P06493,CDK1,None,2
P06702,S100A9,None,2
P06727,APOA4,None,2
P06733,ENO1,DbTF,2
P06746,POLB,None,2
P06748,NPM1,coTF,2
P07199,CENPB,coTF,2
P07305,H1-0,None,2
P07550,ADRB2,None,2
P07737,PFN1,None,2
P07910,HNRNPC,None,2
P07988,SFTPB,None,2
P08047,SP1,Both,4
P08048,ZFY,DbTF,4
P08151,GLI1,Both,4
P08235,NR3C2,DbTF,4
P08246,ELANE,None,2
P08567,PLEK,None,2
P08581,MET,None,2
P08621,SNRNP70,None,2
P08631,HCK,None,2
P08651,NFIC,DbTF,4
P08F94,PKHD1,None,2
P09016,HOXD4,DbTF,4
P09017,HOXC4,DbTF,4
P09038,FGF2,None,2
P09067,HOXB5,DbTF,4
P09086,POU2F2,DbTF,4
P09234,SNRPC,None,2
P09429,HMGB1,coTF,2
P09430,TNP1,None,2
P09467,FBP1,None,2
P09525,ANXA4,None,2
P09544,WNT2,None,2
P09601,HMOX1,None,2
P09629,HOXB7,DbTF,4
P09630,HOXC6,DbTF,4
P09651,HNRNPA1,None,2
P09874,PARP1,coTF,2
P09884,POLA1,coTF,2
P0C0S5,H2AZ1,None,2
P0C6A0,ZGLP1,DbTF,2
P0C7M4,RHOXF2B,DbTF,4
P0C7V6,SUPT20HL2,coTF,2
P0C7X2,ZNF688,DbTF,7
P0C7X5,ZNF806,DbTF,5
P0C860,MSL3P1,None,2
P0CB33,ZNF735,DbTF,8
P0CB47,UBTFL1,None,2
P0CF97,FAM200B,None,2
P0CG00,ZSCAN5DP,DbTF,5
P0CG23,ZNF853,DbTF,5
P0CG24,ZNF883,DbTF,5
P0CG31,ZNF286B,DbTF,5
P0CG32,ZCCHC18,None,2
P0CG40,SP9,DbTF,5
P0CG47,UBB,None,2
P0CG48,UBC,None,2
P0CH99,ZNF705D,DbTF,7
P0CI00,ZNF705B,DbTF,7
P0CI25,TRIM49,None,2
P0CJ78,ZNF865,DbTF,4
P0CJ79,ZNF888,DbTF,5
P0DI81,TRAPPC2,coTF,2
P0DKX0,ZNF728,DbTF,5
P0DME0,SETSIP,coTF,2
P0DMV8,HSPA1A,coTF,2
P0DMV9,HSPA1B,coTF,2
P0DMW2,NLRP2B,None,2
P0DP91,ERCC6,None,2
P0DPD5,ZNF723,DbTF,8
P10070,GLI2,Both,4
P10071,GLI3,Both,4
P10072,ZNF875,DbTF,7
P10073,ZSCAN22,DbTF,5
P10074,ZBTB48,DbTF,4
P10075,GLI4,DbTF,8
P10153,RNASE2,None,2
P10163,PRB4,None,2
P10242,MYB,DbTF,8
P10243,MYBL1,DbTF,8
P10244,MYBL2,DbTF,4
P10275,AR,Both,4
P10276,RARA,Both,4
P10412,H1-4,None,2
P10588,NR2F6,DbTF,4
P10589,NR2F1,DbTF,4
P10599,TXN,None,2
P10721,KIT,None,2
P10745,RBP3,None,2
P10809,HSPD1,coTF,2
P10826,RARB,DbTF,4
P10827,THRA,Both,4
P10828,THRB,DbTF,4
P10909,CLU,None,2
P10914,IRF1,DbTF,4
P11021,HSPA5,None,2
P11142,HSPA8,None,2
P11161,EGR2,Both,4
P11308,ERG,Both,4
P11309,PIM1,coTF,2
P11362,FGFR1,None,2
P11387,TOP1,coTF,2
P11388,TOP2A,coTF,2
P11473,VDR,DbTF,4
P11474,ESRRA,DbTF,4
P11487,FGF3,None,2
P11831,SRF,Both,4
P12004,PCNA,coTF,2
P12270,TPR,coTF,2
P12429,ANXA3,None,2
P12524,MYCL,DbTF,4
P12643,BMP2,coTF,2
P12644,BMP4,None,1
P12755,SKI,Both,8
P12757,SKIL,Both,8
P12814,ACTN1,None,2
P12931,SRC,None,2
P12956,XRCC6,None,2
P12980,LYL1,DbTF,4
P13010,XRCC5,None,2
P13051,UNG,None,2
P13056,NR2C1,Both,4
P13349,MYF5,DbTF,4
P13378,HOXD8,DbTF,4
P13631,RARG,Both,4
P13646,KRT13,None,2
P13682,ZNF35,DbTF,4
P13984,GTF2F2,None,2
P14316,IRF2,DbTF,4
P14317,HCLS1,None,2
P14373,TRIM27,None,2
P14618,PKM,None,2
P14651,HOXB3,DbTF,4
P14652,HOXB2,DbTF,4
P14653,HOXB1,DbTF,4
P14859,POU2F1,DbTF,4
P14866,HNRNPL,None,2
P14921,ETS1,Both,4
P14923,JUP,None,2
P15036,ETS2,DbTF,4
P15090,FABP4,None,2
P15172,MYOD1,Both,4
P15173,MYOG,DbTF,4
P15311,EZR,None,2
P15313,ATP6V1B1,None,2
P15336,ATF2,Both,4
P15407,FOSL1,DbTF,4
P15408,FOSL2,Both,4
P15498,VAV1,None,2
P15621,ZNF44,DbTF,4
P15622,ZNF250,DbTF,5
P15692,VEGFA,None,1
P15822,HIVEP1,DbTF,4
P15863,PAX1,DbTF,4
P15884,TCF4,DbTF,4
P15918,RAG1,coTF,2
P15923,TCF3,Both,4
P15924,DSP,None,2
P15927,RPA2,None,2
P15941,MUC1,coTF,2
P15976,GATA1,Both,4
P16220,CREB1,Both,4
P16298,PPP3CB,None,2
P16333,NCK1,None,2
P16383,GCFC2,None,2
P16401,H1-5,coTF,2
P16402,H1-3,None,2
P16403,H1-2,None,2
P16415,ZNF823,DbTF,4
P16455,MGMT,None,2
P16591,FER,None,2
P16671,CD36,None,2
P16989,YBX3,None,2
P17010,ZFX,DbTF,2
P17014,ZNF12,DbTF,4
P17017,ZNF14,DbTF,4
P17019,ZNF708,DbTF,8
P17020,ZNF16,DbTF,4
P17021,ZNF17,DbTF,5
P17022,ZNF18,DbTF,5
P17023,ZNF19,DbTF,7
P17024,ZNF20,DbTF,7
P17025,ZNF182,DbTF,5
P17026,ZNF22,DbTF,4
P17027,ZNF23,DbTF,5
P17028,ZNF24,DbTF,4
P17029,ZKSCAN1,DbTF,5
P17030,ZNF25,DbTF,7
P17031,ZNF26,DbTF,5
P17032,ZNF37A,DbTF,4
P17035,ZNF28,DbTF,5
P17036,ZNF3,DbTF,7
P17038,ZNF43,DbTF,6
P17039,ZNF30,DbTF,5
P17040,ZSCAN20,DbTF,5
P17041,ZNF32,DbTF,5
P17096,HMGA1,coTF,2
P17097,ZNF7,DbTF,5
P17098,ZNF8,DbTF,4
P17275,JUNB,Both,4
P17480,UBTF,coTF,2
P17481,HOXB8,DbTF,4
P17482,HOXB9,DbTF,4
P17483,HOXB4,DbTF,4
P17509,HOXB6,DbTF,4
P17535,JUND,Both,4
P17542,TAL1,Both,4
P17544,ATF7,Both,4
P17676,CEBPB,Both,4
P17813,ENG,None,2
P17844,DDX5,coTF,2
P17861,XBP1,DbTF,4
P17947,SPI1,Both,4
P17980,PSMC3,None,3
P18074,ERCC2,None,2
P18075,BMP7,None,2
P18124,RPL7,None,2
P18146,EGR1,Both,4
P18583,SON,None,2
P18615,NELFE,coTF,2
P18846,ATF1,DbTF,4
P18847,ATF3,DbTF,4
P18848,ATF4,DbTF,4
P18850,ATF6,DbTF,4
P18858,LIG1,None,2
P19338,NCL,None,2
P19388,POLR2E,None,2
P19419,ELK1,Both,4
P19447,ERCC3,coTF,2
P19474,TRIM21,None,2
P19484,TFEB,DbTF,4
P19525,EIF2AK2,None,2
P19532,TFE3,DbTF,4
P19544,WT1,DbTF,4
P19622,EN2,DbTF,4
P19784,CSNK2A2,None,2
P19793,RXRA,DbTF,4
P19838,NFKB1,Both,4
P20226,TBP,coTF,2
P20248,CCNA2,None,2
P20264,POU3F3,DbTF,4
P20265,POU3F2,DbTF,4
P20290,BTF3,None,2
P20393,NR1D1,DbTF,4
P20585,MSH3,None,2
P20618,PSMB1,None,3
P20719,HOXA5,DbTF,4
P20749,BCL3,coTF,2
P20794,MAK,None,2
P20807,CAPN3,None,2
P20823,HNF1A,DbTF,4
P20929,NEB,None,2
P21127,CDK11B,None,2
P21291,CSRP1,None,2
P21333,FLNA,coTF,2
P21359,NF1,None,2
P21506,ZNF10,DbTF,7
P21580,TNFAIP3,None,2
P21675,TAF1,coTF,2
P21802,FGFR2,None,2
P22301,IL10,None,2
P22392,NME2,None,2
P22415,USF1,Both,4
P22492,H1-6,None,2
P22626,HNRNPA2B1,None,2
P22670,RFX1,DbTF,4
P22681,CBL,None,2
P22736,NR4A1,DbTF,4
P23025,XPA,None,2
P23193,TCEA1,None,2
P23246,SFPQ,coTF,2
P23297,S100A1,None,2
P23409,MYF6,DbTF,4
P23497,SP100,Both,4
P23510,TNFSF4,None,2
P23511,NFYA,DbTF,4
P23759,PAX7,DbTF,4
P23760,PAX3,DbTF,4
P23769,GATA2,Both,4
P23771,GATA3,Both,4
P24278,ZBTB25,DbTF,4
P24385,CCND1,coTF,2
P24468,NR2F2,DbTF,4
P24522,GADD45A,None,2
P24723,PRKCH,None,2
P24863,CCNC,None,2
P24864,CCNE1,None,2
P24928,POLR2A,None,2
P24941,CDK2,None,2
P25205,MCM3,None,2
P25208,NFYB,DbTF,4
P25440,BRD2,coTF,2
P25490,YY1,Both,5
P25685,DNAJB1,None,2
P25789,PSMA4,None,3
P25791,LMO2,None,2
P25800,LMO1,None,2
P25942,CD40,None,2
P25963,NFKBIA,coTF,2
P26358,DNMT1,coTF,2
P26367,PAX6,Both,4
P26368,U2AF2,None,2
P26371,KRTAP5-9,None,2
P26583,HMGB2,coTF,2
P26599,PTBP1,None,2
P26651,ZFP36,coTF,2
P27361,MAPK3,None,2
P27540,ARNT,Both,4
P27694,RPA1,None,2
P27695,APEX1,None,2
P27797,CALR,None,2
P27986,PIK3R1,coTF,2
P28069,POU1F1,DbTF,4
P28070,PSMB4,None,3
P28324,ELK4,Both,4
P28328,PEX2,None,2
P28347,TEAD1,DbTF,4
P28356,HOXD9,DbTF,4
P28358,HOXD10,Both,4
P28360,MSX1,Both,4
P28370,SMARCA1,coTF,2
P28482,MAPK1,coTF,2
P28698,MZF1,DbTF,4
P28702,RXRB,DbTF,4
P28749,RBL1,coTF,2
P29083,GTF2E1,None,2
P29084,GTF2E2,None,2
P29122,PCSK6,None,2
P29372,MPG,None,2
P29373,CRABP2,None,2
P29374,ARID4A,None,2
P29375,KDM5A,coTF,2
P29558,RBMS1,None,2
P29590,PML,coTF,2
P29965,CD40LG,None,2
P30044,PRDX5,None,2
P30048,PRDX3,None,1
P30153,PPP2R1A,None,2
P30876,POLR2B,coTF,2
P31146,CORO1A,None,2
P31249,HOXD3,DbTF,4
P31260,HOXA10,Both,4
P31267,HOXA6,DbTF,4
P31268,HOXA7,Both,4
P31269,HOXA9,DbTF,4
P31270,HOXA11,DbTF,4
P31271,HOXA13,DbTF,4
P31273,HOXC8,DbTF,4
P31274,HOXC9,DbTF,4
P31275,HOXC12,DbTF,4
P31276,HOXC13,Both,4
P31277,HOXD11,DbTF,4
P31314,TLX1,DbTF,4
P31350,RRM2,None,2
P31483,TIA1,None,2
P31629,HIVEP2,DbTF,4
P31749,AKT1,None,2
P31751,AKT2,None,2
P31941,APOBEC3A,None,2
P31946,YWHAB,coTF,2
P32121,ARRB2,None,2
P32242,OTX1,DbTF,4
P32243,OTX2,DbTF,4
P32248,CCR7,None,2
P32314,FOXN2,DbTF,4
P32519,ELF1,DbTF,4
P32780,GTF2H1,coTF,2
P32929,CTH,None,2
P33076,CIITA,None,2
P33992,MCM5,None,2
P33993,MCM7,None,2
P35222,CTNNB1,coTF,2
P35226,BMI1,None,2
P35227,PCGF2,None,2
P35232,PHB,coTF,2
P35243,RCVRN,None,2
P35244,RPA3,None,2
P35251,RFC1,None,2
P35269,GTF2F1,coTF,2
P35398,RORA,Both,4
P35452,HOXD12,DbTF,4
P35453,HOXD13,Both,4
P35548,MSX2,DbTF,4
P35555,FBN1,None,2
P35609,ACTN2,None,2
P35637,FUS,coTF,2
P35638,DDIT3,Both,4
P35659,DEK,coTF,2
P35680,HNF1B,DbTF,4
P35711,SOX5,DbTF,4
P35712,SOX6,DbTF,4
P35713,SOX18,DbTF,4
P35716,SOX11,DbTF,4
P35789,ZNF93,DbTF,4
P35813,PPM1A,None,2
P35869,AHR,Both,4
P35968,KDR,None,2
P35998,PSMC2,None,3
P36402,TCF7,DbTF,4
P36406,TRIM23,None,2
P36507,MAP2K2,None,2
P36508,ZNF76,DbTF,5
P36894,BMPR1A,coTF,2
P36956,SREBF1,Both,4
P37198,NUP62,coTF,2
P37231,PPARG,Both,4
P37235,HPCAL1,None,2
P37275,ZEB1,DbTF,4
P37840,SNCA,coTF,2
P38159,RBMX,coTF,2
P38398,BRCA1,coTF,2
P38935,IGHMBP2,coTF,2
P38936,CDKN1A,None,4
P39687,ANP32A,coTF,2
P39748,FEN1,None,2
P39880,CUX1,DbTF,4
P39900,MMP12,None,2
P40305,IFI27,None,2
P40337,VHL,coTF,2
P40424,PBX1,Both,4
P40425,PBX2,Both,4
P40426,PBX3,DbTF,4
P40763,STAT3,Both,4
P40879,SLC26A3,None,2
P41134,ID1,coTF,2
P41143,OPRD1,None,2
P41161,ETV5,DbTF,4
P41162,ETV3,DbTF,4
P41182,BCL6,Both,4
P41212,ETV6,DbTF,4
P41218,MNDA,None,2
P41221,WNT5A,None,2
P41223,BUD31,None,2
P41225,SOX3,DbTF,4
P41229,KDM5C,None,2
P41235,HNF4A,Both,4
P41440,SLC19A1,None,2
P41743,PRKCI,None,2
P41970,ELK3,DbTF,4
P42224,STAT1,Both,4
P42226,STAT6,DbTF,4
P42229,STAT5A,DbTF,4
P42345,MTOR,None,2
P42568,MLLT3,coTF,2
P42681,TXK,None,2
P42685,FRK,None,2
P42694,HELZ,None,2
P42704,LRPPRC,None,2
P42771,CDKN2A,None,2
P42772,CDKN2B,None,2
P43146,DCC,None,2
P43243,MATR3,None,2
P43246,MSH2,coTF,2
P43268,ETV4,DbTF,4
P43354,NR4A2,DbTF,4
P43355,MAGEA1,coTF,2
P43356,"MAGEA2,MAGEA2B",coTF,2
P43405,SYK,None,2
P43489,TNFRSF4,None,2
P43686,PSMC4,None,3
P43694,GATA4,Both,4
P43699,NKX2-1,Both,4
P45973,CBX5,coTF,2
P45983,MAPK8,coTF,2
P45984,MAPK9,coTF,2
P46063,RECQL,None,2
P46087,NOP2,None,2
P46100,ATRX,coTF,2
P46108,CRK,None,2
P46527,CDKN1B,None,2
P46531,NOTCH1,None,2
P46734,MAP2K3,None,2
P46937,YAP1,coTF,2
P46940,IQGAP1,None,2
P47902,CDX1,DbTF,4
P47928,ID4,None,2
P47974,ZFP36L2,None,2
P47992,XCL1,None,2
P48378,RFX2,DbTF,4
P48380,RFX3,DbTF,4
P48382,RFX5,DbTF,4
P48431,SOX2,Both,4
P48436,SOX9,Both,4
P48443,RXRG,DbTF,4
P48552,NRIP1,coTF,2
P48742,LHX1,DbTF,4
P48788,TNNI2,None,2
P49023,PXN,coTF,2
P49116,NR2C2,DbTF,4
P49335,POU3F4,DbTF,4
P49336,CDK8,None,2
P49407,ARRB1,coTF,2
P49450,CENPA,coTF,2
P49454,CENPF,coTF,2
P49591,SARS1,None,2
P49639,HOXA1,DbTF,4
P49640,EVX1,DbTF,4
P49643,PRIM2,None,2
P49711,CTCF,DbTF,4
P49715,CEBPA,Both,4
P49716,CEBPD,DbTF,4
P49750,YLPM1,None,2
P49758,RGS6,None,2
P49768,PSEN1,None,2
P49773,HINT1,None,2
P49789,FHIT,None,2
P49802,RGS7,None,2
P49815,TSC2,None,2
P49841,GSK3B,coTF,2
P49848,TAF6,None,2
P49910,ZNF165,DbTF,5
P49916,LIG3,None,2
P49918,CDKN1C,None,2
P50219,MNX1,DbTF,4
P50221,MEOX1,Both,4
P50222,MEOX2,DbTF,4
P50238,CRIP1,None,2
P50458,LHX2,DbTF,4
P50461,CSRP3,None,2
P50539,MXI1,DbTF,4
P50548,ERF,DbTF,4
P50549,ETV1,DbTF,4
P50553,ASCL1,Both,4
P50570,DNM2,None,2
P50607,TUB,None,2
P50613,CDK7,None,2
P50616,TOB1,coTF,2
P50748,KNTC1,None,2
P50750,CDK9,coTF,2
P50876,RNF144A,None,2
P50991,CCT4,None,2
P51397,DAP,None,2
P51449,RORC,DbTF,4
P51504,ZNF80,DbTF,4
P51508,ZNF81,DbTF,5
P51522,ZNF83,DbTF,5
P51523,ZNF84,DbTF,4
P51530,DNA2,None,2
P51531,SMARCA2,coTF,2
P51532,SMARCA4,coTF,2
P51587,BRCA2,None,2
P51608,MECP2,coTF,2
P51610,HCFC1,coTF,2
P51617,IRAK1,None,2
P51668,UBE2D1,None,2
P51692,STAT5B,Both,4
P51786,ZNF157,DbTF,5
P51805,PLXNA3,None,2
P51812,RPS6KA3,None,2
P51814,ZNF41,DbTF,5
P51815,ZNF75D,DbTF,4
P51816,AFF2,None,2
P51825,AFF1,None,2
P51826,AFF3,None,2
P51843,NR0B1,coTF,2
P51858,HDGF,coTF,2
P51946,CCNH,None,2
P51948,MNAT1,None,2
P51991,HNRNPA3,None,2
P52434,POLR2H,None,2
P52435,POLR2J,None,2
P52564,MAP2K6,None,2
P52630,STAT2,DbTF,4
P52655,GTF2A1,coTF,2
P52657,GTF2A2,coTF,2
P52701,MSH6,coTF,2
P52736,ZNF133,DbTF,7
P52737,ZNF136,DbTF,5
P52738,ZNF140,DbTF,5
P52739,ZNF131,DbTF,4
P52740,ZNF132,DbTF,5
P52741,ZNF134,DbTF,4
P52742,ZNF135,DbTF,5
P52744,ZNF138,DbTF,8
P52746,ZNF142,DbTF,4
P52747,ZNF143,DbTF,4
P52756,RBM5,None,2
P52824,DGKQ,None,2
P52926,HMGA2,coTF,2
P52943,CRIP2,None,2
P52945,PDX1,Both,4
P52948,NUP98,None,2
P52951,GBX2,DbTF,4
P52952,NKX2-5,Both,4
P52954,LBX1,DbTF,4
P53004,BLVRA,None,2
P53350,PLK1,None,2
P53539,FOSB,Both,4
P53567,CEBPG,Both,4
P53778,MAPK12,None,2
P53779,MAPK10,None,2
P53801,PTTG1IP,coTF,2
P53803,POLR2K,None,2
P53805,RCAN1,None,2
P53999,SUB1,None,4
P54098,POLG,coTF,2
P54132,BLM,coTF,2
P54198,HIRA,coTF,2
P54252,ATXN3,None,2
P54259,ATN1,None,2
P54274,TERF1,None,2
P54277,PMS1,None,2
P54368,OAZ1,None,2
P54646,PRKAA2,coTF,2
P54756,EPHA5,None,2
P54821,PRRX1,DbTF,4
P54845,NRL,DbTF,4
P55055,NR1H2,DbTF,4
P55196,AFDN,None,2
P55197,MLLT10,coTF,2
P55198,MLLT6,coTF,2
P55199,ELL,None,2
P55201,BRPF1,coTF,2
P55265,ADAR,None,2
P55316,FOXG1,DbTF,4
P55317,FOXA1,Both,4
P55318,FOXA3,Both,4
P55345,PRMT2,coTF,2
P55347,PKNOX1,Both,4
P55771,PAX9,DbTF,4
P56177,DLX1,Both,4
P56178,DLX5,DbTF,4
P56179,DLX6,DbTF,4
P56270,MAZ,DbTF,5
P56524,HDAC4,coTF,2
P56545,CTBP2,coTF,2
P56645,PER3,None,2
P56693,SOX10,Both,4
P56704,WNT3A,None,2
P56705,WNT4,None,1
P56915,GSC,DbTF,4
P57059,SIK1,None,2
P57071,PRDM15,DbTF,6
P57073,SOX8,Both,4
P57078,RIPK4,None,2
P57082,TBX4,DbTF,4
P57086,SCAND1,None,2
P57682,KLF3,DbTF,4
P57721,PCBP3,None,2
P57723,PCBP4,None,2
P57740,NUP107,None,2
P58012,FOXL2,DbTF,4
P58215,LOXL3,None,2
P58304,VSX2,DbTF,7
P58317,ZNF121,DbTF,5
P58546,MTPN,None,2
P58753,TIRAP,None,2
P59046,NLRP12,None,2
P59817,ZNF280A,DbTF,8
P59923,ZNF445,Both,6
P60002,ELOF1,None,2
P60484,PTEN,None,2
P60709,ACTB,None,2
P60900,PSMA6,None,3
P61077,UBE2D3,None,2
P61086,UBE2K,None,2
P61088,UBE2N,None,2
P61129,ZC3H6,None,2
P61201,COPS2,None,2
P61221,ABCE1,None,2
P61244,MAX,DbTF,4
P61296,HAND2,Both,4
P61371,ISL1,DbTF,5
P61457,PCBD1,None,2
P61586,RHOA,None,2
P61601,NCALD,None,2
P61925,PKIA,None,2
P61956,SUMO2,None,2
P61964,WDR5,coTF,2
P61968,LMO4,coTF,2
P61978,HNRNPK,None,2
P62166,NCS1,None,2
P62191,PSMC1,None,3
P62195,PSMC5,coTF,3
P62263,RPS14,None,2
P62324,BTG1,coTF,2
P62333,PSMC6,None,3
P62380,TBPL1,None,2
P62424,RPL7A,None,2
P62508,ESRRG,DbTF,4
P62633,CNBP,None,2
P62826,RAN,coTF,2
P62837,UBE2D2,None,2
P62875,POLR2L,None,2
P62877,RBX1,coTF,2
P62979,RPS27A,None,2
P62987,UBA52,None,2
P63010,AP2B1,None,2
P63098,PPP3R1,None,2
P63146,UBE2B,None,2
P63165,SUMO1,coTF,2
P63167,DYNLL1,None,2
P63272,SUPT4H1,coTF,2
P63279,UBE2I,coTF,2
P67775,PPP2CA,None,2
P67809,YBX1,None,2
P68036,UBE2L3,None,2
P68104,EEF1A1,None,2
P68400,CSNK2A1,None,2
P78317,RNF4,coTF,2
P78325,ADAM8,None,2
P78332,RBM6,None,2
P78337,PITX1,DbTF,4
P78347,GTF2I,DbTF,2
P78364,PHC1,coTF,2
P78367,NKX3-2,DbTF,4
P78395,PRAME,None,1
P78396,CCNA1,None,2
P78411,IRX5,DbTF,4
P78412,IRX6,DbTF,4
P78413,IRX4,DbTF,4
P78414,IRX1,DbTF,4
P78415,IRX3,DbTF,4
P78424,POU6F2,DbTF,4
P78426,NKX6-1,Both,4
P78509,RELN,None,2
P78527,PRKDC,coTF,2
P78537,BLOC1S1,None,2
P78543,BTG2,None,2
P78545,ELF3,DbTF,4
P79483,HLA-DRB3,None,2
P79522,PRR3,None,2
P80511,S100A12,None,2
P80723,BASP1,None,2
P81133,SIM1,DbTF,4
P81408,FAM189B,None,2
P81877,SSBP2,None,2
P82094,TMF1,None,2
P82979,SARNP,None,2
P83881,RPL36A,None,2
P83916,CBX1,coTF,2
P84022,SMAD3,Both,4
P84074,HPCA,None,2
P84243,"H3-3A,H3-3B",None,2
P84550,SKOR1,Both,8
P85037,FOXK1,DbTF,4
P86452,ZBED6,DbTF,4
P98082,DAB2,coTF,2
P98161,PKD1,None,2
P98168,ZXDA,coTF,2
P98169,ZXDB,coTF,2
P98170,XIAP,None,2
P98174,FGD1,None,2
P98175,RBM10,None,2
P98177,FOXO4,Both,4
P98182,ZNF200,None,2
Q00056,HOXA4,DbTF,4
Q00059,TFAM,coTF,2
Q00403,GTF2B,coTF,2
Q00444,HOXC5,DbTF,4
Q00535,CDK5,coTF,2
Q00577,PURA,Both,4
Q00604,NDP,None,2
Q00613,HSF1,DbTF,4
Q00653,NFKB2,DbTF,4
Q00839,HNRNPU,coTF,2
Q00978,IRF9,DbTF,4
Q00987,MDM2,coTF,2
Q01081,U2AF1,None,2
Q01085,TIAL1,None,2
Q01094,E2F1,Both,4
Q01101,INSM1,Both,4
Q01105,SET,coTF,2
Q01130,SRSF2,None,2
Q01167,FOXK2,DbTF,4
Q01196,RUNX1,Both,4
Q01201,RELB,DbTF,4
Q01538,MYT1,DbTF,4
Q01543,FLI1,Both,4
Q01658,DR1,None,2
Q01664,TFAP4,Both,4
Q01826,SATB1,Both,4
Q01831,XPC,None,2
Q01844,EWSR1,coTF,2
Q01850,CDR2,None,2
Q01851,POU4F1,Both,4
Q01860,POU5F1,Both,4
Q01892,SPIB,DbTF,4
Q01954,BNC1,DbTF,2
Q01959,SLC6A3,None,2
Q02040,AKAP17A,None,2
Q02078,MEF2A,Both,4
Q02080,MEF2B,Both,4
Q02086,SP2,Both,4
Q02297,NRG1,coTF,2
Q02363,ID2,None,2
Q02386,ZNF45,DbTF,4
Q02446,SP4,DbTF,4
Q02447,SP3,Both,4
Q02535,ID3,coTF,2
Q02539,H1-1,None,2
Q02548,PAX5,DbTF,4
Q02556,IRF8,DbTF,4
Q02575,NHLH1,DbTF,4
Q02577,NHLH2,DbTF,4
Q02750,MAP2K1,None,2
Q02779,MAP3K10,None,2
Q02833,RASSF7,None,2
Q02880,TOP2B,coTF,2
Q02930,CREB5,DbTF,5
Q02962,PAX2,Both,4
Q03014,HHEX,Both,4
Q03052,POU3F1,DbTF,4
Q03060,CREM,DbTF,4
Q03111,MLLT1,None,2
Q03112,MECOM,DbTF,4
Q03164,KMT2A,None,2
Q03181,PPARD,Both,4
Q03701,CEBPZ,None,2
Q03828,EVX2,DbTF,4
Q03923,ZNF85,DbTF,8
Q03924,ZNF117,DbTF,4
Q03933,HSF2,DbTF,4
Q03936,ZNF92,DbTF,4
Q03938,ZNF90,DbTF,4
Q03989,ARID5A,coTF,2
Q04118,PRB3,None,2
Q04206,RELA,Both,4
Q04695,KRT17,None,2
Q04721,NOTCH2,None,2
Q04724,TLE1,coTF,2
Q04725,TLE2,None,2
Q04726,TLE3,None,2
Q04727,TLE4,None,2
Q04741,EMX1,DbTF,4
Q04743,EMX2,DbTF,4
Q04759,PRKCQ,None,2
Q04864,REL,DbTF,4
Q04912,MST1R,None,2
Q05066,SRY,Both,4
Q05086,UBE3A,None,2
Q05195,MXD1,DbTF,4
Q05215,EGR4,DbTF,4
Q05481,ZNF91,DbTF,4
Q05513,PRKCZ,None,2
Q05516,ZBTB16,DbTF,6
Q05823,RNASEL,None,2
Q05925,EN1,DbTF,4
Q05BQ5,MBTD1,coTF,2
Q05D32,CTDSPL2,None,2
Q06187,BTK,None,2
Q06265,EXOSC9,None,2
Q06330,RBPJ,Both,4
Q06413,MEF2C,Both,4
Q06416,POU5F1B,DbTF,4
Q06455,RUNX1T1,None,2
Q06546,GABPA,Both,4
Q06547,GABPB1,None,2
Q06587,RING1,coTF,2
Q06609,RAD51,coTF,2
Q06710,PAX8,DbTF,4
Q06730,ZNF33A,DbTF,4
Q06732,ZNF33B,DbTF,6
Q06889,EGR3,DbTF,4
Q06945,SOX4,DbTF,4
Q07021,C1QBP,coTF,2
Q07352,ZFP36L1,None,2
Q07666,KHDRBS1,None,2
Q07687,DLX2,Both,4
Q07869,PPARA,Both,4
Q08050,FOXM1,DbTF,4
Q08117,TLE5,None,2
Q08209,PPP3CA,None,2
Q08211,DHX9,coTF,2
Q08752,PPID,coTF,2
Q08945,SSRP1,coTF,2
Q08999,RBL2,coTF,2
Q08AG5,ZNF844,DbTF,4
Q08AN1,ZNF616,DbTF,5
Q08ER8,ZNF543,DbTF,5
Q09028,RBBP4,coTF,2
Q09472,EP300,coTF,2
Q09FC8,ZNF415,DbTF,5
Q0D2J5,ZNF763,DbTF,4
Q0D2K3,RIPPLY1,None,2
Q0VG99,MESP2,DbTF,4
Q0VGE8,ZNF816,DbTF,5
Q10571,MN1,None,2
Q10586,DBP,DbTF,4
Q10587,TEF,DbTF,4
Q12766,HMGXB3,None,2
Q12772,SREBF2,DbTF,4
Q12774,ARHGEF5,None,2
Q12778,FOXO1,Both,4
Q12789,GTF3C1,None,2
Q12796,PNRC1,None,2
Q12800,TFCP2,Both,4
Q12824,SMARCB1,coTF,2
Q12830,BPTF,coTF,4
Q12837,POU4F2,Both,4
Q12857,NFIA,Both,4
Q12870,TCF15,DbTF,4
Q12872,SFSWAP,None,2
Q12873,CHD3,None,2
Q12874,SF3A3,None,2
Q12888,TP53BP1,coTF,2
Q12891,HYAL2,None,2
Q12899,TRIM26,None,2
Q12901,ZNF155,DbTF,5
Q12905,ILF2,None,2
Q12906,ILF3,None,2
Q12933,TRAF2,None,2
Q12946,FOXF1,DbTF,4
Q12947,FOXF2,Both,4
Q12948,FOXC1,Both,4
Q12950,FOXD4,DbTF,4
Q12951,FOXI1,DbTF,4
Q12952,FOXL1,DbTF,4
Q12962,TAF10,coTF,2
Q12968,NFATC3,Both,4
Q12983,BNIP3,None,2
Q12986,NFX1,DbTF,7
Q13015,MLLT11,None,2
Q13017,ARHGAP5,None,2
Q13029,PRDM2,Both,7
Q13033,STRN3,None,2
Q13045,FLII,None,2
Q13049,TRIM32,None,2
Q13064,MKRN3,None,2
Q13077,TRAF1,None,2
Q13084,MRPL28,None,2
Q13105,ZBTB17,Both,4
Q13106,ZNF154,DbTF,5
Q13112,CHAF1B,coTF,2
Q13114,TRAF3,None,2
Q13118,KLF10,DbTF,4
Q13127,REST,Both,4
Q13129,RLF,DbTF,4
Q13131,PRKAA1,coTF,2
Q13133,NR1H3,DbTF,4
Q13148,TARDBP,None,2
Q13156,RPA4,None,2
Q13163,MAP2K5,None,2
Q13164,MAPK7,None,2
Q13185,CBX3,coTF,2
Q13188,STK3,None,2
Q13207,TBX2,DbTF,4
Q13216,ERCC8,None,2
Q13227,GPS2,None,2
Q13263,TRIM28,coTF,2
Q13285,NR5A1,Both,4
Q13287,NMI,coTF,2
Q13315,ATM,None,2
Q13330,MTA1,coTF,2
Q13342,SP140,DbTF,4
Q13351,KLF1,DbTF,4
Q13352,ITGB3BP,None,2
Q13360,ZNF177,DbTF,7
Q13363,CTBP1,coTF,2
Q13395,TARBP1,None,2
Q13398,ZNF211,DbTF,5
Q13401,PMS2P3,None,2
Q13404,UBE2V1,None,2
Q13416,ORC2,None,2
Q13418,ILK,None,2
Q13422,IKZF1,Both,4
Q13426,XRCC4,None,2
Q13461,FOXE3,DbTF,4
Q13469,NFATC2,Both,4
Q13485,SMAD4,Both,4
Q13487,SNAPC2,None,2
Q13490,BIRC2,None,2
Q13492,PICALM,None,2
Q13495,MAMLD1,None,2
Q13501,SQSTM1,None,2
Q13503,MED21,coTF,2
Q13506,"NAB1",coTF,2
Q13516,OLIG2,DbTF,4
Q13526,PIN1,None,2
Q13535,ATR,None,2
Q13536,MIR9-1HG,None,2
Q13546,RIPK1,None,2
Q13547,HDAC1,coTF,2
Q13557,CAMK2D,None,2
Q13562,NEUROD1,Both,4
Q13568,IRF5,DbTF,4
Q13569,TDG,coTF,2
Q13573,SNW1,coTF,2
Q13616,CUL1,None,2
Q13617,CUL2,None,2
Q13618,CUL3,None,2
Q13619,CUL4A,None,2
Q13620,CUL4B,None,2
Q13625,TP53BP2,coTF,2
Q13627,DYRK1A,None,2
Q13635,PTCH1,None,2
Q13642,FHL1,None,2
Q13643,FHL3,coTF,2
Q13761,RUNX3,DbTF,4
Q13769,THOC5,None,2
Q13772,NCOA4,None,2
Q13838,DDX39B,None,2
Q13886,KLF9,DbTF,4
Q13887,KLF5,DbTF,4
Q13888,GTF2H2,None,2
Q13889,GTF2H3,None,2
Q13901,C1D,None,2
Q13950,RUNX2,DbTF,4
Q13951,CBFB,None,2
Q13952,NFYC,Both,4
Q14004,CDK13,None,2
Q14005,IL16,None,2
Q14012,CAMK1,None,2
Q14103,HNRNPD,coTF,2
Q14106,TOB2,None,2
Q14114,LRP8,None,2
Q14119,VEZF1,DbTF,4
Q14134,TRIM29,coTF,2
Q14135,VGLL4,None,2
Q14140,SERTAD2,None,2
Q14142,TRIM14,None,2
Q14145,KEAP1,coTF,2
Q14147,DHX34,None,2
Q14149,MORC3,None,2
Q14151,SAFB2,None,2
Q14186,TFDP1,Both,4
Q14188,TFDP2,Both,4
Q14190,SIM2,DbTF,4
Q14191,WRN,coTF,2
Q14192,FHL2,coTF,2
Q14202,ZMYM3,None,2
Q14207,NPAT,coTF,2
Q14209,E2F2,Both,4
Q14258,TRIM25,None,2
Q14332,FZD2,None,2
Q14393,GAS6,None,1
Q14469,HES1,Both,4
Q14494,NFE2L1,DbTF,4
Q14498,RBM39,None,2
Q14526,HIC1,Both,4
Q14527,HLTF,coTF,2
Q14541,HNF4G,DbTF,4
Q14549,GBX1,DbTF,4
Q14565,DMC1,None,2
Q14582,MXD4,DbTF,4
Q14584,ZNF266,DbTF,7
Q14585,ZNF345,DbTF,6
Q14586,ZNF267,DbTF,6
Q14587,ZNF268,DbTF,4
Q14588,ZNF234,DbTF,5
Q14590,ZNF235,DbTF,5
Q14592,ZNF460,DbTF,8
Q14593,ZNF273,DbTF,8
Q14653,IRF3,DbTF,4
Q14678,KANK1,None,2
Q14679,TTLL4,None,2
Q14684,RRP1B,None,2
Q14686,NCOA6,coTF,2
Q14693,LPIN1,None,2
Q14765,STAT4,DbTF,4
Q14774,HLX,DbTF,4
Q14781,CBX2,coTF,2
Q14789,GOLGB1,None,2
Q147U1,ZNF846,DbTF,7
Q14814,MEF2D,Both,4
Q14839,CHD4,coTF,2
Q14863,POU6F1,DbTF,4
Q14865,ARID5B,None,2
Q14872,MTF1,Both,4
Q14894,CRYM,None,2
Q14919,DRAP1,None,2
Q14929,ZNF169,DbTF,7
Q14934,NFATC4,Both,4
Q14938,NFIX,DbTF,4
Q14966,ZNF638,None,2
Q14978,NOLC1,None,2
Q14994,NR1I3,DbTF,4
Q14995,NR1D2,DbTF,4
Q149N8,SHPRH,None,2
Q14CW9,ATXN7L3,None,2
Q15014,MORF4L2,None,2
Q15020,SART3,coTF,2
Q15022,SUZ12,coTF,2
Q15025,TNIP1,None,2
Q15047,SETDB1,coTF,2
Q15048,LRRC14,None,2
Q15053,KIAA0040,None,2
Q15059,BRD3,coTF,2
Q15063,POSTN,None,2
Q15072,ZNF146,DbTF,4
Q15075,EEA1,None,2
Q15078,CDK5R1,None,2
Q15109,AGER,None,2
Q15139,PRKD1,None,2
Q15170,TCEAL1,None,2
Q15173,PPP2R5B,None,2
Q15233,NONO,coTF,2
Q15270,NKX1-1,DbTF,4
Q15291,RBBP5,None,2
Q15303,ERBB4,None,2
Q15306,IRF4,Both,4
Q15319,POU4F3,DbTF,4
Q15326,ZMYND11,coTF,2
Q15327,ANKRD1,coTF,2
Q15329,E2F5,Both,4
Q15361,TTF1,coTF,2
Q15365,PCBP1,None,2
Q15366,PCBP2,None,2
Q15369,ELOC,None,2
Q15370,ELOB,None,2
Q15397,PUM3,None,2
Q15406,NR6A1,DbTF,4
Q15418,RPS6KA1,None,2
Q15424,SAFB,coTF,2
Q15428,SF3A2,None,2
Q15465,SHH,None,1
Q15466,NR0B2,coTF,2
Q15475,SIX1,Both,4
Q15528,MED22,coTF,2
Q15532,SS18,None,2
Q15542,TAF5,None,2
Q15543,TAF13,None,2
Q15544,TAF11,coTF,2
Q15545,TAF7,coTF,2
Q15554,TERF2,None,2
Q15560,TCEA2,None,2
Q15561,TEAD4,DbTF,4
Q15562,TEAD2,DbTF,4
Q15572,TAF1C,None,2
Q15573,TAF1A,None,2
Q15583,TGIF1,DbTF,4
Q15596,NCOA2,coTF,2
Q15628,TRADD,None,2
Q15631,TSN,None,2
Q15637,SF1,None,2
Q15642,TRIP10,None,2
Q15643,TRIP11,None,2
Q15645,TRIP13,coTF,2
Q15648,MED1,coTF,2
Q15650,TRIP4,coTF,2
Q15651,HMGN3,coTF,2
Q15652,JMJD1C,coTF,2
Q15653,NFKBIB,None,2
Q15654,TRIP6,None,2
Q15672,TWIST1,Both,4
Q15678,PTPN14,coTF,2
Q15696,ZRSR2,None,2
Q15697,ZNF174,DbTF,4
Q15699,ALX1,DbTF,4
Q15714,TSC22D1,None,2
Q15723,ELF2,DbTF,4
Q15742,"NAB2",coTF,2
Q15744,CEBPE,DbTF,4
Q15750,TAB1,None,2
Q15759,MAPK11,None,2
Q15776,ZKSCAN8,DbTF,5
Q15784,NEUROD2,DbTF,4
Q15788,NCOA1,coTF,2
Q15796,SMAD2,Both,4
Q15797,SMAD1,DbTF,4
Q15834,CCDC85B,None,2
Q15843,NEDD8,None,2
Q15853,USF2,DbTF,4
Q15906,VPS72,coTF,2
Q15910,EZH2,coTF,2
Q15911,ZFHX3,DbTF,4
Q15915,ZIC1,DbTF,5
Q15916,ZBTB6,DbTF,4
Q15928,ZNF141,DbTF,8
Q15929,ZNF56,None,7
Q15935,ZNF77,DbTF,7
Q15937,ZNF79,DbTF,7
Q15942,ZYX,None,2
Q15973,ZNF124,DbTF,7
Q16204,CCDC6,None,2
Q16236,NFE2L2,DbTF,4
Q16254,E2F4,Both,4
Q16342,PDCD2,None,2
Q16384,SSX1,None,2
Q16385,"SSX2,SSX2B",None,2
Q16512,PKN1,coTF,2
Q16513,PKN2,coTF,2
Q16514,TAF12,coTF,2
Q16520,BATF,DbTF,4
Q16526,CRY1,coTF,2
Q16527,CSRP2,None,2
Q16531,DDB1,None,2
Q16533,SNAPC1,None,2
Q16534,HLF,DbTF,4
Q16539,MAPK14,None,2
Q16559,TAL2,DbTF,4
Q16566,CAMK4,None,2
Q16576,RBBP7,None,2
Q16587,ZNF74,DbTF,4
Q16594,TAF9,coTF,2
Q16600,ZNF239,DbTF,5
Q16621,NFE2,DbTF,4
Q16629,SRSF7,None,2
Q16633,POU2AF1,coTF,2
Q16635,TAZ,None,2
Q16647,PTGIS,None,2
Q16649,NFIL3,DbTF,4
Q16650,TBR1,DbTF,4
Q16656,NRF1,DbTF,4
Q16665,HIF1A,Both,4
Q16666,IFI16,coTF,2
Q16670,ZSCAN26,DbTF,4
Q16676,FOXD1,DbTF,4
Q16678,CYP1B1,None,2
Q16832,DDR2,None,2
Q17R98,ZNF827,None,2
Q17RH7,TPRXL,None,2
Q17RP2,TIGD6,None,2
Q17RS7,GEN1,None,2
Q1PSX1,Gli2,None,4
Q1XH10,SKIDA1,DbTF,2
Q27J81,INF2,None,2
Q2KHR2,RFX7,DbTF,4
Q2L4T1,Pax9,None,2
Q2M1K9,ZNF423,DbTF,8
Q2M1V0,ISX,DbTF,4
Q2M218,ZNF630,DbTF,5
Q2M3W8,ZNF181,DbTF,5
Q2M3X9,ZNF674,DbTF,7
Q2QGD7,ZXDC,coTF,2
Q2TAL8,QRICH1,None,2
Q2TB10,ZNF800,DbTF,2
Q2TBA0,KLHL40,None,2
Q2VWA4,SKOR2,Both,8
Q2VY69,ZNF284,DbTF,8
Q30154,HLA-DRB5,None,2
Q32M78,ZNF699,DbTF,5
Q32MQ0,ZNF750,DbTF,6
Q32MZ4,LRRFIP1,DbTF,4
Q32NB8,PGS1,None,2
Q33E94,RFX4,DbTF,4
Q3B7T1,EDRF1,None,2
Q3B8N5,PROX2,DbTF,4
Q3C1V8,BSX,DbTF,4
Q3KNS6,ZNF829,DbTF,5
Q3KNV8,PCGF3,None,2
Q3KNW1,SNAI3,DbTF,8
Q3KP31,ZNF791,DbTF,4
Q3KQV3,ZNF792,DbTF,5
Q3L8U1,CHD9,coTF,2
Q3MIS6,ZNF528,DbTF,5
Q3MJ62,ZSCAN23,DbTF,5
Q3SXZ3,ZNF718,DbTF,8
Q3SY52,ZIK1,DbTF,5
Q3SY56,SP6,DbTF,5
Q3SYB3,FOXD4L6,DbTF,4
Q3T8J9,GON4L,coTF,2
Q3V6T2,CCDC88A,None,2
Q3ZCT1,ZNF260,DbTF,4
Q3ZCX4,ZNF568,DbTF,5
Q3ZLR7,SUPT20HL1,coTF,2
Q460N3,PARP15,None,2
Q460N5,PARP14,None,2
Q494X3,ZNF404,DbTF,7
Q499Z4,ZNF672,DbTF,4
Q49A26,GLYR1,coTF,2
Q49A33,ZNF876P,DbTF,8
Q49AA0,ZFP69,DbTF,7
Q49AG3,ZBED5,None,4
Q49AM1,MTERF2,None,2
Q49AN0,CRY2,None,2
Q4FZB7,KMT5B,coTF,2
Q4G0J3,LARP7,None,2
Q4G112,HSF5,DbTF,4
Q4LE39,ARID4B,coTF,2
Q4VC44,FLYWCH1,None,2
Q4VCS5,AMOT,None,2
Q4VXU2,PABPC1L,None,2
Q4W5G0,TIGD2,None,2
Q4ZG55,GREB1,None,2
Q52LR7,EPC2,None,2
Q52M93,ZNF585B,DbTF,6
Q53EL6,PDCD4,None,2
Q53EQ6,TIGD5,None,2
Q53ET0,CRTC2,coTF,2
Q53G59,KLHL12,None,2
Q53GI3,ZNF394,DbTF,5
Q53GL7,PARP10,None,2
Q53GS9,USP39,None,2
Q53H80,AKIRIN2,coTF,2
Q53HV7,SMUG1,None,2
Q53QV2,LBH,None,2
Q53S33,BOLA3,None,2
Q53T94,TAF1B,None,2
Q53TQ3,INO80D,None,2
Q569K4,ZNF385B,coTF,2
Q56P03,EAPP,None,2
Q56P42,PYDC2,None,2
Q58F21,BRDT,coTF,2
Q58WW2,DCAF6,None,2
Q5BKZ1,ZNF326,None,2
Q5CZA5,ZNF805,DbTF,5
Q5D1E8,ZC3H12A,coTF,2
Q5EBL2,ZNF628,DbTF,8
Q5EBM4,ZNF542P,DbTF,5
Q5F1R6,DNAJC21,None,2
Q5FWF6,ZNF789,DbTF,4
Q5H9I0,TFDP3,coTF,2
Q5H9K5,ZMAT1,None,2
Q5H9L2,TCEAL5,None,2
Q5H9L4,TAF7L,None,2
Q5HY98,ZNF766,DbTF,2
Q5HYK2,DKFZp313M1824,None,2
Q5HYK9,ZNF667,DbTF,4
Q5HYM0,ZC3H12B,None,2
Q5HYR2,"DMRTC1,DMRTC1B",None,2
Q5JNZ3,ZNF311,DbTF,5
Q5JPB2,ZNF831,None,2
Q5JT82,KLF17,DbTF,4
Q5JUK2,SOHLH1,DbTF,4
Q5JUW0,KRBOX4,None,2
Q5JVG2,ZNF484,DbTF,6
Q5JVG8,ZNF506,DbTF,8
Q5JVS0,HABP4,None,2
Q5MCW4,ZNF569,DbTF,5
Q5PRF9,SAMD4B,None,2
Q5PSV4,BRMS1L,coTF,2
Q5QJE6,DNTTIP2,None,2
Q5S007,LRRK2,None,2
Q5SQQ9,VAX1,DbTF,4
Q5SSJ5,HP1BP3,None,2
Q5SVQ8,ZBTB41,DbTF,5
Q5SVZ6,ZMYM1,None,2
Q5SWL7,PRAMEF14,None,1
Q5SWL8,PRAMEF19,None,1
Q5SXM1,ZNF678,DbTF,8
Q5SXM2,SNAPC4,None,2
Q5SZJ8,BEND6,coTF,2
Q5SZQ8,CELF3,None,2
Q5T0B9,ZNF362,DbTF,4
Q5T0F9,CC2D1B,DbTF,4
Q5T1N1,AKNAD1,None,2
Q5T1R4,HIVEP3,DbTF,5
Q5T200,ZC3H13,None,2
Q5T230,UTF1,None,2
Q5T3J3,LRIF1,None,2
Q5T481,RBM20,None,2
Q5T4F7,SFRP5,None,2
Q5T4S7,UBR4,None,2
Q5T5D7,ZNF684,DbTF,7
Q5T5X7,BEND3,None,2
Q5T619,ZNF648,DbTF,8
Q5T6S3,PHF19,coTF,2
Q5T7W0,ZNF618,Both,2
Q5T8P6,RBM26,None,2
Q5TA31,RNF187,None,2
Q5TA89,HES5,Both,4
Q5TAX3,TUT4,None,2
Q5TB30,DEPDC1,None,2
Q5TC79,ZBTB37,DbTF,4
Q5TC82,RC3H1,None,2
Q5TD97,FHL5,coTF,2
Q5TEA3,DNAAF9,None,2
Q5TEC3,ZNF697,DbTF,5
Q5TF21,SOGA3,None,2
Q5TGJ6,HDGFL1,coTF,2
Q5TGS1,HES3,Both,4
Q5TGY3,AHDC1,None,2
Q5THR3,EFCAB6,None,2
Q5TKA1,LIN9,None,2
Q5TYW1,ZNF658,DbTF,6
Q5TYX0,PRAMEF5,None,1
Q5TZA2,CROCC,None,2
Q5U623,ATF7IP2,None,2
Q5VIY5,ZNF468,DbTF,5
Q5VT98,PRAMEF20,None,1
Q5VTA0,PRAMEF17,None,1
Q5VTD9,GFI1B,Both,5
Q5VTR2,RNF20,coTF,2
Q5VUA4,ZNF318,None,2
Q5VUG0,SFMBT2,coTF,2
Q5VV16,FOXD4L5,DbTF,4
Q5VV52,ZNF691,DbTF,4
Q5VV67,PPRC1,coTF,2
Q5VVH5,IRAK1BP1,None,2
Q5VVJ2,MYSM1,coTF,2
Q5VVQ6,YOD1,None,2
Q5VWG9,TAF3,coTF,2
Q5VWI1,TCERG1L,coTF,2
Q5VWM3,PRAMEF18,None,1
Q5VWM4,PRAMEF8,None,1
Q5VWM5,"PRAMEF15,PRAMEF9",None,1
Q5VWM6,PRAMEF13,None,1
Q5VWP3,MLIP,None,2
Q5VWQ8,DAB2IP,None,2
Q5VWX1,KHDRBS2,None,2
Q5VXH4,PRAMEF6,None,1
Q5VXH5,PRAMEF7,None,1
Q5VY09,IER5,None,2
Q5VYV0,FOXB2,DbTF,4
Q5VZB9,DMRTA1,DbTF,5
Q5VZF2,MBNL2,None,2
Q5VZL5,ZMYM4,None,2
Q5W0B1,OBI1,coTF,2
Q5XKL5,BTBD8,None,2
Q5XKR4,OTP,DbTF,7
Q63HK3,ZKSCAN2,DbTF,5
Q63HK5,TSHZ3,Both,4
Q658N3,DKFZp666G145,None,2
Q659A1,ICE2,None,2
Q659C4,LARP1B,None,2
Q66K41,ZNF385C,None,2
Q66K89,E4F1,DbTF,4
Q68CJ9,CREB3L3,DbTF,4
Q68CP9,ARID2,None,2
Q68D60,DKFZp686N2325,None,2
Q68DB7,DKFZp781O1323,None,4
Q68DE3,USF3,DbTF,2
Q68DI1,ZNF776,DbTF,5
Q68DK2,ZFYVE26,None,2
Q68DY1,ZNF626,DbTF,8
Q68DY9,ZNF772,DbTF,5
Q68EA5,ZNF57,DbTF,4
Q68G74,LHX8,DbTF,4
Q69YI7,"NAIF1",None,2
Q6AHZ1,ZNF518A,Both,4
Q6AI39,BICRAL,None,2
Q6AW86,ZNF324B,DbTF,5
Q6AZW8,ZNF660,DbTF,4
Q6AZZ1,TRIM68,coTF,2
Q6B0B8,TIGD3,None,2
Q6B0I6,KDM4D,None,2
Q6BEB4,SP5,DbTF,5
Q6DD87,ZNF787,DbTF,5
Q6DJT9,PLAG1,DbTF,4
Q6ECI4,ZNF470,DbTF,4
Q6EKJ0,GTF2IRD2B,DbTF,2
Q6EMB2,TTLL5,None,2
Q6FHJ7,SFRP4,None,2
Q6FIF0,ZFAND6,None,2
Q6GMV2,SMYD5,None,2
Q6GYQ0,RALGAPA1,None,2
Q6IA17,SIGIRR,None,2
Q6IA86,ELP2,None,2
Q6IAN0,DHRS7B,None,2
Q6ICG8,WBP2NL,None,2
Q6IE81,JADE1,None,2
Q6IQ21,ZNF770,DbTF,6
Q6IQ32,ADNP2,DbTF,4
Q6ISB3,GRHL2,DbTF,4
Q6IV72,ZNF425,DbTF,7
Q6K0P9,PYHIN1,None,2
Q6KC79,NIPBL,coTF,2
Q6L8H4,KRTAP5-1,None,2
Q6LBK7,c-myc,None,2
Q6LD48,Stat2,None,2
Q6MZP7,LIN54,None,2
Q6MZZ4,DKFZp686H0575,None,2
Q6N021,TET2,None,2
Q6N043,ZNF280D,DbTF,8
Q6N069,"NAA16",None,2
Q6NS38,ALKBH2,None,2
Q6NSI8,KIAA1841,None,2
Q6NSW7,"NANOGP8",DbTF,4
Q6NSZ9,ZSCAN25,DbTF,5
Q6NT04,TIGD7,None,2
Q6NT76,HMBOX1,None,4
Q6NUN9,ZNF746,DbTF,4
Q6NX45,ZNF774,DbTF,5
Q6NX49,ZNF544,DbTF,6
Q6NYC1,JMJD6,None,2
Q6NZI2,CAVIN1,None,2
Q6P0N0,MIS18BP1,None,2
Q6P158,DHX57,None,2
Q6P1J9,CDC73,None,2
Q6P1K2,PMF1,None,2
Q6P1K8,"GTF2H2C,GTF2H2C_2",None,2
Q6P1L6,ZNF343,DbTF,7
Q6P1N0,CC2D1A,DbTF,4
Q6P1S2,C3orf33,None,2
Q6P1X5,TAF2,coTF,2
Q6P280,ZNF529,DbTF,7
Q6P2C8,MED27,None,2
Q6P2D0,ZFP1,DbTF,5
Q6P3V2,ZNF585A,DbTF,6
Q6P4R8,NFRKB,None,2
Q6P995,FAM171B,None,2
Q6P9A1,ZNF530,DbTF,5
Q6P9A3,ZNF549,DbTF,5
Q6P9F0,CCDC62,None,2
Q6P9F5,TRIM40,None,2
Q6P9G9,ZNF449,DbTF,5
Q6PCT2,FBXL19,coTF,2
Q6PD62,CTR9,None,2
Q6PDB4,ZNF880,DbTF,5
Q6PEW1,ZCCHC12,None,2
Q6PF04,ZNF613,DbTF,4
Q6PG37,ZNF790,DbTF,5
Q6PI77,BHLHB9,None,2
Q6PI98,INO80C,None,2
Q6PIL6,KCNIP4,None,2
Q6PIV2,FOXR1,DbTF,4
Q6PJG2,MIDEAS,None,2
Q6PJQ5,FOXR2,DbTF,4
Q6PJT7,ZC3H14,None,2
Q6PK81,ZNF773,DbTF,5
Q6PKG0,LARP1,None,2
Q6PL18,ATAD2,coTF,2
Q6PML9,SLC30A9,coTF,2
Q6QHK4,FIGLA,Both,4
Q6R2W3,ZBED9,None,2
Q6RI45,BRWD3,None,2
Q6RSH7,VHLL,None,2
Q6S9Z5,ZNF474,None,2
Q6SA08,TSSK4,None,2
Q6SJ96,TBPL2,None,2
Q6STE5,SMARCD3,coTF,2
Q6U7Q0,ZNF322,DbTF,4
Q6U841,SLC4A10,None,2
Q6UUV7,CRTC3,None,2
Q6UUV9,CRTC1,None,2
Q6UW60,PCSK4,None,2
Q6UWU4,C6orf89,None,2
Q6UXV1,IZUMO2,None,2
Q6V9R5,ZNF562,DbTF,8
Q6VB84,FOXD4L3,DbTF,4
Q6VMQ6,ATF7IP,None,2
Q6VUC0,TFAP2E,DbTF,4
Q6W2J9,BCOR,coTF,2
Q6WCQ1,MPRIP,None,2
Q6XD76,ASCL4,DbTF,4
Q6XYB7,LBX2,DbTF,4
Q6ZMG9,CERS6,None,2
Q6ZMI0,PPP1R21,None,2
Q6ZMS4,ZNF852,DbTF,5
Q6ZMS7,ZNF783,DbTF,4
Q6ZMT4,KDM7A,coTF,2
Q6ZMU5,TRIM72,None,2
Q6ZMV8,ZNF730,DbTF,8
Q6ZMW2,ZNF782,DbTF,6
Q6ZMY9,ZNF517,DbTF,4
Q6ZN01,MAMSTR,coTF,2
Q6ZN06,ZNF813,DbTF,5
Q6ZN08,ZNF66,DbTF,8
Q6ZN11,ZNF793,DbTF,5
Q6ZN17,LIN28B,None,2
Q6ZN18,AEBP2,coTF,4
Q6ZN19,ZNF841,DbTF,6
Q6ZN28,MACC1,None,2
Q6ZN30,BNC2,None,2
Q6ZN32,ETV3L,DbTF,4
Q6ZN55,ZNF574,DbTF,6
Q6ZN57,ZFP2,DbTF,5
Q6ZN79,ZNF705A,DbTF,7
Q6ZNA1,ZNF836,DbTF,6
Q6ZNA4,RNF111,coTF,2
Q6ZNB6,NFXL1,DbTF,4
Q6ZNC4,ZNF704,DbTF,4
Q6ZNG0,ZNF620,DbTF,7
Q6ZNG1,ZNF600,DbTF,6
Q6ZNG2,DBX2,DbTF,4
Q6ZNG9,KRBA2,None,2
Q6ZNH5,ZNF497,DbTF,4
Q6ZQN5,FOXI2,DbTF,4
Q6ZQV5,ZNF788P,None,2
Q6ZR52,ZNF493,DbTF,6
Q6ZRS2,SRCAP,coTF,2
Q6ZS27,ZNF662,DbTF,4
Q6ZSB9,ZBTB49,Both,4
Q6ZSS3,ZNF621,DbTF,5
Q6ZSZ6,TSHZ1,DbTF,4
Q6ZTZ1,MSANTD1,None,2
Q6ZU67,BEND4,None,2
Q6ZV50,RFX8,DbTF,4
Q6ZVD7,STOX1,DbTF,2
Q6ZW49,PAXIP1,None,2
Q6ZXV5,TMTC3,None,2
Q6ZYL4,GTF2H5,None,2
Q70CQ2,USP34,None,2
Q70SY1,CREB3L2,DbTF,4
Q70YC5,ZNF365,None,2
Q70Z35,PREX2,None,2
Q719H9,KCTD1,coTF,2
Q71F23,CENPU,None,2
Q71F56,MED13L,coTF,2
Q71RC2,LARP4,None,2
Q71SY5,MED25,coTF,2
Q71UI9,H2AZ2,None,2
Q75N03,CBLL1,None,2
Q76I76,SSH2,None,2
Q76KX8,ZNF534,DbTF,5
Q7KZ85,SUPT6H,coTF,2
Q7KZF4,SND1,coTF,2
Q7L190,DPPA4,coTF,2
Q7L2R6,ZNF765,DbTF,5
Q7L3S4,ZNF771,DbTF,5
Q7L775,EPM2AIP1,None,2
Q7L945,ZNF627,DbTF,4
Q7LBC6,KDM3B,coTF,2
Q7LC44,ARC,None,2
Q7LFL8,CXXC5,coTF,2
Q7RTR2,NLRC3,None,2
Q7RTS1,BHLHA15,DbTF,4
Q7RTS3,PTF1A,Both,4
Q7RTS5,OTOP3,None,2
Q7RTT5,SSX7,None,2
Q7RTU0,TCF24,DbTF,4
Q7RTU1,TCF23,DbTF,4
Q7RTU3,OLIG3,DbTF,4
Q7RTU4,BHLHA9,DbTF,4
Q7RTU5,ASCL5,DbTF,4
Q7RTU7,SCX,DbTF,4
Q7RTV0,PHF5A,None,2
Q7RTV3,ZNF367,DbTF,4
Q7Z2E3,APTX,coTF,2
Q7Z2F6,ZNF720,None,2
Q7Z2T5,TRMT1L,None,2
Q7Z2W4,ZC3HAV1,None,2
Q7Z2X4,PID1,None,2
Q7Z2Y5,NRK,None,2
Q7Z333,SETX,None,2
Q7Z340,ZNF551,DbTF,5
Q7Z353,HDX,DbTF,4
Q7Z398,ZNF550,DbTF,7
Q7Z3A3,DKFZp686M216,None,2
Q7Z3E1,TIPARP,None,2
Q7Z3F1,GPR155,None,2
Q7Z3H0,ANKRD33,None,2
Q7Z3I7,ZNF572,DbTF,4
Q7Z3K3,POGZ,None,2
Q7Z3K6,MIER3,coTF,2
Q7Z3V5,ZNF571,DbTF,5
Q7Z401,DENND4A,None,2
Q7Z417,NUFIP2,None,2
Q7Z434,MAVS,None,2
Q7Z4G1,COMMD6,None,2
Q7Z4L5,TTC21B,None,2
Q7Z4V0,ZNF438,DbTF,4
Q7Z4V5,HDGFL2,coTF,2
Q7Z570,ZNF804A,None,2
Q7Z589,EMSY,coTF,2
Q7Z591,AKNA,None,2
Q7Z5D8,"NANOGNB",DbTF,4
Q7Z5J4,RAI1,None,2
Q7Z5J8,ANKAR,None,2
Q7Z5L9,IRF2BP2,None,2
Q7Z5Q5,POLN,None,2
Q7Z6K1,THAP5,None,2
Q7Z6M4,MTERF4,None,2
Q7Z6R9,TFAP2D,DbTF,4
Q7Z7C8,TAF8,None,2
Q7Z7J5,DPPA2,coTF,2
Q7Z7K2,ZNF467,DbTF,5
Q7Z7L9,ZSCAN2,DbTF,4
Q7Z7M0,MEGF8,None,2
Q86SE8,NPM2,coTF,2
Q86SE9,PCGF5,None,2
Q86SH2,ZAR1,None,2
Q86SQ6,ADGRA1,None,2
Q86T24,ZBTB33,DbTF,4
Q86T29,ZNF605,DbTF,5
Q86TJ2,TADA2B,coTF,2
Q86TJ5,ZNF554,DbTF,7
Q86TU7,SETD3,None,2
Q86U42,PABPN1,coTF,2
Q86U44,METTL3,None,2
Q86U70,LDB1,coTF,2
Q86U86,PBRM1,coTF,2
Q86UD4,ZNF329,DbTF,4
Q86UE3,ZNF546,DbTF,5
Q86UE4,MTDH,coTF,2
Q86UK7,ZNF598,None,2
Q86UP3,ZFHX4,DbTF,4
Q86UP8,GTF2IRD2,DbTF,2
Q86UQ0,ZNF589,DbTF,7
Q86UQ8,NFE4,coTF,2
Q86UU0,BCL9L,None,2
Q86UW9,DTX2,None,2
Q86UZ6,ZBTB46,DbTF,4
Q86V15,CASZ1,DbTF,2
Q86V71,ZNF429,DbTF,5
Q86V81,ALYREF,None,2
Q86VE0,MYPOP,DbTF,4
Q86VK4,ZNF410,coTF,2
Q86VM9,ZC3H18,None,2
Q86VN1,VPS36,None,2
Q86VP1,TAX1BP1,None,2
Q86VP3,PACS2,None,2
Q86VP6,CAND1,None,2
Q86VX2,COMMD7,None,2
Q86VZ6,JAZF1,None,2
Q86W11,ZSCAN30,DbTF,5
Q86WI1,PKHD1L1,None,2
Q86WI3,NLRC5,None,2
Q86WJ1,CHD1L,None,2
Q86WP2,GPBP1,None,2
Q86WT6,TRIM69,None,2
Q86WV1,SKAP1,None,2
Q86WZ6,ZNF227,DbTF,6
Q86X02,CDR2L,None,2
Q86X29,LSR,None,2
Q86X55,CARM1,coTF,2
Q86X95,CIR1,coTF,2
Q86XF7,ZNF575,DbTF,5
Q86XK3,SFR1,None,2
Q86XN6,ZNF761,DbTF,5
Q86XT4,TRIM50,None,2
Q86XU0,ZNF677,DbTF,5
Q86Y01,DTX1,None,2
Q86Y25,ZNF354C,DbTF,4
Q86Y34,ADGRG3,None,2
Q86Y97,KMT5C,coTF,2
Q86YD1,PTOV1,None,2
Q86YE8,ZNF573,DbTF,5
Q86YF9,DZIP1,None,2
Q86YH2,ZNF280B,DbTF,8
Q86YN6,PPARGC1B,coTF,2
Q86YP4,GATAD2A,None,2
Q86YS3,RAB11FIP4,None,2
Q86YW9,MED12L,coTF,2
Q86Z02,HIPK1,None,2
Q8HWS3,RFX6,DbTF,4
Q8IU81,IRF2BP1,coTF,2
Q8IU85,CAMK1D,None,2
Q8IU89,CERS3,None,2
Q8IUC6,TICAM1,None,2
Q8IUD2,ERC1,None,2
Q8IUD6,RNF135,None,2
Q8IUE0,TGIF2LY,DbTF,4
Q8IUE1,TGIF2LX,DbTF,4
Q8IUF8,RIOX2,None,2
Q8IUM7,NPAS4,DbTF,4
Q8IUQ4,SIAH1,None,2
Q8IUR6,CREBRF,DbTF,4
Q8IUX7,AEBP1,DbTF,2
Q8IV32,CCDC71,None,2
Q8IV76,PASD1,None,2
Q8IVC4,ZNF584,DbTF,5
Q8IVH2,FOXP4,DbTF,4
Q8IVP9,ZNF547,DbTF,5
Q8IVW6,ARID3B,None,2
Q8IW36,ZNF695,DbTF,8
Q8IWA0,WDR75,None,2
Q8IWF9,CCDC83,None,2
Q8IWI9,MGA,DbTF,4
Q8IWR0,ZC3H7A,None,2
Q8IWS0,PHF6,coTF,2
Q8IWV8,UBR2,None,2
Q8IWY8,ZSCAN29,DbTF,5
Q8IWZ4,TRIM48,None,2
Q8IWZ6,BBS7,None,2
Q8IX03,WWC1,None,2
Q8IX07,ZFPM1,coTF,2
Q8IX12,CCAR1,None,2
Q8IX15,HOMEZ,DbTF,4
Q8IXF0,NPAS3,DbTF,4
Q8IXH7,NELFCD,None,2
Q8IXJ6,SIRT2,coTF,2
Q8IXJ9,ASXL1,coTF,2
Q8IXM2,BAP18,coTF,2
Q8IXQ6,PARP9,coTF,2
Q8IXT2,DMRTC2,DbTF,5
Q8IXW5,RPAP2,None,2
Q8IXZ2,ZC3H3,None,2
Q8IXZ3,SP8,DbTF,5
Q8IY51,TIGD4,None,2
Q8IY57,YAF2,coTF,2
Q8IYA7,MKX,DbTF,4
Q8IYB9,ZNF595,DbTF,5
Q8IYH5,ZZZ3,None,2
Q8IYI8,ZNF440,DbTF,7
Q8IYM9,TRIM22,None,2
Q8IYN0,ZNF100,DbTF,8
Q8IYN2,TCEAL8,None,2
Q8IYW5,RNF168,coTF,2
Q8IYX0,ZNF679,DbTF,8
Q8IYX4,DND1,None,2
Q8IYY4,DZIP1L,None,2
Q8IZ13,ZBED8,None,2
Q8IZ20,ZNF683,DbTF,4
Q8IZ26,ZNF34,DbTF,4
Q8IZ40,RCOR2,None,2
Q8IZA3,H1-8,None,2
Q8IZC7,ZNF101,DbTF,4
Q8IZD2,KMT2E,None,2
Q8IZL2,MAML2,None,2
Q8IZL8,PELP1,coTF,2
Q8IZM8,ZNF654,DbTF,4
Q8IZP6,RNF113B,None,2
Q8IZQ8,MYOCD,coTF,2
Q8IZX4,TAF1L,coTF,2
Q8N0Y2,ZNF444,DbTF,5
Q8N0Z2,ABRA,None,2
Q8N100,ATOH7,DbTF,4
Q8N108,MIER1,coTF,2
Q8N122,RPTOR,None,2
Q8N123,CPXCR1,None,2
Q8N140,EID3,None,2
Q8N141,ZFP82,DbTF,5
Q8N143,BCL6B,DbTF,4
Q8N163,CCAR2,None,2
Q8N184,ZNF567,DbTF,4
Q8N187,CARF,DbTF,4
Q8N196,SIX5,DbTF,4
Q8N1B3,CCNQ,None,2
Q8N1G0,ZNF687,DbTF,2
Q8N1G1,REXO1,None,2
Q8N1H7,SIX6OS1,None,2
Q8N1L9,BATF2,DbTF,4
Q8N1W2,ZNF710,DbTF,4
Q8N228,SCML4,coTF,2
Q8N2C3,DEPDC4,None,2
Q8N2I2,ZNF619,DbTF,7
Q8N2R0,OSR2,DbTF,7
Q8N2W9,PIAS4,coTF,2
Q8N2Z9,CENPS,coTF,2
Q8N344,MIER2,coTF,2
Q8N371,KDM8,coTF,2
Q8N393,ZNF786,DbTF,6
Q8N3C0,ASCC3,None,2
Q8N3F8,MICALL1,None,2
Q8N3J9,ZNF664,DbTF,8
Q8N3S3,PHTF2,None,2
Q8N3X6,LCORL,coTF,2
Q8N3Y7,SDR16C5,coTF,2
Q8N446,ZNF843,None,2
Q8N488,RYBP,coTF,2
Q8N4C8,MINK1,None,2
Q8N4N3,KLHL36,None,2
Q8N4W9,ZNF808,DbTF,6
Q8N554,ZNF276,None,2
Q8N587,ZNF561,DbTF,5
Q8N594,MPND,coTF,2
Q8N5A5,ZGPAT,DbTF,4
Q8N5B7,CERS5,None,2
Q8N5C8,TAB3,None,2
Q8N5D0,WDTC1,coTF,2
Q8N5F7,NKAP,coTF,2
Q8N5J4,SPIC,DbTF,4
Q8N5P1,ZC3H8,DbTF,2
Q8N5U6,RNF10,None,2
Q8N5Y2,MSL3,None,2
Q8N653,LZTR1,None,2
Q8N668,COMMD1,None,2
Q8N680,ZBTB2,DbTF,4
Q8N693,ESX1,DbTF,7
Q8N6I1,EID2,coTF,2
Q8N6T7,SIRT6,coTF,2
Q8N720,ZNF655,DbTF,5
Q8N782,ZNF525,DbTF,5
Q8N7E2,CBLL2,None,2
Q8N7G0,POU5F2,DbTF,4
Q8N7H5,PAF1,coTF,2
Q8N7K0,ZNF433,DbTF,4
Q8N7M2,ZNF283,DbTF,5
Q8N7Q3,ZNF676,DbTF,8
Q8N7U7,TPRX1,DbTF,4
Q8N823,ZNF611,DbTF,5
Q8N859,ZNF713,DbTF,8
Q8N883,ZNF614,DbTF,7
Q8N884,CGAS,coTF,2
Q8N895,ZNF366,DbTF,4
Q8N8C0,ZNF781,DbTF,2
Q8N8D1,PDCD7,None,2
Q8N8E2,ZNF513,None,2
Q8N8G2,VGLL2,None,2
Q8N8H1,ZNF321P,None,2
Q8N8J6,ZNF615,DbTF,6
Q8N8K9,KIAA1958,None,2
Q8N8L2,ZNF491,DbTF,7
Q8N8U2,CDYL2,None,2
Q8N8Y5,ZFP41,DbTF,4
Q8N8Z8,ZNF441,DbTF,4
Q8N972,ZNF709,DbTF,4
Q8N988,ZNF557,DbTF,7
Q8N9B5,JMY,None,2
Q8N9F8,ZNF454,DbTF,5
Q8N9K5,ZNF565,DbTF,5
Q8N9L1,ZIC4,DbTF,5
Q8N9N2,ASCC1,None,2
Q8N9N5,BANP,coTF,2
Q8N9R8,SCAI,None,2
Q8N9Z0,ZNF610,DbTF,5
Q8NA19,L3MBTL4,coTF,2
Q8NA31,TERB1,None,2
Q8NA42,ZNF383,DbTF,4
Q8NA92,THAP8,None,2
Q8NAF0,ZNF579,DbTF,2
Q8NAM6,ZSCAN4,DbTF,5
Q8NAP3,ZBTB38,DbTF,8
Q8NAP8,ZBTB8B,DbTF,4
Q8NB12,SMYD1,None,2
Q8NB15,ZNF511,DbTF,4
Q8NB42,ZNF527,DbTF,5
Q8NB50,ZFP62,DbTF,6
Q8NB78,KDM1B,coTF,2
Q8NBB4,ZSCAN1,DbTF,5
Q8NBF1,GLIS1,DbTF,5
Q8NBZ0,INO80E,None,2
Q8NC24,RELL2,None,2
Q8NC26,ZNF114,DbTF,8
Q8NCA9,ZNF784,DbTF,6
Q8NCF5,NFATC2IP,None,2
Q8NCK3,ZNF485,DbTF,6
Q8NCN2,ZBTB34,DbTF,4
Q8NCP5,ZBTB44,None,2
Q8NCY6,MSANTD4,None,2
Q8ND25,ZNRF1,None,2
Q8ND82,ZNF280C,DbTF,8
Q8NDN9,RCBTB1,coTF,2
Q8NDP4,ZNF439,DbTF,7
Q8NDQ6,ZNF540,DbTF,4
Q8NDT2,RBM15B,None,2
Q8NDV7,TNRC6A,None,2
Q8NDW4,ZNF248,DbTF,7
Q8NDX6,ZNF740,DbTF,4
Q8NDY6,BHLHE23,DbTF,4
Q8NE65,ZNF738,None,2
Q8NEA6,GLIS3,DbTF,5
Q8NEF9,SRFBP1,None,2
Q8NEK5,ZNF548,DbTF,5
Q8NEM0,MCPH1,None,2
Q8NEM1,ZNF680,DbTF,8
Q8NEM7,SUPT20H,coTF,2
Q8NEP9,ZNF555,DbTF,7
Q8NET5,NFAM1,None,2
Q8NEY8,PPHLN1,None,2
Q8NEZ4,KMT2C,coTF,2
Q8NF22,FLJ00380,None,2
Q8NF64,ZMIZ2,None,2
Q8NF99,ZNF397,DbTF,5
Q8NFC6,BOD1L1,None,2
Q8NFD5,ARID1B,None,2
Q8NFH5,NUP35,None,2
Q8NFJ8,BHLHE22,DbTF,4
Q8NFU7,TET1,coTF,2
Q8NFW5,DMBX1,DbTF,4
Q8NFZ5,TNIP2,None,2
Q8NG04,SLC26A10,None,2
Q8NHM5,KDM2B,coTF,4
Q8NHV9,RHOXF1,DbTF,4
Q8NHW3,MAFA,DbTF,4
Q8NHY6,ZFP28,DbTF,5
Q8NHZ7,MBD3L2,None,2
Q8NI08,NCOA7,None,2
Q8NI17,IL31RA,None,2
Q8NI38,NFKBID,None,2
Q8NI51,CTCFL,Both,4
Q8TA94,ZNF563,DbTF,4
Q8TAD8,SNIP1,None,2
Q8TAF7,ZNF461,DbTF,5
Q8TAI7,RHEBL1,None,2
Q8TAK5,GABPB2,None,2
Q8TAK6,OLIG1,DbTF,4
Q8TAP4,LMO3,None,2
Q8TAQ2,SMARCC2,coTF,2
Q8TAQ5,ZNF420,DbTF,4
Q8TAU0,NKX2-3,DbTF,4
Q8TAU3,ZNF417,DbTF,5
Q8TAW3,ZNF671,DbTF,4
Q8TAX0,OSR1,DbTF,7
Q8TB24,RIN3,None,2
Q8TB45,DEPTOR,None,2
Q8TB69,ZNF519,DbTF,8
Q8TBB0,THAP6,None,2
Q8TBC4,UBA3,None,2
Q8TBC5,ZSCAN18,DbTF,5
Q8TBE0,BAHD1,coTF,2
Q8TBJ5,FEZF2,Both,6
Q8TBK2,SETD6,None,2
Q8TBZ5,ZNF502,DbTF,8
Q8TBZ8,ZNF564,DbTF,4
Q8TC21,ZNF596,DbTF,7
Q8TC84,FANK1,None,2
Q8TCN5,ZNF507,None,2
Q8TCP9,FAM200A,None,2
Q8TCU6,PREX1,None,2
Q8TD17,ZNF398,DbTF,7
Q8TD23,ZNF675,DbTF,4
Q8TD26,CHD6,coTF,2
Q8TD94,KLF14,Both,5
Q8TDD1,DDX54,None,2
Q8TDD2,SP7,DbTF,6
Q8TDI0,CHD5,None,2
Q8TDQ0,HAVCR2,None,2
Q8TDR4,TCP10L,None,2
Q8TDY2,RB1CC1,None,2
Q8TE12,LMX1A,DbTF,4
Q8TE56,ADAMTS17,None,2
Q8TE59,ADAMTS19,None,2
Q8TE77,SSH3,None,2
Q8TE85,GRHL3,DbTF,4
Q8TEK3,DOT1L,coTF,2
Q8TEY5,CREB3L4,DbTF,4
Q8TF20,ZNF721,DbTF,6
Q8TF32,ZNF431,Both,8
Q8TF39,ZNF483,DbTF,5
Q8TF45,ZNF418,DbTF,5
Q8TF47,ZFP90,DbTF,7
Q8TF50,ZNF526,DbTF,5
Q8TF61,FBXO41,None,2
Q8TF68,ZNF384,DbTF,6
Q8WTR7,ZNF473,DbTF,6
Q8WTS6,SETD7,coTF,2
Q8WTT2,NOC3L,coTF,2
Q8WTV1,THAP3,None,2
Q8WTX9,ZDHHC1,None,2
Q8WU68,U2AF1L4,None,2
Q8WU90,ZC3H15,None,2
Q8WUA4,GTF3C2,None,2
Q8WUB8,PHF10,coTF,2
Q8WUF5,PPP1R13L,coTF,2
Q8WUH1,CHURC1,None,2
Q8WUI4,HDAC7,None,2
Q8WUM0,NUP133,None,2
Q8WUQ7,CACTIN,None,2
Q8WUU4,ZNF296,Both,4
Q8WUU5,GATAD1,coTF,2
Q8WUY9,DEPDC1B,None,2
Q8WV37,ZNF480,DbTF,4
Q8WV44,TRIM41,None,2
Q8WVC0,LEO1,None,2
Q8WVD3,RNF138,None,2
Q8WVD5,RNF141,None,2
Q8WVJ9,TWIST2,DbTF,4
Q8WVL7,ANKRD49,None,2
Q8WVM0,TFB1M,None,2
Q8WVM7,STAG1,coTF,2
Q8WVV9,HNRNPLL,None,2
Q8WVZ1,ZDHHC19,None,2
Q8WVZ9,KBTBD7,None,2
Q8WW32,HMGB4,None,2
Q8WW38,ZFPM2,coTF,2
Q8WWB3,DYDC1,None,2
Q8WWB7,GLMP,None,2
Q8WWI1,LMO7,None,2
Q8WWQ0,PHIP,None,2
Q8WWY6,MBD3L1,None,2
Q8WX92,NELFB,None,2
Q8WXB4,ZNF606,DbTF,6
Q8WXC3,PYDC1,None,2
Q8WXF1,PSPC1,None,2
Q8WXI9,GATAD2B,None,2
Q8WXS4,TMEM37,None,2
Q8WXT5,FOXD4L4,DbTF,4
Q8WXX7,AUTS2,coTF,2
Q8WY36,BBX,DbTF,4
Q8WY91,THAP4,None,2
Q8WYA1,ARNTL2,DbTF,4
Q8WYB5,KAT6B,coTF,2
Q8WYH8,ING5,coTF,2
Q8WYK2,JDP2,Both,4
Q8WYL5,SSH1,None,2
Q8WYN3,CSRNP3,DbTF,4
Q8WYP5,AHCTF1,None,2
Q8WYR3,MITF-C,None,2
Q8WZ60,KLHL6,None,2
Q8WZA2,RAPGEF4,None,2
Q92466,DDB2,None,2
Q92481,TFAP2B,Both,4
Q92499,DDX1,coTF,2
Q92522,H1-10,None,2
Q92539,LPIN2,None,2
Q92541,RTF1,None,2
Q92565,RAPGEF5,None,2
Q92570,NR4A3,DbTF,4
Q92585,MAML1,None,2
Q92598,HSPH1,None,2
Q92600,CNOT9,None,2
Q92610,ZNF592,DbTF,2
Q92613,JADE3,None,2
Q92615,LARP4B,None,2
Q92618,ZNF516,DbTF,8
Q92664,GTF3A,None,2
Q92688,ANP32B,coTF,2
Q92731,ESR2,DbTF,4
Q92748,THRSP,None,2
Q92750,TAF4B,None,2
Q92753,RORB,Both,4
Q92754,TFAP2C,DbTF,4
Q92759,GTF2H4,None,2
Q92766,RREB1,DbTF,6
Q92769,HDAC2,coTF,2
Q92782,DPF1,coTF,2
Q92784,DPF3,coTF,2
Q92785,DPF2,coTF,2
Q92786,PROX1,DbTF,4
Q92793,CREBBP,coTF,2
Q92794,KAT6A,coTF,2
Q92800,EZH1,coTF,2
Q92802,N4BP2L2,None,2
Q92804,TAF15,coTF,2
Q92826,HOXB13,DbTF,4
Q92830,KAT2A,coTF,2
Q92831,KAT2B,coTF,2
Q92833,JARID2,coTF,2
Q92838,EDA,None,2
Q92841,DDX17,None,2
Q92858,ATOH1,DbTF,4
Q92886,NEUROG1,Both,4
Q92889,ERCC4,None,2
Q92905,COPS5,None,2
Q92908,GATA6,Both,4
Q92922,SMARCC1,coTF,2
Q92925,SMARCD2,None,2
Q92945,KHSRP,None,2
Q92949,FOXJ1,DbTF,4
Q92966,SNAPC3,None,2
Q92974,ARHGEF2,coTF,2
Q92985,IRF7,DbTF,4
Q92988,DLX4,DbTF,4
Q92993,KAT5,coTF,2
Q92994,BRF1,None,2
Q92997,DVL3,None,2
Q93009,USP7,coTF,2
Q93034,CUL5,None,2
Q93052,LPP,None,2
Q93062,RBPMS,None,2
Q93074,MED12,coTF,2
Q93098,WNT8B,None,2
Q969E4,TCEAL3,None,2
Q969G2,LHX4,DbTF,4
Q969G3,SMARCE1,coTF,2
Q969H0,FBXW7,None,2
Q969J2,ZKSCAN4,DbTF,4
Q969P6,TOP1MT,None,2
Q969R5,L3MBTL2,coTF,2
Q969S3,ZNF622,None,2
Q969S8,HDAC10,coTF,2
Q969T9,WBP2,None,2
Q969V6,MRTFA,None,2
Q969W8,ZNF566,DbTF,7
Q969X6,UTP4,None,2
Q96A37,RNF166,None,2
Q96A47,ISL2,DbTF,4
Q96A56,TP53INP1,None,2
Q96A61,TRIM52,None,2
Q96AE4,FUBP1,None,2
Q96AH8,RAB7B,None,2
Q96AP4,ZUP1,None,2
Q96AQ6,PBXIP1,None,2
Q96AV8,E2F7,DbTF,4
Q96AY2,EME1,None,2
Q96B54,ZNF428,None,2
Q96B70,LENG9,None,2
Q96BA8,CREB3L1,Both,4
Q96BD5,PHF21A,coTF,2
Q96BF6,"NACC2",Both,4
Q96BH1,RNF25,None,2
Q96BN2,TADA1,None,2
Q96BN8,OTULIN,None,2
Q96BR1,SGK3,None,2
Q96BR6,ZNF669,DbTF,7
Q96BR9,ZBTB8A,DbTF,4
Q96BS2,TESC,None,2
Q96BT3,CENPT,None,2
Q96BV0,ZNF775,DbTF,5
Q96C00,ZBTB9,DbTF,4
Q96C28,ZNF707,DbTF,4
Q96C55,ZNF524,DbTF,4
Q96CJ1,EAF2,None,2
Q96CK0,ZNF653,coTF,2
Q96CS4,ZNF689,DbTF,5
Q96CT7,CCDC124,None,2
Q96CV9,OPTN,None,2
Q96CX3,ZNF501,DbTF,4
Q96D98,EID2B,None,2
Q96DB2,HDAC11,coTF,2
Q96DN6,MBD6,coTF,2
Q96DT0,LGALS12,None,2
Q96DT7,ZBTB10,DbTF,2
Q96E11,MRRF,None,2
Q96E29,MTERF3,None,2
Q96E39,RBMXL1,None,2
Q96EB1,ELP4,None,2
Q96EB6,SIRT1,coTF,2
Q96ED9,HOOK2,None,2
Q96EG3,ZNF837,DbTF,5
Q96EI5,TCEAL4,None,2
Q96EK2,PHF21B,None,2
Q96EK4,THAP11,DbTF,4
Q96EP0,RNF31,None,2
Q96EQ8,RNF125,coTF,2
Q96ES7,SGF29,None,2
Q96EY1,DNAJA3,coTF,2
Q96EZ8,MCRS1,None,2
Q96F24,NRBF2,None,2
Q96F44,TRIM11,coTF,2
Q96F45,ZNF503,None,2
Q96FA3,PELI1,None,2
Q96FA7,ZBED6CL,None,2
Q96FI4,NEIL1,None,2
Q96G23,CERS2,None,2
Q96G25,MED8,coTF,2
Q96G46,DUS3L,None,2
Q96GC6,ZNF274,Both,5
Q96GD3,SCMH1,coTF,2
Q96GD4,AURKB,coTF,2
Q96GE5,ZNF799,DbTF,4
Q96GM5,SMARCD1,coTF,2
Q96GM8,TOE1,None,2
Q96GN5,CDCA7L,None,2
Q96H12,MSANTD3,None,2
Q96H40,ZNF486,DbTF,8
Q96H86,ZNF764,DbTF,7
Q96HA7,TONSL,coTF,2
Q96HQ0,ZNF419,DbTF,5
Q96HR3,MED30,coTF,2
Q96HY6,DDRGK1,None,1
Q96HZ4,HES6,Both,4
Q96I24,FUBP3,None,2
Q96I25,RBM17,None,2
Q96I27,ZNF625,DbTF,4
Q96IF1,AJUBA,coTF,2
Q96IK5,GMCL1,None,2
Q96IQ9,ZNF414,DbTF,4
Q96IR2,ZNF845,DbTF,6
Q96IS3,RAX2,DbTF,4
Q96IT1,ZNF496,DbTF,5
Q96IU2,ZBED3,DbTF,4
Q96IZ0,PAWR,None,2
Q96J02,ITCH,None,2
Q96JB3,HIC2,DbTF,4
Q96JB5,CDK5RAP3,None,2
Q96JC4,ZNF479,DbTF,8
Q96JC9,EAF1,None,2
Q96JF6,ZNF594,DbTF,6
Q96JG9,ZNF469,DbTF,2
Q96JK9,MAML3,None,2
Q96JL9,ZNF333,DbTF,5
Q96JM2,ZNF462,coTF,2
Q96JM3,CHAMP1,None,2
Q96JM7,L3MBTL3,coTF,2
Q96JN0,LCOR,coTF,2
Q96JP5,ZFP91,None,4
Q96JS3,PGBD1,DbTF,5
Q96JY0,MAEL,None,2
Q96K30,RITA1,None,2
Q96K58,ZNF668,DbTF,6
Q96K62,ZBTB45,DbTF,4
Q96K75,ZNF514,DbTF,5
Q96K76,USP47,None,2
Q96K80,ZC3H10,None,2
Q96K83,ZNF521,DbTF,6
Q96KC8,DNAJC1,None,2
Q96KE9,BTBD6,None,2
Q96KG9,SCYL1,None,2
Q96KM6,ZNF512B,DbTF,2
Q96KN3,PKNOX2,DbTF,4
Q96KP1,EXOC2,None,2
Q96KQ7,EHMT2,coTF,2
Q96KR1,ZFR,None,2
Q96KS0,EGLN2,None,2
Q96L73,NSD1,coTF,2
Q96L91,EP400,coTF,2
Q96L96,ALPK3,None,2
Q96LA8,PRMT6,coTF,2
Q96LB3,IFT74,coTF,2
Q96LD4,TRIM47,None,2
Q96LI5,CNOT6L,None,2
Q96LI6,"HSFY1,HSFY2",DbTF,4
Q96LU7,MYRFL,DbTF,2
Q96LW1,ZNF354B,Both,5
Q96LW4,PRIMPOL,coTF,2
Q96LW9,ZSCAN31,DbTF,5
Q96LX7,CCDC17,None,2
Q96LX8,ZNF597,DbTF,6
Q96MA1,DMRTB1,DbTF,5
Q96ME7,ZNF512,DbTF,2
Q96MH2,HEXIM2,None,2
Q96MM3,ZFP42,DbTF,5
Q96MN9,ZNF488,None,2
Q96MR9,ZNF560,DbTF,7
Q96MU6,ZNF778,DbTF,7
Q96MW7,TIGD1,None,2
Q96MX3,ZNF48,DbTF,6
Q96N20,ZNF75A,DbTF,7
Q96N22,ZNF681,DbTF,5
Q96N38,ZNF714,DbTF,8
Q96N58,ZNF578,DbTF,5
Q96N77,ZNF641,DbTF,4
Q96N95,ZNF396,DbTF,5
Q96NB3,ZNF830,None,2
Q96NC0,ZMAT2,None,2
Q96ND8,ZNF583,DbTF,5
Q96NG5,ZNF558,DbTF,7
Q96NG8,ZNF582,DbTF,7
Q96NI8,ZNF570,DbTF,5
Q96NJ3,ZNF285,DbTF,5
Q96NJ6,ZFP3,DbTF,4
Q96NK8,NEUROD6,DbTF,4
Q96NL3,ZNF599,DbTF,7
Q96NM4,TOX2,None,2
Q96NU1,SAMD11,coTF,2
Q96NX9,DACH2,DbTF,4
Q96NY9,MUS81,None,2
Q96NZ1,FOXN4,Both,4
Q96NZ9,PRAP1,None,2
Q96P16,RPRD1A,None,2
Q96P20,NLRP3,coTF,2
Q96PE6,ZIM3,DbTF,5
Q96PK6,RBM14,None,2
Q96PM9,ZNF385A,coTF,2
Q96PN7,TRERF1,coTF,2
Q96PQ6,ZNF317,DbTF,5
Q96PQ7,KLHL5,None,2
Q96PT3,DUX5,DbTF,4
Q96PT4,DUX3,DbTF,4
Q96PU4,UHRF2,coTF,2
Q96PU5,NEDD4L,None,2
Q96PY5,FMNL2,None,2
Q96Q05,TRAPPC9,None,2
Q96QC0,PPP1R10,None,2
Q96QD5,DEPDC7,None,2
Q96QH2,PRAM1,None,2
Q96QR8,PURB,Both,4
Q96QS3,ARX,Both,4
Q96QT6,PHF12,coTF,2
Q96RE7,"NACC1",Both,4
Q96RE9,ZNF300,DbTF,4
Q96RI1,NR1H4,DbTF,4
Q96RJ6,FERD3L,DbTF,4
Q96RK0,CIC,DbTF,4
Q96RK1,CITED4,None,2
Q96RL1,UIMC1,coTF,2
Q96RN5,MED15,coTF,2
Q96RS0,TGS1,None,2
Q96RT1,ERBIN,None,2
Q96RU7,TRIB3,None,2
Q96RU8,TRIB1,coTF,2
Q96RY5,CRAMP1,coTF,2
Q96S42,NODAL,None,2
Q96S55,WRNIP1,None,2
Q96S65,CSRNP1,DbTF,4
Q96SC8,DMRTA2,DbTF,5
Q96SE7,ZNF347,DbTF,5
Q96SF7,TBX15,DbTF,4
Q96SK3,ZNF607,DbTF,5
Q96SL8,FIZ1,None,2
Q96SQ5,ZNF587,DbTF,5
Q96SQ7,ATOH8,DbTF,4
Q96SR6,ZNF382,DbTF,4
Q96ST3,SIN3A,coTF,2
Q96SZ4,ZSCAN10,DbTF,4
Q96T23,RSF1,coTF,2
Q96T25,ZIC5,DbTF,5
Q96T37,RBM15,None,2
Q96T58,SPEN,None,2
Q96T60,PNKP,None,2
Q96T68,SETDB2,None,2
Q96T76,MMS19,None,2
Q96T88,UHRF1,coTF,2
Q96T92,INSM2,DbTF,4
Q96TA1,NIBAN2,None,2
Q99081,TCF12,Both,4
Q99417,MYCBP,None,2
Q99453,PHOX2B,DbTF,4
Q99459,CDC5L,DbTF,4
Q99466,NOTCH4,None,2
Q99471,PFDN5,None,2
Q99490,AGAP2,None,2
Q99496,RNF2,coTF,2
Q99497,PARK7,coTF,2
Q99502,EYA1,None,2
Q99504,EYA3,None,2
Q99527,GPER1,coTF,2
Q99543,DNAJC2,coTF,2
Q99549,MPHOSPH8,coTF,2
Q99551,MTERF1,None,2
Q99576,TSC22D3,None,2
Q99578,RIT2,coTF,2
Q99581,FEV,DbTF,4
Q99583,MNT,Both,4
Q99592,ZBTB18,DbTF,4
Q99593,TBX5,Both,4
Q99594,TEAD3,DbTF,4
Q99598,TSNAX,None,2
Q99607,ELF4,DbTF,4
Q99608,NDN,None,2
Q99612,KLF6,DbTF,4
Q99613,EIF3C,None,2
Q99623,PHB2,None,2
Q99626,CDX2,DbTF,4
Q99653,CHP1,None,2
Q99676,ZNF184,DbTF,4
Q99684,GFI1,DbTF,4
Q99687,MEIS3,DbTF,4
Q99697,PITX2,Both,4
Q99700,ATXN2,None,2
Q99708,RBBP8,None,2
Q99717,SMAD5,DbTF,4
Q99729,HNRNPAB,None,2
Q99732,LITAF,None,6
Q99741,CDC6,None,2
Q99742,NPAS1,DbTF,4
Q99743,NPAS2,DbTF,4
Q99750,MDFI,coTF,2
Q99788,CMKLR1,None,2
Q99801,NKX3-1,Both,4
Q99811,PRRX2,DbTF,4
Q99814,EPAS1,Both,4
Q99816,TSG101,None,2
Q99828,CIB1,None,2
Q99835,SMO,None,2
Q99836,MYD88,None,2
Q99853,FOXB1,DbTF,4
Q99856,ARID3A,coTF,2
Q99873,PRMT1,coTF,2
Q99909,SSX3,None,2
Q99929,ASCL2,DbTF,4
Q99932,SPAG8,None,2
Q99933,BAG1,None,2
Q99941,ATF6B,DbTF,4
Q99958,FOXC2,DbTF,4
Q99966,CITED1,coTF,2
Q99967,CITED2,coTF,2
Q99990,VGLL1,None,2
Q99996,AKAP9,None,2
Q9BPY8,HOPX,None,2
Q9BQ15,"NABP2",None,2
Q9BQ70,TCF25,None,2
Q9BQ87,TBL1Y,None,2
Q9BQA1,WDR77,None,2
Q9BQA5,HINFP,Both,4
Q9BQG0,MYBBP1A,coTF,2
Q9BQI4,CCDC3,None,2
Q9BQI9,NRIP2,None,2
Q9BQK8,LPIN3,None,2
Q9BQW3,EBF4,DbTF,5
Q9BQY4,RHOXF2,DbTF,4
Q9BR39,JPH2,DbTF,2
Q9BR84,ZNF559,DbTF,7
Q9BRG1,VPS25,None,2
Q9BRH9,ZNF251,DbTF,5
Q9BRJ9,MESP1,DbTF,4
Q9BRP0,OVOL2,Both,5
Q9BRQ0,PYGO2,coTF,2
Q9BRR0,ZKSCAN3,Both,4
Q9BRS8,LARP6,None,2
Q9BRU2,TCEAL7,None,2
Q9BRZ2,TRIM56,None,2
Q9BS31,ZNF649,DbTF,4
Q9BS34,ZNF670,DbTF,5
Q9BSG1,ZNF2,DbTF,4
Q9BSK1,ZNF577,DbTF,5
Q9BSK4,FEM1A,None,2
Q9BSM1,PCGF1,None,2
Q9BT09,CNPY3,None,2
Q9BT40,INPP5K,None,2
Q9BT43,POLR3GL,None,2
Q9BT49,THAP7,coTF,2
Q9BT78,COPS4,None,2
Q9BT81,SOX7,DbTF,4
Q9BTA9,WAC,coTF,2
Q9BTC0,DIDO1,None,2
Q9BTC8,MTA3,coTF,2
Q9BTK6,PAGR1,None,2
Q9BTL4,IER2,None,2
Q9BTP6,ZBED2,DbTF,4
Q9BTP7,FAAP24,coTF,2
Q9BTT0,ANP32E,coTF,2
Q9BTT4,MED10,coTF,2
Q9BU19,ZNF692,DbTF,4
Q9BUE0,MED18,coTF,2
Q9BUG6,ZSCAN5A,DbTF,5
Q9BUI4,POLR3C,None,2
Q9BUJ2,HNRNPUL1,None,2
Q9BUP3,HTATIP2,None,2
Q9BUY5,ZNF426,DbTF,5
Q9BUZ4,TRAF4,None,2
Q9BV47,DUSP26,coTF,2
Q9BV97,ZNF747,None,2
Q9BVG3,TRIM62,None,2
Q9BVI0,PHF20,None,2
Q9BVI4,NOC4L,None,2
Q9BVP2,GNL3,None,2
Q9BVS4,RIOK2,None,2
Q9BW11,MXD3,DbTF,4
Q9BW27,NUP85,None,2
Q9BWE0,REPIN1,None,2
Q9BWG4,SSBP4,None,2
Q9BWM5,ZNF416,DbTF,5
Q9BWW4,SSBP3,None,2
Q9BWW7,SCRT1,DbTF,7
Q9BWX5,GATA5,DbTF,4
Q9BX63,BRIP1,coTF,2
Q9BX70,BTBD2,None,2
Q9BX82,ZNF471,DbTF,5
Q9BXA9,SALL3,DbTF,5
Q9BXB1,LGR4,None,2
Q9BXF3,CECR2,None,2
Q9BXG8,SPZ1,DbTF,2
Q9BXI2,SLC25A2,None,2
Q9BXJ9,"NAA15",None,2
Q9BXK1,KLF16,DbTF,5
Q9BXL6,CARD14,None,2
Q9BXL7,CARD11,None,2
Q9BXM7,PINK1,None,2
Q9BXP5,SRRT,None,2
Q9BXQ6,TMEM121B,None,2
Q9BXW9,FANCD2,None,2
Q9BXX3,ANKRD30A,None,2
Q9BY12,SCAPER,None,2
Q9BY31,ZNF717,DbTF,6
Q9BY41,HDAC8,coTF,2
Q9BY66,KDM5D,None,2
Q9BYE0,HES7,Both,4
Q9BYE7,PCGF6,None,2
Q9BYH8,NFKBIZ,None,2
Q9BYJ4,TRIM34,None,2
Q9BYK8,HELZ2,None,2
Q9BYM8,RBCK1,None,2
Q9BYN7,ZNF341,DbTF,8
Q9BYP9,KRTAP9-9,None,2
Q9BYU1,PBX4,DbTF,4
Q9BYV9,BACH2,DbTF,4
Q9BYW2,SETD2,None,2
Q9BZ95,NSD3,None,2
Q9BZB8,CPEB1,None,2
Q9BZE0,GLIS2,DbTF,4
Q9BZE3,BARHL1,DbTF,4
Q9BZI1,IRX2,DbTF,4
Q9BZK7,TBL1XR1,coTF,2
Q9BZL6,PRKD2,None,2
Q9BZM3,GSX2,DbTF,4
Q9BZR9,TRIM8,None,2
Q9BZS1,FOXP3,Both,4
Q9BZY9,TRIM31,None,2
Q9C005,DPY30,None,2
Q9C009,FOXQ1,DbTF,4
Q9C019,TRIM15,None,2
Q9C026,TRIM9,None,2
Q9C030,TRIM6,coTF,2
Q9C035,TRIM5,None,2
Q9C037,TRIM4,None,2
Q9C056,NKX6-2,DbTF,4
Q9C086,INO80B,None,2
Q9C0A1,ZFHX2,DbTF,4
Q9C0B0,UNK,None,2
Q9C0C6,CIPC,None,2
Q9C0C9,UBE2O,None,2
Q9C0D4,ZNF518B,Both,4
Q9C0F3,ZNF436,DbTF,7
Q9C0G0,ZNF407,None,2
Q9C0H6,KLHL4,None,2
Q9C0J9,BHLHE41,Both,4
Q9C0K0,BCL11B,DbTF,4
Q9C0K3,ACTR3C,None,2
Q9GZN1,ACTR6,None,2
Q9GZN2,TGIF2,DbTF,4
Q9GZQ3,COMMD5,None,2
Q9GZR2,REXO4,None,2
Q9GZS3,WDR61,None,2
Q9GZT8,NIF3L1,coTF,2
Q9GZT9,EGLN1,None,2
Q9GZU2,PEG3,DbTF,7
Q9GZU7,CTDSP1,None,2
Q9GZV1,ANKRD2,None,2
Q9GZV5,WWTR1,None,2
Q9GZV8,PRDM14,None,7
Q9GZW5,SCAND2P,DbTF,4
Q9GZX5,ZNF350,DbTF,4
Q9GZZ0,HOXD1,DbTF,4
Q9H000,MKRN2,None,2
Q9H009,"NACA2",None,2
Q9H015,SLC22A4,None,2
Q9H063,MAF1,None,2
Q9H0A0,"NAT10",None,2
Q9H0A8,COMMD4,None,2
Q9H0B3,IQCN,None,2
Q9H0C5,BTBD1,None,2
Q9H0D2,ZNF541,None,2
Q9H0D6,XRN2,None,2
Q9H0E3,SAP130,None,2
Q9H0E9,BRD8,None,2
Q9H0J9,PARP12,None,2
Q9H0M0,WWP1,None,2
Q9H0M5,ZNF700,DbTF,4
Q9H0N5,PCBD2,None,2
Q9H0W7,THAP2,None,2
Q9H116,GZF1,DbTF,8
Q9H147,DNTTIP1,None,2
Q9H161,ALX4,DbTF,4
Q9H165,BCL11A,Both,4
Q9H171,ZBP1,None,2
Q9H175,CSRNP2,DbTF,4
Q9H1B7,IRF2BPL,None,2
Q9H1D9,POLR3F,None,2
Q9H1E3,NUCKS1,coTF,2
Q9H1I8,ASCC2,None,2
Q9H1K0,RBSN,None,2
Q9H204,MED28,None,2
Q9H2A3,NEUROG2,DbTF,4
Q9H2C1,LHX5,DbTF,4
Q9H2D6,TRIOBP,None,2
Q9H2F5,EPC1,None,2
Q9H2G4,TSPYL2,coTF,2
Q9H2G9,BLZF1,None,2
Q9H2H0,CXXC4,None,2
Q9H2P0,ADNP,DbTF,4
Q9H2S9,IKZF4,DbTF,4
Q9H2U1,DHX36,coTF,2
Q9H2W2,MIXL1,DbTF,4
Q9H2X6,HIPK2,coTF,2
Q9H2Y7,ZNF106,None,2
Q9H2Z4,NKX2-4,DbTF,4
Q9H305,CDIP1,None,2
Q9H334,FOXP1,DbTF,4
Q9H3D4,TP63,Both,4
Q9H3H1,TRIT1,None,2
Q9H3H9,TCEAL2,None,2
Q9H3K6,"BOLA2,BOLA2B",None,2
Q9H3M7,TXNIP,None,2
Q9H3M9,ATXN3L,None,2
Q9H3P2,NELFA,None,2
Q9H3R0,KDM4C,coTF,2
Q9H3S1,SEMA4A,None,2
Q9H422,HIPK3,None,2
Q9H4B4,PLK3,coTF,2
Q9H4B6,SAV1,coTF,2
Q9H4I2,ZHX3,DbTF,4
Q9H4L7,SMARCAD1,coTF,2
Q9H4M7,PLEKHA4,None,2
Q9H4P4,RNF41,None,2
Q9H4Q3,PRDM13,None,2
Q9H4Q4,PRDM12,coTF,2
Q9H4R4,NCOR1P1,coTF,2
Q9H4S2,GSX1,DbTF,4
Q9H4T2,ZSCAN16,DbTF,5
Q9H4W6,EBF3,DbTF,5
Q9H4X1,RGCC,None,2
Q9H4Z2,ZNF335,None,2
Q9H501,ESF1,None,2
Q9H582,ZNF644,DbTF,5
Q9H583,HEATR1,None,2
Q9H5H4,ZNF768,DbTF,4
Q9H5I1,SUV39H2,None,2
Q9H5J0,ZBTB3,DbTF,5
Q9H5J8,TAF1D,None,2
Q9H5L6,THAP9,None,2
Q9H5Q4,TFB2M,coTF,2
Q9H5V7,IKZF5,DbTF,7
Q9H609,ZNF576,DbTF,4
Q9H6B1,ZNF385D,None,2
Q9H6E5,TUT1,None,2
Q9H6I2,SOX17,Both,4
Q9H6R0,DHX33,None,2
Q9H6U6,BCAS3,coTF,2
Q9H6W3,RIOX1,None,2
Q9H6Z9,EGLN3,None,2
Q9H707,ZNF552,DbTF,5
Q9H7B4,SMYD3,None,4
Q9H7E2,TDRD3,coTF,2
Q9H7L9,SUDS3,coTF,2
Q9H7R0,ZNF442,DbTF,4
Q9H7R5,ZNF665,DbTF,5
Q9H7S9,ZNF703,None,2
Q9H7X3,ZNF696,DbTF,4
Q9H7Z6,KAT8,coTF,2
Q9H808,TLE6,None,2
Q9H869,YY1AP1,coTF,2
Q9H898,ZMAT4,None,2
Q9H8G1,ZNF430,DbTF,8
Q9H8H0,NOL11,None,2
Q9H8M2,BRD9,coTF,2
Q9H8N7,ZNF395,DbTF,4
Q9H8U3,ZFAND3,None,2
Q9H8X9,ZDHHC11,None,2
Q9H8Y1,VRTN,None,2
Q9H8Y5,ANKZF1,None,2
Q9H930,SP140L,DbTF,4
Q9H944,MED20,None,2
Q9H963,ZNF702P,DbTF,2
Q9H981,ACTR8,None,2
Q9H9A5,CNOT10,None,2
Q9H9B1,EHMT1,coTF,2
Q9H9D4,ZNF408,DbTF,5
Q9H9E1,ANKRA2,coTF,2
Q9H9F9,ACTR5,None,2
Q9H9L4,KANSL2,None,2
Q9H9L7,AKIRIN1,coTF,2
Q9H9P5,UNKL,None,2
Q9H9S0,"NANOG",DbTF,4
Q9H9T3,ELP3,None,2
Q9H9Y6,POLR1B,None,2
Q9H9Z2,LIN28A,None,2
Q9HA38,ZMAT3,None,2
Q9HA82,CERS4,None,2
Q9HAF1,MEAF6,None,2
Q9HAH1,ZNF556,DbTF,7
Q9HAJ7,SAP30L,coTF,2
Q9HAK2,EBF2,Both,5
Q9HAP2,MLXIP,DbTF,4
Q9HAU4,SMURF2,coTF,2
Q9HAV4,XPO5,None,2
Q9HAV5,EDA2R,None,2
Q9HAW0,BRF2,None,2
Q9HAZ2,PRDM16,Both,6
Q9HB31,SEBOX,DbTF,2
Q9HB58,SP110,DbTF,4
Q9HB65,ELL3,None,2
Q9HB75,PIDD1,None,2
Q9HBD1,RC3H2,None,2
Q9HBE1,PATZ1,Both,4
Q9HBH7,BEX1,None,2
Q9HBM6,TAF9B,None,2
Q9HBT7,ZNF287,DbTF,5
Q9HBT8,ZNF286A,DbTF,5
Q9HBU1,BARX1,DbTF,4
Q9HBZ2,ARNT2,DbTF,4
Q9HC16,APOBEC3G,None,2
Q9HC29,NOD2,None,2
Q9HC44,GPBP1L1,None,2
Q9HC52,CBX8,None,2
Q9HC62,SENP2,None,2
Q9HC77,CENPJ,None,2
Q9HC78,ZBTB20,DbTF,4
Q9HCC6,HES4,Both,4
Q9HCD5,NCOA5,coTF,2
Q9HCE3,ZNF532,DbTF,2
Q9HCE7,SMURF1,None,2
Q9HCG1,ZNF160,DbTF,5
Q9HCK0,ZBTB26,DbTF,4
Q9HCK8,CHD8,coTF,2
Q9HCL3,ZFP14,DbTF,5
Q9HCM2,PLXNA4,None,2
Q9HCM3,KIAA1549,None,2
Q9HCM9,TRIM39,None,2
Q9HCS4,TCF7L1,Both,4
Q9HCU5,PREB,None,2
Q9HCU9,BRMS1,coTF,2
Q9HCX3,ZNF304,Both,5
Q9HCZ1,ZNF334,DbTF,5
Q9HD15,SRA1,None,2
Q9HD42,CHMP1A,None,2
Q9HD90,NEUROD4,DbTF,4
Q9NP08,HMX1,DbTF,4
Q9NP62,GCM1,Both,4
Q9NP66,HMG20A,coTF,2
Q9NP71,MLXIPL,Both,4
Q9NP77,SSU72,None,2
Q9NP87,POLM,None,2
Q9NPA8,ENY2,coTF,2
Q9NPC7,MYNN,DbTF,4
Q9NPC8,SIX2,Both,4
Q9NPF5,DMAP1,None,2
Q9NPG3,UBN1,None,2
Q9NPH3,IL1RAP,None,2
Q9NPI1,BRD7,coTF,2
Q9NPI6,DCP1A,None,2
Q9NPJ4,PNRC2,None,2
Q9NPJ6,MED4,coTF,2
Q9NPP4,NLRC4,None,2
Q9NQ03,SCRT2,DbTF,7
Q9NQ33,ASCL3,DbTF,4
Q9NQ35,NRIP3,None,2
Q9NQ48,LZTFL1,None,2
Q9NQ66,PLCB1,None,2
Q9NQ69,LHX9,DbTF,4
Q9NQ87,HEYL,Both,4
Q9NQ92,COPRS,coTF,2
Q9NQB0,TCF7L2,Both,4
Q9NQC1,JADE2,None,2
Q9NQC7,CYLD,None,2
Q9NQG5,RPRD1B,None,2
Q9NQL9,DMRT3,DbTF,5
Q9NQR1,KMT5A,coTF,2
Q9NQU5,PAK6,None,2
Q9NQV5,PRDM11,coTF,2
Q9NQV6,PRDM10,None,2
Q9NQV7,PRDM9,None,2
Q9NQV8,PRDM8,None,2
Q9NQW5,PRDM7,None,2
Q9NQX0,PRDM6,coTF,2
Q9NQX1,PRDM5,DbTF,4
Q9NQX6,ZNF331,DbTF,4
Q9NQZ8,ZNF71,DbTF,6
Q9NR11,ZNF302,DbTF,5
Q9NR22,PRMT8,None,2
Q9NR33,POLE4,None,2
Q9NR48,ASH1L,coTF,2
Q9NR55,BATF3,DbTF,4
Q9NR56,MBNL1,None,2
Q9NR64,KLHL1,None,2
Q9NR83,SLC2A4RG,DbTF,4
Q9NR96,TLR9,None,2
Q9NRC8,SIRT7,coTF,2
Q9NRE2,TSHZ2,DbTF,4
Q9NRF9,POLE3,None,2
Q9NRG0,CHRAC1,None,2
Q9NRG4,SMYD2,coTF,2
Q9NRJ4,TULP4,None,2
Q9NRL2,BAZ1A,None,2
Q9NRM2,ZNF277,None,2
Q9NRP7,STK36,coTF,2
Q9NRR1,CYTL1,None,2
Q9NRR4,DROSHA,coTF,2
Q9NRW4,DUSP22,None,2
Q9NRY4,ARHGAP35,None,2
Q9NRZ9,HELLS,coTF,2
Q9NS37,CREBZF,DbTF,4
Q9NS56,TOPORS,None,2
Q9NS61,KCNIP2,None,2
Q9NS86,LANCL2,None,2
Q9NS87,KIF15,None,2
Q9NSA3,CTNNBIP1,None,2
Q9NSC2,SALL1,DbTF,4
Q9NSD4,ZNF275,DbTF,5
Q9NSD9,FARSB,None,2
Q9NSI6,BRWD1,coTF,2
Q9NSU2,TREX1,None,2
Q9NT68,TENM2,None,2
Q9NTG7,SIRT3,None,2
Q9NTI5,PDS5B,None,2
Q9NTW7,ZFP64,None,2
Q9NU39,FOXD4L1,DbTF,4
Q9NU63,ZFP57,Both,7
Q9NUA8,ZBTB40,DbTF,5
Q9NUK0,MBNL3,None,2
Q9NUQ3,TXLNG,coTF,2
Q9NUW8,TDP1,None,2
Q9NUX5,POT1,None,2
Q9NV56,MRGBP,None,2
Q9NV72,ZNF701,DbTF,5
Q9NVC6,MED17,coTF,2
Q9NVD3,SETD4,None,2
Q9NVM4,PRMT7,coTF,2
Q9NVP2,ASF1B,coTF,2
Q9NVV9,THAP1,DbTF,4
Q9NVW2,RLIM,None,2
Q9NW07,ZNF358,DbTF,4
Q9NW64,RBM22,None,2
Q9NWA0,MED9,coTF,2
Q9NWB6,ARGLU1,None,2
Q9NWH9,SLTM,None,2
Q9NWS0,PIH1D1,coTF,2
Q9NWS9,ZNF446,DbTF,5
Q9NWT6,HIF1AN,None,2
Q9NWT8,AURKAIP1,None,2
Q9NX08,COMMD8,None,2
Q9NX24,NHP2,None,2
Q9NX45,SOHLH2,DbTF,4
Q9NX58,LYAR,None,2
Q9NX63,CHCHD3,None,2
Q9NX65,ZSCAN32,DbTF,5
Q9NX70,MED29,coTF,2
Q9NX78,TMEM260,None,2
Q9NXA8,SIRT5,None,2
Q9NXH9,TRMT1,None,2
Q9NXR8,ING3,None,2
Q9NXS3,KLHL28,None,2
Q9NXT0,ZNF586,DbTF,5
Q9NY43,BARHL2,DbTF,4
Q9NY61,AATF,None,2
Q9NYA1,SPHK1,None,2
Q9NYB0,TERF2IP,None,2
Q9NYD6,HOXC10,DbTF,4
Q9NYF0,DACT1,coTF,2
Q9NYF8,BCLAF1,coTF,2
Q9NYJ8,TAB2,None,2
Q9NYT0,PLEK2,None,2
Q9NYT6,ZNF226,DbTF,6
Q9NYV4,CDK12,None,2
Q9NYV6,RRN3,None,2
Q9NYW8,RBAK,DbTF,4
Q9NZ43,USE1,None,2
Q9NZC4,EHF,DbTF,4
Q9NZC7,WWOX,None,2
Q9NZC9,SMARCAL1,None,2
Q9NZI2,KCNIP1,None,2
Q9NZI5,GRHL1,DbTF,4
Q9NZI6,TFCP2L1,DbTF,4
Q9NZI7,UBP1,DbTF,4
Q9NZL3,ZNF224,DbTF,6
Q9NZM4,BICRA,None,2
Q9NZN8,CNOT2,coTF,2
Q9NZR4,VSX1,DbTF,4
Q9NZU5,LMCD1,None,2
Q9NZV7,ZIM2,DbTF,7
Q9P000,COMMD9,None,2
Q9P016,THYN1,None,2
Q9P031,CCDC59,None,2
Q9P086,MED11,coTF,2
Q9P0J0,NDUFA13,None,2
Q9P0J7,KCMF1,None,2
Q9P0K8,FOXJ2,DbTF,4
Q9P0L1,ZKSCAN7,DbTF,5
Q9P0M6,MACROH2A2,None,2
Q9P0T4,ZNF581,DbTF,4
Q9P0U3,SENP1,None,2
Q9P0U4,CXXC1,None,2
Q9P0W2,HMG20B,coTF,2
Q9P1U1,ACTR3B,None,2
Q9P1Y6,PHRF1,coTF,2
Q9P1Z0,ZBTB4,DbTF,8
Q9P1Z2,CALCOCO1,coTF,2
Q9P215,POGK,None,2
Q9P243,ZFAT,DbTF,8
Q9P255,ZNF492,DbTF,8
Q9P267,MBD5,coTF,2
Q9P281,BAHCC1,coTF,2
Q9P2D1,CHD7,coTF,2
Q9P2E3,ZNFX1,None,2
Q9P2F5,STOX2,DbTF,2
Q9P2F9,ZNF319,DbTF,6
Q9P2G3,KLHL14,None,2
Q9P2G9,KLHL8,None,2
Q9P2J8,ZNF624,DbTF,5
Q9P2K3,RCOR3,None,2
Q9P2K5,MYEF2,None,2
Q9P2K6,KLHL42,None,2
Q9P2K8,EIF2AK4,None,2
Q9P2K9,DISP3,None,2
Q9P2N5,RBM27,None,2
Q9P2N7,KLHL13,None,2
Q9P2R6,RERE,coTF,2
Q9P2W1,PSMC3IP,None,2
Q9P2Y4,ZNF219,DbTF,8
Q9P2Z0,THAP10,None,2
Q9UBB5,MBD2,coTF,2
Q9UBC0,ONECUT1,Both,4
Q9UBC1,NFKBIL1,None,2
Q9UBC3,DNMT3B,coTF,2
Q9UBD0,"HSFX1,HSFX2",DbTF,4
Q9UBE8,NLK,coTF,2
Q9UBG7,RBPJL,Both,4
Q9UBI1,COMMD3,None,2
Q9UBK2,PPARGC1A,coTF,2
Q9UBK9,UXT,coTF,2
Q9UBL3,ASH2L,None,2
Q9UBN7,HDAC6,coTF,2
Q9UBP5,HEY2,Both,4
Q9UBP9,GULP1,None,2
Q9UBQ5,EIF3K,None,2
Q9UBQ7,GRHPR,None,2
Q9UBR4,LHX3,DbTF,4
Q9UBS5,GABBR1,None,2
Q9UBS8,RNF14,None,2
Q9UBT6,POLK,None,2
Q9UBU8,MORF4L1,None,2
Q9UBW7,ZMYM2,None,2
Q9UBX0,HESX1,Both,4
Q9UBX2,DUX4,DbTF,4
Q9UBZ9,REV1,None,2
Q9UC06,ZNF70,DbTF,4
Q9UC07,ZNF69,DbTF,7
Q9UD57,NKX1-2,DbTF,4
Q9UDR5,AASS,coTF,2
Q9UDV6,ZNF212,DbTF,4
Q9UDV7,ZNF282,DbTF,7
Q9UDW3,ZMAT5,None,2
Q9UDY6,TRIM10,None,2
Q9UDY8,MALT1,None,2
Q9UEG4,ZNF629,DbTF,6
Q9UER7,DAXX,coTF,2
Q9UFB7,ZBTB47,DbTF,5
Q9UFF9,CNOT8,None,2
Q9UFW8,CGGBP1,None,2
Q9UGL1,KDM5B,coTF,2
Q9UGP4,LIMD1,None,2
Q9UGP5,POLL,None,2
Q9UGR2,ZC3H7B,None,2
Q9UGU0,TCF20,None,2
Q9UGU5,HMGXB4,None,2
Q9UH17,APOBEC3B,None,2
Q9UH73,EBF1,DbTF,5
Q9UH77,KLHL3,None,2
Q9UH92,MLX,Both,4
Q9UHA2,SS18L2,None,2
Q9UHB6,LIMA1,None,2
Q9UHB7,AFF4,None,2
Q9UHC7,MKRN1,None,2
Q9UHF7,TRPS1,DbTF,7
Q9UHI6,DDX20,None,2
Q9UHJ3,SFMBT1,coTF,2
Q9UHK0,NUFIP1,None,2
Q9UHL9,GTF2IRD1,DbTF,4
Q9UHR5,SAP30BP,None,2
Q9UHV2,SERTAD1,None,2
Q9UHV7,MED13,coTF,2
Q9UHX1,PUF60,None,2
Q9UI36,DACH1,DbTF,7
Q9UI95,MAD2L2,None,2
Q9UID6,ZNF639,DbTF,4
Q9UIE0,ZNF230,DbTF,5
Q9UIF8,BAZ2B,None,2
Q9UIF9,BAZ2A,coTF,2
Q9UIG0,BAZ1B,coTF,2
Q9UIH9,KLF15,DbTF,4
Q9UII5,ZNF107,DbTF,6
Q9UIL1,SCOC,None,2
Q9UIS9,MBD1,None,2
Q9UIU6,SIX4,DbTF,4
Q9UIV1,CNOT7,coTF,2
Q9UIW0,VAX2,DbTF,4
Q9UIW2,PLXNA1,None,2
Q9UJ78,ZMYM5,None,2
Q9UJD0,RIMS3,None,2
Q9UJL9,ZFP69B,DbTF,7
Q9UJN7,ZNF391,DbTF,7
Q9UJP4,KLHL21,None,2
Q9UJQ4,SALL4,Both,4
Q9UJU2,LEF1,Both,4
Q9UJU3,ZNF112,DbTF,6
Q9UJU5,FOXD3,DbTF,4
Q9UJV3,MID2,None,2
Q9UJV8,PURG,DbTF,4
Q9UJW3,DNMT3L,None,2
Q9UJW7,ZNF229,DbTF,6
Q9UJW8,ZNF180,DbTF,7
Q9UJW9,SERTAD3,None,2
Q9UJX6,ANAPC2,None,2
Q9UK10,ZNF225,DbTF,6
Q9UK11,ZNF223,DbTF,5
Q9UK12,ZNF222,DbTF,5
Q9UK13,ZNF221,DbTF,8
Q9UK33,ZNF580,DbTF,5
Q9UK39,NOCT,None,2
Q9UK53,ING1,None,2
Q9UK61,TASOR,coTF,2
Q9UK80,USP21,None,2
Q9UKB1,FBXW11,None,2
Q9UKD1,GMEB2,DbTF,4
Q9UKI9,POU2F3,DbTF,4
Q9UKJ3,GPATCH8,None,2
Q9UKK9,NUDT5,None,2
Q9UKL0,RCOR1,coTF,2
Q9UKL3,CASP8AP2,None,2
Q9UKM9,RALY,coTF,2
Q9UKN5,PRDM4,Both,5
Q9UKN8,GTF3C4,coTF,2
Q9UKS7,IKZF2,DbTF,4
Q9UKT4,FBXO5,None,2
Q9UKT9,IKZF3,Both,4
Q9UKV0,HDAC9,coTF,2
Q9UKV8,AGO2,None,2
Q9UKW6,ELF5,DbTF,4
Q9UKY1,ZHX1,DbTF,4
Q9UKZ1,CNOT11,None,2
Q9UKZ4,TENM1,None,2
Q9UL17,TBX21,DbTF,4
Q9UL18,AGO1,None,2
Q9UL36,ZNF236,DbTF,5
Q9UL40,ZNF346,None,2
Q9UL49,TCFL5,DbTF,4
Q9UL58,ZNF215,DbTF,5
Q9UL59,ZNF214,DbTF,4
Q9UL68,MYT1L,DbTF,4
Q9ULD4,BRPF3,coTF,2
Q9ULD5,ZNF777,DbTF,5
Q9ULD9,ZNF608,None,2
Q9ULF5,SLC39A10,None,2
Q9ULG1,INO80,coTF,2
Q9ULH7,MRTFB,None,2
Q9ULJ3,ZBTB21,DbTF,7
Q9ULJ6,ZMIZ1,coTF,2
Q9ULK4,MED23,None,2
Q9ULL4,PLXNB3,None,2
Q9ULL5,PRR12,None,2
Q9ULM2,ZNF490,DbTF,5
Q9ULM3,YEATS2,coTF,2
Q9ULM6,CNOT6,None,2
Q9ULU4,ZMYND8,None,2
Q9ULV1,FZD4,None,2
Q9ULV3,CIZ1,None,2
Q9ULV5,HSF4,DbTF,4
Q9ULW3,ABT1,None,2
Q9ULX5,RNF112,None,2
Q9ULX6,AKAP8L,coTF,2
Q9ULX9,MAFF,DbTF,4
Q9ULZ3,PYCARD,None,2
Q9UM07,PADI4,coTF,2
Q9UM47,NOTCH3,None,2
Q9UM54,MYO6,None,2
Q9UM63,PLAGL1,DbTF,4
Q9UM73,ALK,None,2
Q9UMN6,KMT2B,None,2
Q9UMQ3,BARX2,Both,4
Q9UMR3,TBX20,DbTF,4
Q9UMS5,PHTF1,None,2
Q9UMX1,SUFU,coTF,2
Q9UN30,SCML1,coTF,2
Q9UN79,SOX13,DbTF,4
Q9UNA4,POLI,None,2
Q9UNG2,TNFSF18,None,2
Q9UNH7,SNX6,None,2
Q9UNI6,DUSP12,None,2
Q9UNL4,ING4,None,2
Q9UNN4,GTF2A1L,None,2
Q9UNP9,PPIE,None,2
Q9UNQ0,ABCG2,None,2
Q9UNS1,TIMELESS,None,2
Q9UNS2,COPS3,None,2
Q9UNY4,TTF2,None,2
Q9UNY5,ZNF232,DbTF,4
Q9UP38,FZD1,None,2
Q9UPG8,PLAGL2,DbTF,4
Q9UPM6,LHX6,DbTF,4
Q9UPN3,MACF1,None,2
Q9UPN9,TRIM33,None,2
Q9UPP1,PHF8,coTF,2
Q9UPQ4,TRIM35,None,2
Q9UPR6,ZFR2,None,2
Q9UPS6,SETD1B,None,2
Q9UPT8,ZC3H4,None,2
Q9UPT9,USP22,None,2
Q9UPV9,TRAK1,None,2
Q9UPW0,FOXJ3,DbTF,4
Q9UPW6,SATB2,Both,4
Q9UQ80,PA2G4,None,2
Q9UQ84,EXO1,coTF,2
Q9UQ88,CDK11A,None,2
Q9UQB3,CTNND2,None,2
Q9UQE7,SMC3,coTF,2
Q9UQF2,MAPK8IP1,None,2
Q9UQL6,HDAC5,coTF,2
Q9UQM7,CAMK2A,None,2
Q9UQR0,SCML2,coTF,2
Q9UQR1,ZNF148,DbTF,4
Q9Y222,DMTF1,DbTF,4
Q9Y224,RTRAF,None,2
Q9Y225,RNF24,None,2
Q9Y230,RUVBL2,None,2
Q9Y232,CDYL,coTF,2
Q9Y239,NOD1,None,2
Q9Y242,TCF19,None,2
Q9Y250,LZTS1,None,2
Q9Y252,RNF6,None,2
Q9Y253,POLH,None,2
Q9Y261,FOXA2,Both,4
Q9Y265,RUVBL1,None,2
Q9Y272,RASD1,None,2
Q9Y285,FARSA,None,2
Q9Y294,ASF1A,coTF,2
Q9Y297,BTRC,None,2
Q9Y2A4,ZNF443,DbTF,4
Q9Y2B9,PKIG,None,2
Q9Y2C4,EXOG,None,2
Q9Y2D1,ATF5,Both,4
Q9Y2D9,ZNF652,DbTF,5
Q9Y2F5,ICE1,None,2
Q9Y2F9,BTBD3,None,2
Q9Y2G1,MYRF,DbTF,2
Q9Y2G7,ZFP30,DbTF,5
Q9Y2H8,ZNF510,DbTF,4
Q9Y2I7,PIKFYVE,None,2
Q9Y2J8,PADI2,coTF,2
Q9Y2K1,ZBTB1,DbTF,4
Q9Y2K7,KDM2A,coTF,2
Q9Y2L8,ZKSCAN5,DbTF,4
Q9Y2M0,FAN1,None,2
Q9Y2N7,HIF3A,DbTF,4
Q9Y2P0,ZNF835,DbTF,4
Q9Y2P7,ZNF256,DbTF,4
Q9Y2Q1,ZNF257,DbTF,8
Q9Y2T1,AXIN2,None,2
Q9Y2T7,YBX2,None,2
Q9Y2V2,CARHSP1,None,2
Q9Y2V3,RAX,DbTF,4
Q9Y2W1,THRAP3,coTF,2
Q9Y2W7,KCNIP3,DbTF,2
Q9Y2X0,MED16,None,2
Q9Y2X9,ZNF281,DbTF,4
Q9Y2Y0,ARL2BP,None,2
Q9Y2Y4,ZBTB32,DbTF,4
Q9Y2Y9,KLF13,DbTF,5
Q9Y330,ZBTB12,DbTF,4
Q9Y3C7,MED31,coTF,2
Q9Y3D2,MSRB2,None,2
Q9Y3E1,HDGFL3,coTF,2
Q9Y3E2,BOLA1,None,2
Q9Y3E7,CHMP3,None,2
Q9Y3F4,STRAP,None,2
Q9Y3L5,RAP2C,None,2
Q9Y3M2,CBY1,None,2
Q9Y3M9,ZNF337,DbTF,7
Q9Y3Q8,TSC22D4,None,2
Q9Y3R0,GRIP1,None,2
Q9Y3S2,ZNF330,None,2
Q9Y3T9,NOC2L,coTF,2
Q9Y3V2,RWDD3,None,2
Q9Y3Y2,CHTOP,None,2
Q9Y3Y4,PYGO1,None,2
Q9Y458,TBX22,DbTF,4
Q9Y462,ZNF711,DbTF,2
Q9Y463,DYRK1B,None,2
Q9Y466,NR2E1,Both,4
Q9Y467,SALL2,DbTF,5
Q9Y468,L3MBTL1,coTF,2
Q9Y473,ZNF175,DbTF,7
Q9Y483,MTF2,coTF,2
Q9Y4A0,JRKL,None,2
Q9Y4A5,TRRAP,coTF,2
Q9Y4A8,NFE2L3,DbTF,4
Q9Y4B6,DCAF1,None,2
Q9Y4C1,KDM3A,coTF,2
Q9Y4D7,PLXND1,None,2
Q9Y4E5,ZNF451,None,2
Q9Y4E8,USP15,coTF,2
Q9Y4I5,TESMIN,None,2
Q9Y4K0,LOXL2,None,2
Q9Y4K3,TRAF6,coTF,2
Q9Y4L5,RNF115,None,2
Q9Y4X4,KLF12,DbTF,4
Q9Y4Z2,NEUROG3,DbTF,4
Q9Y508,RNF114,None,2
Q9Y534,CSDC2,coTF,2
Q9Y543,HES2,Both,4
Q9Y572,RIPK3,None,2
Q9Y577,TRIM17,None,2
Q9Y5A6,ZSCAN21,DbTF,8
Q9Y5B0,CTDP1,None,2
Q9Y5B6,PAXBP1,coTF,2
Q9Y5B9,SUPT16H,None,2
Q9Y5J3,HEY1,Both,4
Q9Y5K5,UCHL5,None,2
Q9Y5P8,PPP2R3B,None,2
Q9Y5Q3,MAFB,Both,4
Q9Y5Q8,GTF3C5,None,2
Q9Y5Q9,GTF3C3,None,2
Q9Y5R5,DMRT2,DbTF,5
Q9Y5R6,DMRT1,Both,5
Q9Y5T5,USP16,coTF,2
Q9Y5V0,ZNF706,None,2
Q9Y5V3,MAGED1,None,2
Q9Y5W3,KLF2,DbTF,5
Q9Y5X4,NR2E3,DbTF,4
Q9Y5Z7,HCFC2,None,2
Q9Y603,ETV7,DbTF,7
Q9Y608,LRRFIP2,None,2
Q9Y613,FHOD1,None,2
Q9Y616,IRAK3,None,2
Q9Y618,NCOR2,coTF,2
Q9Y651,SOX21,DbTF,4
Q9Y675,SNURF,None,2
Q9Y692,GMEB1,DbTF,4
Q9Y6A4,CFAP20,None,2
Q9Y6B2,EID1,coTF,2
Q9Y6F7,"CDY2A,CDY2B",coTF,2
Q9Y6F8,"CDY1,CDY1B",coTF,2
Q9Y6G5,COMMD10,None,2
Q9Y6H1,CHCHD2,coTF,2
Q9Y6I4,USP3,coTF,2
Q9Y6J9,TAF6L,None,2
Q9Y6K1,DNMT3A,coTF,2
Q9Y6K9,IKBKG,None,2
Q9Y6Q2,STON1,None,2
Q9Y6Q3,ZFP37,DbTF,7
Q9Y6Q6,TNFRSF11A,None,2
Q9Y6Q9,NCOA3,coTF,2
Q9Y6R6,ZNF780B,DbTF,6
Q9Y6X0,SETBP1,None,2
Q9Y6X2,PIAS3,coTF,2
Q9Y6X8,ZHX2,DbTF,4
Q9Y6Y0,IVNS1ABP,None,2
Q9Y6Y1,CAMTA1,coTF,2
S0BDY6,Bach2,None,2
U3KQ54,PMF1-BGLAP,None,2
V9HW92,HEL-S-112,None,2
V9HWA7,HEL23,None,2
V9HWI2,HEL104,None,2
P0CJ85,DUX4L2,DbTF,4
P0CJ86,DUX4L3,DbTF,4
P0CJ87,DUX4L4,DbTF,4
P0CJ88,DUX4L5,DbTF,4
P0CJ89,DUX4L6,DbTF,4
P0CJ90,DUX4L7,DbTF,4
Q6RFH8,DUX4L9,DbTF,4
A0A1W2PQ73,ERFL,DbTF,4
A0A1W2PRP0,FOXL3,DbTF,4
A6NDR6,MEIS3P1,DbTF,4
A8K0S8,MEIS3P2,DbTF,4
P12525,MYCLP1,DbTF,4
Q8N7R0,"NANOGP1",DbTF,4
P52743,ZNF137P,DbTF,2
Q9NSJ1,ZNF355P,DbTF,5
Q4V348,ZNF658B,DbTF,6
A8MVS1,ZNF705F,DbTF,7
A8MTY0,ZNF724,DbTF,8
Q15940,ZNF726P1,DbTF,5
Q92670,ZNF75CP,DbTF,5
Q6ZRF7,ZNF818P,DbTF,5
Q6ZT77,ZNF826P,DbTF,8
Q6ZTB9,ZNF833P,DbTF,2
A6NDX5,ZNF840P,DbTF,6
O60384,ZNF861P,DbTF,2
A6NGD5,ZSCAN5C,DbTF,5
A0A1B0GTU1,ZC3H11B,None,2
A0A1B0GVX0,LITAFD,None,2
A6QL63,BTBD11,None,2
B2RPK0,HMGB1P1,None,2
P0CB48,UBTFL6,None,2
Q14602,ID2B,None,2
Q5VYS8,TUT7,None,2
Q8N3U4,STAG2,coTF,2
Q8WTZ3,NA,None,2
Q8WYA6,CTNNBL1,None,2
Q96L42,KCNH8,None,2
Q9BWX1,PHF7,None,2
Q9P1U0,POLR1H,None,2
